timestamp,temp_c,humidity,solar_irradiance,actual_demand_mw
2023-01-01 00:00:00,8.0,95,0.0,3553.686296358623
2023-01-01 01:00:00,8.0,95,0.0,3679.445507315936
2023-01-01 02:00:00,8.1,95,0.0,3581.5525268478623
2023-01-01 03:00:00,9.5,90,201.0,3515.4752462597776
2023-01-01 04:00:00,12.0,84,445.4,3397.8832107393323
2023-01-01 05:00:00,14.4,75,592.7,3074.9328477749236
2023-01-01 06:00:00,16.2,68,669.3,3479.720294659755
2023-01-01 07:00:00,17.3,63,698.3,3594.8038836341693
2023-01-01 08:00:00,18.0,60,694.2,3985.6889688086508
2023-01-01 09:00:00,18.3,56,654.4,3866.1076527999167
2023-01-01 10:00:00,18.2,55,551.4,4077.026542858521
2023-01-01 11:00:00,17.4,62,339.7,4223.210145703751
2023-01-01 12:00:00,16.8,63,147.6,4128.9033053557105
2023-01-01 13:00:00,15.8,67,0.0,4066.8895094378922
2023-01-01 14:00:00,14.9,71,0.0,4172.811072889013
2023-01-01 15:00:00,12.0,82,0.0,4290.142518348896
2023-01-01 16:00:00,10.6,85,0.0,4479.291094154605
2023-01-01 17:00:00,10.8,82,0.0,4245.423431855478
2023-01-01 18:00:00,11.2,78,0.0,3716.139627362214
2023-01-01 19:00:00,9.3,86,0.0,4011.0155936372234
2023-01-01 20:00:00,8.6,90,0.0,3891.1841809692314
2023-01-01 21:00:00,8.1,92,0.0,3561.111227702736
2023-01-01 22:00:00,7.3,95,0.0,3816.8551203071065
2023-01-01 23:00:00,8.9,92,0.0,3419.160897455614
2023-01-02 00:00:00,6.5,95,0.0,3795.177675259075
2023-01-02 01:00:00,6.7,95,0.0,4078.465786016227
2023-01-02 02:00:00,6.3,95,0.0,4035.1107697387542
2023-01-02 03:00:00,8.8,91,215.8,3525.098125939893
2023-01-02 04:00:00,12.1,83,414.4,3655.8296186095795
2023-01-02 05:00:00,15.0,73,635.7,3371.715892663552
2023-01-02 06:00:00,16.6,65,702.3,3488.0159102252646
2023-01-02 07:00:00,17.5,58,707.0,3883.5614465316107
2023-01-02 08:00:00,18.0,55,700.8,3859.816440131598
2023-01-02 09:00:00,18.2,53,665.0,4134.227941679628
2023-01-02 10:00:00,17.9,53,582.7,4241.499210409759
2023-01-02 11:00:00,17.0,59,426.4,4293.671652560922
2023-01-02 12:00:00,15.2,68,178.6,4316.99756945906
2023-01-02 13:00:00,14.1,73,0.0,4242.646814840724
2023-01-02 14:00:00,13.3,76,0.0,4366.183557768638
2023-01-02 15:00:00,12.8,77,0.0,4378.81377589064
2023-01-02 16:00:00,12.4,79,0.0,4179.413521443071
2023-01-02 17:00:00,12.2,80,0.0,3880.3725661212393
2023-01-02 18:00:00,11.7,82,0.0,3830.0699270159375
2023-01-02 19:00:00,11.0,86,0.0,3834.8429956401606
2023-01-02 20:00:00,10.4,90,0.0,3734.5137332217487
2023-01-02 21:00:00,9.5,93,0.0,3317.8782233087413
2023-01-02 22:00:00,8.5,98,0.0,3564.8972049541744
2023-01-02 23:00:00,7.8,99,0.0,3711.601014970385
2023-01-03 00:00:00,6.0,98,0.0,4183.2807879522525
2023-01-03 01:00:00,6.5,99,0.0,3944.7250557217194
2023-01-03 02:00:00,6.7,99,0.0,3808.185442505422
2023-01-03 03:00:00,7.8,96,14.4,3889.6762080582835
2023-01-03 04:00:00,9.7,93,56.5,3959.955358478852
2023-01-03 05:00:00,11.1,92,122.8,3621.37131934753
2023-01-03 06:00:00,13.6,78,395.8,3300.6720158647026
2023-01-03 07:00:00,15.3,67,681.4,3948.470217311783
2023-01-03 08:00:00,16.2,62,700.7,3835.1380216351777
2023-01-03 09:00:00,16.6,59,666.3,3975.872238413826
2023-01-03 10:00:00,16.5,57,584.3,4224.2395098427205
2023-01-03 11:00:00,15.8,61,433.2,4378.74464373867
2023-01-03 12:00:00,11.9,81,184.8,4775.773489147838
2023-01-03 13:00:00,10.7,87,0.0,4455.785514918927
2023-01-03 14:00:00,10.0,88,0.0,4971.041189110001
2023-01-03 15:00:00,9.6,88,0.0,4698.419521038055
2023-01-03 16:00:00,8.9,90,0.0,4654.382992622508
2023-01-03 17:00:00,8.2,93,0.0,4448.054986912251
2023-01-03 18:00:00,7.6,95,0.0,4526.365677238279
2023-01-03 19:00:00,7.3,96,0.0,4373.673157545922
2023-01-03 20:00:00,7.3,96,0.0,4257.76473340752
2023-01-03 21:00:00,7.1,97,0.0,4144.764628502933
2023-01-03 22:00:00,6.8,97,0.0,4116.961550770448
2023-01-03 23:00:00,6.6,98,0.0,4264.46990266698
2023-01-04 00:00:00,5.4,99,0.0,4207.087260370952
2023-01-04 01:00:00,5.7,99,0.0,4113.997655734498
2023-01-04 02:00:00,5.9,99,0.0,3877.8399580265555
2023-01-04 03:00:00,7.1,96,108.2,4071.251785535707
2023-01-04 04:00:00,9.1,90,179.1,3526.10594154901
2023-01-04 05:00:00,11.3,83,389.6,3766.016304133463
2023-01-04 06:00:00,13.2,76,661.7,3493.1047543250434
2023-01-04 07:00:00,14.8,70,704.3,3557.7611580925536
2023-01-04 08:00:00,15.8,65,715.1,3744.899429662174
2023-01-04 09:00:00,16.4,63,680.1,4272.261712827809
2023-01-04 10:00:00,16.5,62,599.3,4215.644022212054
2023-01-04 11:00:00,15.9,65,443.1,4381.037433652725
2023-01-04 12:00:00,11.1,87,198.7,4649.998085874271
2023-01-04 13:00:00,10.0,90,0.0,4922.236313196084
2023-01-04 14:00:00,9.5,91,0.0,4923.414387642393
2023-01-04 15:00:00,8.5,93,0.0,4890.724687050799
2023-01-04 16:00:00,7.6,95,0.0,4785.450843222396
2023-01-04 17:00:00,6.7,97,0.0,4804.056184809381
2023-01-04 18:00:00,7.1,97,0.0,4940.517463648932
2023-01-04 19:00:00,6.4,98,0.0,4579.397314084198
2023-01-04 20:00:00,5.8,99,0.0,4262.49998705637
2023-01-04 21:00:00,6.0,99,0.0,4193.388598831232
2023-01-04 22:00:00,5.9,99,0.0,4087.56754762039
2023-01-04 23:00:00,5.7,100,0.0,4001.624265437845
2023-01-05 00:00:00,5.4,99,0.0,4025.3973928989503
2023-01-05 01:00:00,5.7,98,0.0,3937.8373702056706
2023-01-05 02:00:00,5.8,99,0.0,4010.7687827746345
2023-01-05 03:00:00,6.5,98,21.7,4292.387695719134
2023-01-05 04:00:00,7.8,97,44.0,3946.640766076267
2023-01-05 05:00:00,9.1,95,49.5,4257.210174872235
2023-01-05 06:00:00,11.4,83,105.7,3808.8382576670897
2023-01-05 07:00:00,13.3,76,593.0,3752.600300939707
2023-01-05 08:00:00,14.6,68,664.4,4053.981560446397
2023-01-05 09:00:00,15.4,64,650.7,4407.894848798409
2023-01-05 10:00:00,15.4,64,607.2,4006.350497455383
2023-01-05 11:00:00,14.9,67,456.2,4077.2600844676335
2023-01-05 12:00:00,10.8,84,204.5,4662.213400675623
2023-01-05 13:00:00,9.8,86,0.0,4901.002280218396
2023-01-05 14:00:00,8.7,90,0.0,4599.244300116206
2023-01-05 15:00:00,8.7,92,0.0,4780.491821069583
2023-01-05 16:00:00,8.4,93,0.0,4590.918773258945
2023-01-05 17:00:00,6.9,96,0.0,4898.398172233957
2023-01-05 18:00:00,5.6,97,0.0,4726.8391366473725
2023-01-05 19:00:00,4.9,99,0.0,4845.8280638227925
2023-01-05 20:00:00,4.8,100,0.0,4506.890919820889
2023-01-05 21:00:00,4.9,99,0.0,4704.493718672194
2023-01-05 22:00:00,5.0,99,0.0,4450.28333429127
2023-01-05 23:00:00,5.0,99,0.0,4077.8697383712556
2023-01-06 00:00:00,6.4,97,0.0,3909.2739612909336
2023-01-06 01:00:00,6.9,97,0.0,3817.6070679193795
2023-01-06 02:00:00,7.1,93,0.0,3968.8644884951946
2023-01-06 03:00:00,7.4,91,14.4,4134.883162193034
2023-01-06 04:00:00,7.9,86,34.6,3870.276739899812
2023-01-06 05:00:00,9.3,80,221.3,4026.4135743043357
2023-01-06 06:00:00,10.6,76,311.4,3957.9860611004647
2023-01-06 07:00:00,12.1,73,552.9,3927.343441581843
2023-01-06 08:00:00,13.1,71,604.1,4134.6467624781935
2023-01-06 09:00:00,13.9,67,608.9,4404.570303590328
2023-01-06 10:00:00,14.1,66,530.9,4111.629359353963
2023-01-06 11:00:00,13.6,67,352.5,4356.872113136022
2023-01-06 12:00:00,10.6,82,62.2,4919.047018073213
2023-01-06 13:00:00,8.3,90,0.0,5115.179691448856
2023-01-06 14:00:00,8.4,91,0.0,5073.4321983673735
2023-01-06 15:00:00,8.0,91,0.0,4721.823815954628
2023-01-06 16:00:00,6.1,94,0.0,5074.771069364661
2023-01-06 17:00:00,6.1,95,0.0,4981.210972425043
2023-01-06 18:00:00,5.3,96,0.0,4776.854855020902
2023-01-06 19:00:00,4.6,98,0.0,4623.129426758648
2023-01-06 20:00:00,4.0,99,0.0,4675.8029812800805
2023-01-06 21:00:00,4.4,99,0.0,4567.795981598707
2023-01-06 22:00:00,4.5,99,0.0,4505.023726970224
2023-01-06 23:00:00,4.3,100,0.0,4434.429939044064
2023-01-07 00:00:00,3.8,99,0.0,4165.437568288453
2023-01-07 01:00:00,4.7,97,0.0,4391.469513460191
2023-01-07 02:00:00,5.4,96,0.0,4126.784857662267
2023-01-07 03:00:00,5.9,97,21.7,4121.666476391122
2023-01-07 04:00:00,6.9,93,56.5,4208.30098090351
2023-01-07 05:00:00,8.8,85,115.9,4025.534489743438
2023-01-07 06:00:00,10.8,79,430.2,3911.4326376104304
2023-01-07 07:00:00,12.6,73,632.0,4039.9452733490602
2023-01-07 08:00:00,14.2,67,697.5,4012.15849450522
2023-01-07 09:00:00,15.1,64,677.6,4062.8712103136554
2023-01-07 10:00:00,15.3,63,600.6,4246.248121009122
2023-01-07 11:00:00,14.7,67,451.5,4228.149473735008
2023-01-07 12:00:00,10.1,85,207.8,4791.783557579824
2023-01-07 13:00:00,8.9,87,0.0,5245.957055186767
2023-01-07 14:00:00,8.6,88,0.0,4994.3683340391835
2023-01-07 15:00:00,8.3,88,0.0,4982.5358774265505
2023-01-07 16:00:00,7.9,89,0.0,5076.0768293382225
2023-01-07 17:00:00,7.4,92,0.0,4532.913839418229
2023-01-07 18:00:00,6.8,94,0.0,4628.645756390518
2023-01-07 19:00:00,6.4,95,0.0,4491.570956658086
2023-01-07 20:00:00,6.0,97,0.0,4412.84216387507
2023-01-07 21:00:00,5.8,97,0.0,4177.892416111746
2023-01-07 22:00:00,5.8,97,0.0,4280.748468520887
2023-01-07 23:00:00,5.8,98,0.0,4042.961301739195
2023-01-08 00:00:00,5.7,99,0.0,3986.76681285238
2023-01-08 01:00:00,6.0,100,0.0,4188.610174717176
2023-01-08 02:00:00,6.5,99,0.0,3999.5297637161243
2023-01-08 03:00:00,7.1,99,14.4,3865.247683722629
2023-01-08 04:00:00,8.2,97,47.1,3845.3255297827586
2023-01-08 05:00:00,10.0,89,87.8,3602.0465819137926
2023-01-08 06:00:00,12.4,80,399.5,3967.381231645751
2023-01-08 07:00:00,14.4,74,640.0,3842.0015502871383
2023-01-08 08:00:00,15.9,69,682.4,4122.331203455798
2023-01-08 09:00:00,16.8,66,678.3,4190.038482032145
2023-01-08 10:00:00,17.1,64,601.6,4213.73704392699
2023-01-08 11:00:00,16.5,69,444.2,4487.263478821692
2023-01-08 12:00:00,11.8,88,213.1,4410.444810289331
2023-01-08 13:00:00,10.7,88,0.0,4686.276920922176
2023-01-08 14:00:00,11.1,86,0.0,4436.135815859499
2023-01-08 15:00:00,9.4,91,0.0,4936.78669894557
2023-01-08 16:00:00,11.2,88,0.0,4165.787325375557
2023-01-08 17:00:00,11.1,88,0.0,3944.019849599592
2023-01-08 18:00:00,11.2,87,0.0,3734.487182800014
2023-01-08 19:00:00,10.8,87,0.0,3781.5936104117727
2023-01-08 20:00:00,8.2,93,0.0,3957.0334818005895
2023-01-08 21:00:00,6.0,99,0.0,4177.617553236698
2023-01-08 22:00:00,5.7,100,0.0,4192.877778513654
2023-01-08 23:00:00,6.6,100,0.0,4081.314260980096
2023-01-09 00:00:00,6.6,99,0.0,3921.5647643947827
2023-01-09 01:00:00,6.6,99,0.0,3853.9196225419746
2023-01-09 02:00:00,6.6,98,0.0,3483.5782005407577
2023-01-09 03:00:00,7.4,98,0.0,4074.499228833283
2023-01-09 04:00:00,8.7,96,31.3,3729.8341912640435
2023-01-09 05:00:00,10.7,91,57.8,3601.3369725442963
2023-01-09 06:00:00,12.6,88,164.4,3906.616605416483
2023-01-09 07:00:00,15.3,78,561.5,3708.3269242705237
2023-01-09 08:00:00,16.8,70,542.2,3860.4901815805997
2023-01-09 09:00:00,17.2,66,269.8,4172.382207563887
2023-01-09 10:00:00,17.4,65,211.0,4220.205625133356
2023-01-09 11:00:00,16.9,70,110.1,4458.637403687865
2023-01-09 12:00:00,13.8,86,30.1,4347.135979109312
2023-01-09 13:00:00,13.4,85,0.0,4507.029993018675
2023-01-09 14:00:00,13.0,87,0.0,4330.041313463848
2023-01-09 15:00:00,12.2,89,0.0,4174.645228232562
2023-01-09 16:00:00,12.5,89,0.0,4208.131239568324
2023-01-09 17:00:00,10.5,95,0.0,4408.386634097284
2023-01-09 18:00:00,10.5,95,0.0,4160.7650099273615
2023-01-09 19:00:00,9.6,96,0.0,3763.7585773670853
2023-01-09 20:00:00,9.4,97,0.0,3756.4649241117936
2023-01-09 21:00:00,9.4,97,0.0,3655.8711128170835
2023-01-09 22:00:00,9.5,97,0.0,3093.318676288405
2023-01-09 23:00:00,8.8,98,0.0,3356.257199980182
2023-01-10 00:00:00,7.5,99,0.0,3790.5087840690085
2023-01-10 01:00:00,7.6,99,0.0,3826.6532140744735
2023-01-10 02:00:00,7.6,98,0.0,4028.272645510659
2023-01-10 03:00:00,8.3,96,14.4,3701.584659321959
2023-01-10 04:00:00,9.2,95,40.7,3724.7163434297595
2023-01-10 05:00:00,10.7,95,34.2,3801.9998939230013
2023-01-10 06:00:00,12.9,88,106.4,3681.7513505436236
2023-01-10 07:00:00,15.5,78,561.5,3847.743026733104
2023-01-10 08:00:00,17.2,71,684.2,3976.7296400848863
2023-01-10 09:00:00,18.1,67,677.8,4230.768419031052
2023-01-10 10:00:00,18.4,66,603.3,4464.103529001155
2023-01-10 11:00:00,17.8,69,458.7,4337.921284013675
2023-01-10 12:00:00,14.0,85,223.2,4217.362415953019
2023-01-10 13:00:00,12.1,89,0.0,4649.240233330908
2023-01-10 14:00:00,11.4,91,0.0,4553.304957239842
2023-01-10 15:00:00,11.3,91,0.0,4415.138176789749
2023-01-10 16:00:00,10.7,92,0.0,4382.876267754258
2023-01-10 17:00:00,10.4,93,0.0,4067.4811618274084
2023-01-10 18:00:00,9.9,95,0.0,4138.047396555804
2023-01-10 19:00:00,9.5,96,0.0,4095.7839592696573
2023-01-10 20:00:00,8.8,97,0.0,3925.208297719782
2023-01-10 21:00:00,8.7,97,0.0,3606.0095103175195
2023-01-10 22:00:00,8.4,98,0.0,3376.272533773265
2023-01-10 23:00:00,8.4,99,0.0,3531.5362130950657
2023-01-11 00:00:00,7.6,99,0.0,3643.91195937484
2023-01-11 01:00:00,7.7,100,0.0,3770.0549170272925
2023-01-11 02:00:00,8.0,99,0.0,3701.769845876912
2023-01-11 03:00:00,8.6,98,28.8,3684.202492308808
2023-01-11 04:00:00,9.5,97,34.4,3681.7872680425858
2023-01-11 05:00:00,11.6,90,102.3,3807.281365019152
2023-01-11 06:00:00,14.3,82,384.6,3650.720194861308
2023-01-11 07:00:00,16.7,71,620.3,3530.6449921278077
2023-01-11 08:00:00,18.4,61,673.8,4076.597104479499
2023-01-11 09:00:00,19.4,56,611.8,4177.426400038007
2023-01-11 10:00:00,19.7,54,438.5,3970.66213020194
2023-01-11 11:00:00,18.9,64,311.5,4337.536405099818
2023-01-11 12:00:00,14.8,76,198.6,4015.18875018214
2023-01-11 13:00:00,13.6,81,0.0,4390.506902050341
2023-01-11 14:00:00,12.8,85,0.0,4447.57961072824
2023-01-11 15:00:00,12.3,87,0.0,4083.3643211782373
2023-01-11 16:00:00,11.7,90,0.0,4276.742864604906
2023-01-11 17:00:00,11.4,93,0.0,4002.1450824697836
2023-01-11 18:00:00,11.5,93,0.0,3759.5986298963508
2023-01-11 19:00:00,12.0,89,0.0,3688.240605916063
2023-01-11 20:00:00,11.3,92,0.0,3597.6829691686567
2023-01-11 21:00:00,11.0,91,0.0,3296.6002294904742
2023-01-11 22:00:00,11.2,88,0.0,3249.606167325636
2023-01-11 23:00:00,11.3,87,0.0,3002.057580007027
2023-01-12 00:00:00,10.5,91,0.0,3217.7473446701397
2023-01-12 01:00:00,10.2,91,0.0,3175.78077987266
2023-01-12 02:00:00,9.8,92,0.0,3478.048020306732
2023-01-12 03:00:00,11.5,85,186.8,3057.0420947828484
2023-01-12 04:00:00,14.1,77,368.0,3384.733811732568
2023-01-12 05:00:00,16.4,69,399.6,3345.6621927732585
2023-01-12 06:00:00,18.2,63,623.1,3599.940202150599
2023-01-12 07:00:00,19.1,63,585.1,3556.369323788597
2023-01-12 08:00:00,19.7,64,638.0,3860.8550938076637
2023-01-12 09:00:00,20.1,64,565.5,4106.093466840887
2023-01-12 10:00:00,19.8,65,470.0,3984.224603269627
2023-01-12 11:00:00,19.0,67,314.9,4248.765634517832
2023-01-12 12:00:00,17.0,77,130.9,4301.250958617323
2023-01-12 13:00:00,15.9,81,0.0,4294.8042181230285
2023-01-12 14:00:00,15.1,85,0.0,4250.42988751577
2023-01-12 15:00:00,14.5,87,0.0,4044.3201292646518
2023-01-12 16:00:00,13.9,89,0.0,4015.960895413448
2023-01-12 17:00:00,13.1,92,0.0,3916.2093190737264
2023-01-12 18:00:00,12.6,92,0.0,3488.921868222671
2023-01-12 19:00:00,12.0,92,0.0,3368.9841866279944
2023-01-12 20:00:00,11.6,92,0.0,3327.7272256008655
2023-01-12 21:00:00,11.3,92,0.0,3510.6050357994222
2023-01-12 22:00:00,10.8,94,0.0,3436.080485862254
2023-01-12 23:00:00,10.6,94,0.0,2944.1046276483366
2023-01-13 00:00:00,11.1,94,0.0,3200.414991072555
2023-01-13 01:00:00,11.5,92,0.0,3035.7942267993135
2023-01-13 02:00:00,11.3,90,0.0,3190.445490123931
2023-01-13 03:00:00,12.3,87,150.6,3166.829555108782
2023-01-13 04:00:00,13.9,84,276.9,3229.9408802542666
2023-01-13 05:00:00,15.4,80,305.3,3355.4820604903502
2023-01-13 06:00:00,16.5,78,436.2,3628.3577064750193
2023-01-13 07:00:00,16.9,81,366.7,3671.6899645216554
2023-01-13 08:00:00,17.2,78,309.9,4043.641675677533
2023-01-13 09:00:00,17.9,74,346.4,3955.8988783995114
2023-01-13 10:00:00,18.6,72,420.4,4281.204236320923
2023-01-13 11:00:00,18.4,73,390.0,4261.313639461444
2023-01-13 12:00:00,16.7,83,187.0,4311.021789197529
2023-01-13 13:00:00,14.6,91,0.0,4365.09772015325
2023-01-13 14:00:00,14.4,93,0.0,4080.5345730887375
2023-01-13 15:00:00,13.4,94,0.0,4148.831790376223
2023-01-13 16:00:00,13.0,94,0.0,4046.757037570137
2023-01-13 17:00:00,12.9,94,0.0,3648.5704032369763
2023-01-13 18:00:00,12.5,96,0.0,3672.8322931883995
2023-01-13 19:00:00,12.2,97,0.0,3507.241914147442
2023-01-13 20:00:00,11.7,98,0.0,3463.234974417613
2023-01-13 21:00:00,11.3,98,0.0,3102.284062809305
2023-01-13 22:00:00,11.1,98,0.0,3150.04615016595
2023-01-13 23:00:00,10.9,99,0.0,3028.132740267549
2023-01-14 00:00:00,10.4,98,0.0,3339.668296392163
2023-01-14 01:00:00,10.3,98,0.0,3191.532435925003
2023-01-14 02:00:00,10.4,96,0.0,3486.4799744893
2023-01-14 03:00:00,10.7,92,114.4,3585.9879131723746
2023-01-14 04:00:00,11.7,84,270.0,3406.176800045038
2023-01-14 05:00:00,13.1,75,566.8,3803.599580734226
2023-01-14 06:00:00,14.6,69,723.1,3507.0649507667727
2023-01-14 07:00:00,15.9,61,734.1,3576.7814338052012
2023-01-14 08:00:00,16.7,53,740.2,3830.279681562305
2023-01-14 09:00:00,17.0,48,710.2,4030.8415532589443
2023-01-14 10:00:00,16.7,46,639.4,4553.8226253859475
2023-01-14 11:00:00,15.8,49,497.7,4261.092895167744
2023-01-14 12:00:00,13.3,59,263.2,4610.239376518576
2023-01-14 13:00:00,11.6,63,0.0,4671.610146812742
2023-01-14 14:00:00,10.6,63,0.0,5072.6685065183265
2023-01-14 15:00:00,9.6,62,0.0,4695.503646760839
2023-01-14 16:00:00,8.9,66,0.0,4574.695922665927
2023-01-14 17:00:00,8.4,70,0.0,4453.921261881029
2023-01-14 18:00:00,8.0,74,0.0,4464.067701752354
2023-01-14 19:00:00,7.5,79,0.0,4493.883462005875
2023-01-14 20:00:00,7.0,84,0.0,4570.834229733529
2023-01-14 21:00:00,6.6,87,0.0,4032.6113450564103
2023-01-14 22:00:00,6.3,89,0.0,4124.38395260537
2023-01-14 23:00:00,6.1,90,0.0,3840.648403280715
2023-01-15 00:00:00,6.0,84,0.0,3915.0103869817935
2023-01-15 01:00:00,5.7,81,0.0,4009.8440086782166
2023-01-15 02:00:00,5.5,80,0.0,4129.228727987891
2023-01-15 03:00:00,6.8,77,271.0,4206.717156769414
2023-01-15 04:00:00,8.9,69,513.7,3530.423384801526
2023-01-15 05:00:00,11.2,59,660.0,3391.8109913092526
2023-01-15 06:00:00,13.1,51,738.1,4008.628195942436
2023-01-15 07:00:00,14.5,43,770.9,3669.428933817686
2023-01-15 08:00:00,15.1,40,770.2,3888.1029606963057
2023-01-15 09:00:00,15.3,40,737.7,4373.096928550237
2023-01-15 10:00:00,15.1,39,660.7,4144.512820756437
2023-01-15 11:00:00,14.5,41,517.6,4473.340781640374
2023-01-15 12:00:00,11.6,53,281.3,4644.266066048598
2023-01-15 13:00:00,9.7,61,0.0,4946.5423793610835
2023-01-15 14:00:00,9.0,64,0.0,4783.583691568408
2023-01-15 15:00:00,8.3,66,0.0,4656.796257731617
2023-01-15 16:00:00,7.9,67,0.0,4846.990256330936
2023-01-15 17:00:00,7.4,65,0.0,4959.097360099367
2023-01-15 18:00:00,6.9,65,0.0,4498.396954381217
2023-01-15 19:00:00,6.3,66,0.0,4488.8315432390045
2023-01-15 20:00:00,5.7,68,0.0,4094.002351924781
2023-01-15 21:00:00,5.1,71,0.0,4533.377436962621
2023-01-15 22:00:00,4.7,73,0.0,4352.804032310378
2023-01-15 23:00:00,4.2,75,0.0,4387.547093666222
2023-01-16 00:00:00,4.2,79,0.0,4369.772350747642
2023-01-16 01:00:00,3.9,80,0.0,4564.8566342333725
2023-01-16 02:00:00,3.7,80,0.0,4439.70038228759
2023-01-16 03:00:00,5.7,73,263.0,4259.657095254168
2023-01-16 04:00:00,8.5,66,505.9,4006.949354324876
2023-01-16 05:00:00,11.0,59,651.7,3266.2459956789057
2023-01-16 06:00:00,13.1,53,727.1,3776.121875194311
2023-01-16 07:00:00,14.6,47,760.3,3662.6797382174555
2023-01-16 08:00:00,15.3,44,760.9,3935.4479076687626
2023-01-16 09:00:00,15.5,43,727.3,4004.167416830969
2023-01-16 10:00:00,15.4,44,652.4,4018.97425380236
2023-01-16 11:00:00,14.8,47,512.9,4201.135105491472
2023-01-16 12:00:00,12.2,59,275.6,4484.275639546026
2023-01-16 13:00:00,10.7,63,0.0,4777.207416640828
2023-01-16 14:00:00,9.9,64,0.0,4969.180063269364
2023-01-16 15:00:00,9.2,65,0.0,4925.696828279491
2023-01-16 16:00:00,8.5,67,0.0,4515.359917452294
2023-01-16 17:00:00,7.8,67,0.0,4752.816234613335
2023-01-16 18:00:00,6.8,71,0.0,4509.882087552454
2023-01-16 19:00:00,6.0,74,0.0,4674.701496093605
2023-01-16 20:00:00,5.7,75,0.0,4543.568909448556
2023-01-16 21:00:00,5.1,76,0.0,4179.807165679123
2023-01-16 22:00:00,4.6,79,0.0,4694.6419193434085
2023-01-16 23:00:00,4.2,80,0.0,4574.567919144161
2023-01-17 00:00:00,4.0,84,0.0,4245.473835919051
2023-01-17 01:00:00,3.8,85,0.0,4624.664317096855
2023-01-17 02:00:00,3.6,86,0.0,4657.142692624496
2023-01-17 03:00:00,5.6,78,276.3,4184.392776083273
2023-01-17 04:00:00,8.6,69,516.4,3920.0769766237786
2023-01-17 05:00:00,11.3,61,660.1,3881.8639916060424
2023-01-17 06:00:00,13.6,52,735.0,3465.392291355708
2023-01-17 07:00:00,15.1,45,766.9,3745.930111802344
2023-01-17 08:00:00,16.0,40,767.1,3816.8772927319496
2023-01-17 09:00:00,16.4,37,734.0,3957.2128240652737
2023-01-17 10:00:00,16.2,36,660.8,4188.193794593582
2023-01-17 11:00:00,15.5,39,517.3,4375.849175348471
2023-01-17 12:00:00,12.6,51,283.6,4338.694221929586
2023-01-17 13:00:00,11.0,56,0.0,4587.3974118005335
2023-01-17 14:00:00,9.5,60,0.0,4911.91470536828
2023-01-17 15:00:00,8.3,65,0.0,4649.399200365389
2023-01-17 16:00:00,7.2,69,0.0,5140.3095975214155
2023-01-17 17:00:00,6.4,70,0.0,5142.9815633467715
2023-01-17 18:00:00,5.7,73,0.0,4714.162873955908
2023-01-17 19:00:00,5.0,76,0.0,4878.461786797106
2023-01-17 20:00:00,4.6,77,0.0,4704.9256744864415
2023-01-17 21:00:00,4.3,79,0.0,4581.838877599333
2023-01-17 22:00:00,3.8,81,0.0,4655.1304239625415
2023-01-17 23:00:00,3.6,81,0.0,4585.504653766291
2023-01-18 00:00:00,3.6,85,0.0,4422.754050332979
2023-01-18 01:00:00,3.2,86,0.0,4552.656002086843
2023-01-18 02:00:00,3.6,83,0.0,4762.963025322041
2023-01-18 03:00:00,6.1,74,268.1,4037.3510900337574
2023-01-18 04:00:00,9.5,66,505.3,3925.9847962624535
2023-01-18 05:00:00,12.3,56,647.4,3552.9679202728894
2023-01-18 06:00:00,14.3,48,722.2,3529.2908138127627
2023-01-18 07:00:00,15.6,42,754.8,4022.7049801445423
2023-01-18 08:00:00,16.3,40,754.6,3909.1957915159437
2023-01-18 09:00:00,16.6,40,720.3,3905.273786680381
2023-01-18 10:00:00,16.5,40,646.4,4161.196121144666
2023-01-18 11:00:00,15.9,43,506.6,4337.623790788488
2023-01-18 12:00:00,13.1,54,271.5,4431.417579991015
2023-01-18 13:00:00,11.6,57,0.0,4371.958860986089
2023-01-18 14:00:00,10.2,63,0.0,4609.847968788385
2023-01-18 15:00:00,8.7,71,0.0,5046.656033268466
2023-01-18 16:00:00,8.0,73,0.0,4702.879834848209
2023-01-18 17:00:00,6.9,77,0.0,4997.669918237756
2023-01-18 18:00:00,7.8,70,0.0,4377.766857933945
2023-01-18 19:00:00,6.7,75,0.0,4321.31811593857
2023-01-18 20:00:00,7.0,73,0.0,4253.459199712984
2023-01-18 21:00:00,7.0,72,0.0,4088.895110463953
2023-01-18 22:00:00,6.4,75,0.0,3900.5224929229407
2023-01-18 23:00:00,7.8,69,0.0,3638.3998740597826
2023-01-19 00:00:00,8.3,71,0.0,3604.2144433554945
2023-01-19 01:00:00,8.2,73,0.0,3503.250354585227
2023-01-19 02:00:00,8.2,75,0.0,3725.6287851859192
2023-01-19 03:00:00,9.1,78,189.7,3455.282867017834
2023-01-19 04:00:00,11.7,70,463.6,3425.6926823307685
2023-01-19 05:00:00,14.0,61,597.2,3264.862651062943
2023-01-19 06:00:00,15.9,52,646.6,3523.630503112149
2023-01-19 07:00:00,16.9,48,536.8,3679.962665669261
2023-01-19 08:00:00,17.9,44,734.4,3859.4376697428943
2023-01-19 09:00:00,18.4,42,691.4,4208.854430930948
2023-01-19 10:00:00,18.3,43,538.0,4365.251275449454
2023-01-19 11:00:00,17.6,44,428.2,4455.055704905066
2023-01-19 12:00:00,15.1,61,175.3,4418.063776113898
2023-01-19 13:00:00,14.2,63,0.0,4339.845074983844
2023-01-19 14:00:00,12.8,71,0.0,4362.441787701298
2023-01-19 15:00:00,13.2,68,0.0,3974.1299670885105
2023-01-19 16:00:00,12.7,68,0.0,4163.919913953355
2023-01-19 17:00:00,12.9,67,0.0,4084.2870500787194
2023-01-19 18:00:00,13.1,67,0.0,3729.315930857726
2023-01-19 19:00:00,12.1,70,0.0,3556.6083658351176
2023-01-19 20:00:00,12.0,75,0.0,3450.4457694660914
2023-01-19 21:00:00,12.0,76,0.0,3407.559740846637
2023-01-19 22:00:00,11.6,80,0.0,3252.783229514662
2023-01-19 23:00:00,10.6,86,0.0,3482.492592362059
2023-01-20 00:00:00,10.9,87,0.0,2949.0193513774075
2023-01-20 01:00:00,9.9,91,0.0,3139.818654547092
2023-01-20 02:00:00,9.7,91,0.0,3395.153201719899
2023-01-20 03:00:00,11.1,85,251.7,3207.7168333942377
2023-01-20 04:00:00,13.3,75,479.7,3235.5156547193537
2023-01-20 05:00:00,15.4,67,640.4,3480.803772608623
2023-01-20 06:00:00,17.3,61,615.4,3413.344589957855
2023-01-20 07:00:00,18.5,57,644.1,3683.1750076847857
2023-01-20 08:00:00,19.2,50,576.0,4016.2329419157577
2023-01-20 09:00:00,19.5,46,507.1,3982.6375108518414
2023-01-20 10:00:00,19.7,45,611.8,4167.2955932080795
2023-01-20 11:00:00,19.0,45,476.9,4209.368079270892
2023-01-20 12:00:00,17.7,52,216.5,4132.262190995457
2023-01-20 13:00:00,15.9,58,0.0,4161.710309604808
2023-01-20 14:00:00,14.3,64,0.0,4028.6074918896384
2023-01-20 15:00:00,13.3,70,0.0,3943.684746835253
2023-01-20 16:00:00,12.3,77,0.0,4492.442544947123
2023-01-20 17:00:00,11.5,84,0.0,4288.516263563796
2023-01-20 18:00:00,10.7,90,0.0,3845.5058995909526
2023-01-20 19:00:00,10.3,92,0.0,3852.3974233917625
2023-01-20 20:00:00,10.1,91,0.0,3651.451022195716
2023-01-20 21:00:00,9.4,91,0.0,3670.2234091015234
2023-01-20 22:00:00,8.8,91,0.0,3706.7800126422485
2023-01-20 23:00:00,8.5,91,0.0,3409.384099345702
2023-01-21 00:00:00,8.4,95,0.0,3365.5535640228395
2023-01-21 01:00:00,7.5,96,0.0,3775.9125751720358
2023-01-21 02:00:00,7.0,97,0.0,4036.3787302804512
2023-01-21 03:00:00,9.7,90,243.4,3438.4583469364943
2023-01-21 04:00:00,12.3,82,468.4,3390.8130652119426
2023-01-21 05:00:00,15.1,73,613.1,3091.416095347944
2023-01-21 06:00:00,17.5,64,692.1,3706.7073460532656
2023-01-21 07:00:00,19.1,58,728.9,3795.3158953204975
2023-01-21 08:00:00,20.0,53,730.9,4253.165330746404
2023-01-21 09:00:00,20.5,50,700.9,4101.990766637585
2023-01-21 10:00:00,20.5,49,628.0,4159.251762323668
2023-01-21 11:00:00,20.1,50,492.8,4226.358381686804
2023-01-21 12:00:00,17.4,69,268.5,4257.766009038436
2023-01-21 13:00:00,14.5,82,0.0,4377.4155615434
2023-01-21 14:00:00,13.6,86,0.0,4317.306388379602
2023-01-21 15:00:00,12.6,87,0.0,4068.4852277097593
2023-01-21 16:00:00,12.6,86,0.0,4372.270473096065
2023-01-21 17:00:00,11.9,87,0.0,4210.571740475624
2023-01-21 18:00:00,11.0,90,0.0,4109.683919543698
2023-01-21 19:00:00,10.4,91,0.0,3887.251511132753
2023-01-21 20:00:00,10.3,91,0.0,3570.2195601362473
2023-01-21 21:00:00,10.3,89,0.0,3410.733414658535
2023-01-21 22:00:00,10.3,85,0.0,3635.416106896395
2023-01-21 23:00:00,9.0,89,0.0,3469.3428482857234
2023-01-22 00:00:00,8.8,91,0.0,3688.8604809147305
2023-01-22 01:00:00,8.5,93,0.0,3451.3733170290097
2023-01-22 02:00:00,8.1,95,0.0,3389.9283989526825
2023-01-22 03:00:00,11.0,88,158.6,3206.6591039538325
2023-01-22 04:00:00,13.7,80,258.6,3467.2187204518805
2023-01-22 05:00:00,16.6,71,466.6,3229.5329913230107
2023-01-22 06:00:00,19.2,60,699.3,3461.138298555617
2023-01-22 07:00:00,20.8,47,736.5,3740.7543033171733
2023-01-22 08:00:00,21.5,39,657.5,3671.7877412610133
2023-01-22 09:00:00,21.7,37,578.0,4205.676733048212
2023-01-22 10:00:00,21.5,36,581.7,4527.870335467899
2023-01-22 11:00:00,20.8,39,436.5,4283.774336505287
2023-01-22 12:00:00,17.4,58,238.9,4358.454001996146
2023-01-22 13:00:00,15.4,63,0.0,4332.715080475107
2023-01-22 14:00:00,14.1,70,0.0,4133.840846553394
2023-01-22 15:00:00,13.5,72,0.0,4274.114189635687
2023-01-22 16:00:00,12.5,74,0.0,4088.015535335332
2023-01-22 17:00:00,11.8,78,0.0,4074.0063019303893
2023-01-22 18:00:00,12.4,75,0.0,3885.105176594303
2023-01-22 19:00:00,12.5,71,0.0,3445.853315976381
2023-01-22 20:00:00,12.0,69,0.0,3323.8804323218765
2023-01-22 21:00:00,12.0,67,0.0,3311.539569580164
2023-01-22 22:00:00,10.5,72,0.0,2918.2067417846383
2023-01-22 23:00:00,9.8,75,0.0,3370.043969808547
2023-01-23 00:00:00,8.4,89,0.0,3276.040034928452
2023-01-23 01:00:00,8.8,88,0.0,3361.870936097873
2023-01-23 02:00:00,8.6,89,0.0,3623.192558639085
2023-01-23 03:00:00,11.3,78,245.9,3437.5619916977043
2023-01-23 04:00:00,14.2,69,469.5,3116.8194962299312
2023-01-23 05:00:00,17.1,60,613.9,3094.546074132563
2023-01-23 06:00:00,19.7,50,694.7,3579.678558892694
2023-01-23 07:00:00,21.4,42,734.8,3443.4905957088768
2023-01-23 08:00:00,22.4,37,739.2,3716.859231372132
2023-01-23 09:00:00,22.8,35,709.9,4118.170730869294
2023-01-23 10:00:00,22.7,36,591.8,4290.7694800062145
2023-01-23 11:00:00,21.7,42,307.2,4293.805405484718
2023-01-23 12:00:00,21.4,46,132.2,4233.167730560129
2023-01-23 13:00:00,20.4,50,0.0,4129.685669743791
2023-01-23 14:00:00,16.8,66,0.0,4102.75760464162
2023-01-23 15:00:00,15.7,72,0.0,3858.7092525717244
2023-01-23 16:00:00,14.3,76,0.0,3760.734920665639
2023-01-23 17:00:00,13.6,78,0.0,3645.067712847041
2023-01-23 18:00:00,14.0,75,0.0,3424.758024445113
2023-01-23 19:00:00,13.9,75,0.0,3395.87530985317
2023-01-23 20:00:00,13.8,93,0.0,3033.6261164811294
2023-01-23 21:00:00,15.2,83,0.0,3087.540581606827
2023-01-23 22:00:00,14.0,91,0.0,2952.6902790187405
2023-01-23 23:00:00,13.2,93,0.0,2743.2668075559
2023-01-24 00:00:00,13.1,95,0.0,2772.385573930271
2023-01-24 01:00:00,13.2,95,0.0,2772.9709516954176
2023-01-24 02:00:00,13.4,92,0.0,2846.0251786932645
2023-01-24 03:00:00,14.7,90,175.8,2900.7242305829745
2023-01-24 04:00:00,17.0,87,398.5,2940.580505823136
2023-01-24 05:00:00,19.2,78,486.8,3350.8568967797755
2023-01-24 06:00:00,20.7,68,435.6,3124.169691228962
2023-01-24 07:00:00,19.9,71,345.3,3455.1138179935347
2023-01-24 08:00:00,20.8,68,245.7,3945.4569020431577
2023-01-24 09:00:00,21.2,65,180.2,4069.0942806549174
2023-01-24 10:00:00,20.9,67,233.5,4130.577351568287
2023-01-24 11:00:00,20.4,71,202.9,4474.72485299981
2023-01-24 12:00:00,18.7,75,88.5,4327.397709826444
2023-01-24 13:00:00,18.5,76,0.0,4425.926228872062
2023-01-24 14:00:00,17.9,81,0.0,4033.5444327871332
2023-01-24 15:00:00,17.5,82,0.0,3728.1123337925997
2023-01-24 16:00:00,17.0,86,0.0,3944.9395924386754
2023-01-24 17:00:00,15.9,90,0.0,3784.7142196120085
2023-01-24 18:00:00,15.7,91,0.0,3718.0479703408696
2023-01-24 19:00:00,15.2,93,0.0,3514.1857349400166
2023-01-24 20:00:00,15.3,93,0.0,2852.8146707713613
2023-01-24 21:00:00,13.9,96,0.0,2734.613097810227
2023-01-24 22:00:00,14.1,96,0.0,2658.0552452193915
2023-01-24 23:00:00,13.4,97,0.0,2813.3974892827036
2023-01-25 00:00:00,13.2,95,0.0,2806.6397746669945
2023-01-25 01:00:00,12.1,98,0.0,2879.048360958232
2023-01-25 02:00:00,11.9,100,0.0,3036.5340803116387
2023-01-25 03:00:00,13.6,98,153.9,2957.9021520159213
2023-01-25 04:00:00,16.1,87,209.9,3320.41833547375
2023-01-25 05:00:00,17.8,81,364.9,3216.1877290201173
2023-01-25 06:00:00,18.7,77,249.9,3464.732951539319
2023-01-25 07:00:00,19.8,71,319.6,3702.089461372483
2023-01-25 08:00:00,20.6,67,285.0,4206.258805956657
2023-01-25 09:00:00,21.0,64,438.2,3741.535863570535
2023-01-25 10:00:00,21.1,63,440.3,4028.263362407623
2023-01-25 11:00:00,20.5,64,396.4,4533.069186148447
2023-01-25 12:00:00,18.4,73,214.1,4304.908669938948
2023-01-25 13:00:00,17.7,78,0.0,4234.043041103821
2023-01-25 14:00:00,17.0,81,0.0,4231.580380180578
2023-01-25 15:00:00,15.9,86,0.0,4021.1148984005413
2023-01-25 16:00:00,15.9,84,0.0,4036.5555998926047
2023-01-25 17:00:00,16.2,80,0.0,3700.41532565883
2023-01-25 18:00:00,15.8,81,0.0,3385.812285720918
2023-01-25 19:00:00,15.5,86,0.0,3323.0574960658587
2023-01-25 20:00:00,15.1,87,0.0,2957.2195017412755
2023-01-25 21:00:00,14.0,87,0.0,2908.8610501974736
2023-01-25 22:00:00,12.7,90,0.0,3167.409004453823
2023-01-25 23:00:00,11.7,92,0.0,3113.9007915359093
2023-01-26 00:00:00,12.1,83,0.0,3070.891641560107
2023-01-26 01:00:00,12.0,84,0.0,3061.2457084943703
2023-01-26 02:00:00,11.6,91,0.0,3199.608198753295
2023-01-26 03:00:00,12.8,95,59.5,3230.526584804496
2023-01-26 04:00:00,13.6,92,2.9,3379.880155688302
2023-01-26 05:00:00,15.6,79,252.1,3285.5207454390293
2023-01-26 06:00:00,17.0,70,606.3,3436.9723291379464
2023-01-26 07:00:00,18.2,61,720.3,3552.7350450334943
2023-01-26 08:00:00,18.8,57,744.9,3621.882180907684
2023-01-26 09:00:00,19.0,55,717.6,4077.3022099083
2023-01-26 10:00:00,18.8,52,654.1,4360.665114161399
2023-01-26 11:00:00,18.1,52,525.4,4074.887894285554
2023-01-26 12:00:00,15.9,68,295.4,4520.017327583273
2023-01-26 13:00:00,14.1,75,17.1,4398.65568713417
2023-01-26 14:00:00,13.2,77,0.0,4205.003441817405
2023-01-26 15:00:00,12.4,79,0.0,4138.92619424825
2023-01-26 16:00:00,11.6,79,0.0,4051.398740419848
2023-01-26 17:00:00,10.8,77,0.0,4264.544466629034
2023-01-26 18:00:00,9.9,76,0.0,3972.0508568037817
2023-01-26 19:00:00,9.3,76,0.0,4017.891603930808
2023-01-26 20:00:00,8.8,76,0.0,3655.5290727482193
2023-01-26 21:00:00,8.3,79,0.0,3861.3719409236155
2023-01-26 22:00:00,7.9,83,0.0,3458.0182851826994
2023-01-26 23:00:00,7.6,86,0.0,3859.8813530751763
2023-01-27 00:00:00,7.8,91,0.0,3526.417895275182
2023-01-27 01:00:00,7.6,92,0.0,3651.9463244041294
2023-01-27 02:00:00,7.5,91,0.0,3422.4505817068575
2023-01-27 03:00:00,9.1,81,274.6,3882.642164628989
2023-01-27 04:00:00,11.5,68,513.9,3455.1160280443137
2023-01-27 05:00:00,13.8,57,662.2,3422.144621088162
2023-01-27 06:00:00,15.8,52,739.5,3334.480064383609
2023-01-27 07:00:00,17.3,49,775.1,3765.3259309330474
2023-01-27 08:00:00,18.2,48,781.2,4165.228694209492
2023-01-27 09:00:00,18.6,46,752.2,4026.0127263059767
2023-01-27 10:00:00,18.4,47,682.6,4374.927983234326
2023-01-27 11:00:00,17.8,49,550.6,4360.474441568293
2023-01-27 12:00:00,16.1,57,317.9,4105.862548375538
2023-01-27 13:00:00,14.0,64,16.6,4392.484077146014
2023-01-27 14:00:00,12.7,67,0.0,4328.548460923557
2023-01-27 15:00:00,11.9,69,0.0,4291.207206443858
2023-01-27 16:00:00,11.2,69,0.0,4287.28993494358
2023-01-27 17:00:00,10.5,69,0.0,4245.155894152888
2023-01-27 18:00:00,9.7,71,0.0,4090.162071376596
2023-01-27 19:00:00,9.0,72,0.0,3700.2069337746098
2023-01-27 20:00:00,8.5,73,0.0,3818.6888717795578
2023-01-27 21:00:00,8.0,74,0.0,3970.591594025922
2023-01-27 22:00:00,7.5,75,0.0,3660.819007743085
2023-01-27 23:00:00,7.1,75,0.0,3569.678831490691
2023-01-28 00:00:00,7.2,78,0.0,3628.507777945537
2023-01-28 01:00:00,6.6,79,0.0,3850.8629613118833
2023-01-28 02:00:00,6.5,79,0.0,3910.1078625888154
2023-01-28 03:00:00,8.4,73,284.3,3642.9522963273766
2023-01-28 04:00:00,11.6,66,530.9,3253.4779787374996
2023-01-28 05:00:00,14.8,58,674.7,3204.594667659957
2023-01-28 06:00:00,17.4,53,749.0,3805.837923713064
2023-01-28 07:00:00,19.1,50,780.3,3719.83774475618
2023-01-28 08:00:00,20.2,48,780.2,3945.6208103806975
2023-01-28 09:00:00,20.7,46,751.2,3874.4022139069443
2023-01-28 10:00:00,20.5,48,677.9,4671.431402947714
2023-01-28 11:00:00,19.8,51,545.4,4268.638721049085
2023-01-28 12:00:00,17.3,61,317.7,4287.32584459698
2023-01-28 13:00:00,14.1,75,16.2,4158.090573336136
2023-01-28 14:00:00,12.6,81,0.0,4332.975961753118
2023-01-28 15:00:00,11.4,84,0.0,4242.4560969511285
2023-01-28 16:00:00,11.0,83,0.0,4275.440882844063
2023-01-28 17:00:00,10.0,86,0.0,4217.2516993367835
2023-01-28 18:00:00,12.1,75,0.0,3666.1569327488405
2023-01-28 19:00:00,13.8,68,0.0,3561.774005234767
2023-01-28 20:00:00,13.1,71,0.0,3331.5898169543093
2023-01-28 21:00:00,10.1,85,0.0,3548.5683195177016
2023-01-28 22:00:00,9.4,89,0.0,3328.7693577179016
2023-01-28 23:00:00,8.9,93,0.0,3656.139711197839
2023-01-29 00:00:00,8.3,97,0.0,3558.0854949761124
2023-01-29 01:00:00,10.4,90,0.0,3043.0042013071293
2023-01-29 02:00:00,10.9,88,0.0,3219.8177130057607
2023-01-29 03:00:00,12.4,81,0.0,3039.0434335842333
2023-01-29 04:00:00,13.9,77,11.5,3176.771850035781
2023-01-29 05:00:00,14.3,77,0.0,3299.5189619822804
2023-01-29 06:00:00,14.8,78,0.0,3450.031660268777
2023-01-29 07:00:00,14.9,82,22.2,3710.3813307994033
2023-01-29 08:00:00,15.0,80,8.8,3750.4949329854358
2023-01-29 09:00:00,16.0,76,47.8,4182.580405345654
2023-01-29 10:00:00,16.4,76,166.4,4076.442226510482
2023-01-29 11:00:00,16.1,75,86.0,4188.993956964676
2023-01-29 12:00:00,14.2,88,64.6,4462.942075958952
2023-01-29 13:00:00,13.5,91,0.0,4386.24678414243
2023-01-29 14:00:00,13.0,91,0.0,4423.263094925719
2023-01-29 15:00:00,11.7,95,0.0,4367.106737307392
2023-01-29 16:00:00,12.9,91,0.0,4204.321415214445
2023-01-29 17:00:00,12.2,92,0.0,3977.7634021305885
2023-01-29 18:00:00,12.1,92,0.0,3744.348176788435
2023-01-29 19:00:00,12.2,93,0.0,3645.8568096291924
2023-01-29 20:00:00,11.6,95,0.0,3301.7779568214496
2023-01-29 21:00:00,12.2,89,0.0,3184.394559952875
2023-01-29 22:00:00,12.2,91,0.0,2971.4846075408723
2023-01-29 23:00:00,12.0,93,0.0,2906.084048956082
2023-01-30 00:00:00,12.1,86,0.0,3087.1533411145356
2023-01-30 01:00:00,12.5,88,0.0,3019.842665086856
2023-01-30 02:00:00,12.3,90,0.0,3094.1535416358247
2023-01-30 03:00:00,13.0,86,0.0,3016.074586715751
2023-01-30 04:00:00,13.3,89,0.0,3141.910230665909
2023-01-30 05:00:00,13.7,86,0.0,3341.7846581428694
2023-01-30 06:00:00,14.4,84,21.0,3502.115276801548
2023-01-30 07:00:00,15.1,79,41.2,3548.149664653639
2023-01-30 08:00:00,15.6,75,51.2,4010.561879985125
2023-01-30 09:00:00,15.5,74,36.4,3929.8409808889614
2023-01-30 10:00:00,16.2,73,180.5,4018.7862674822786
2023-01-30 11:00:00,15.9,74,74.6,4224.437896029315
2023-01-30 12:00:00,15.2,89,74.0,4178.2570526153
2023-01-30 13:00:00,13.2,90,15.4,4262.844459120329
2023-01-30 14:00:00,11.9,94,0.0,4474.135204581693
2023-01-30 15:00:00,11.8,93,0.0,4239.039002693629
2023-01-30 16:00:00,11.7,92,0.0,4173.122270284132
2023-01-30 17:00:00,12.6,90,0.0,3961.950878559193
2023-01-30 18:00:00,10.4,96,0.0,4206.69576470609
2023-01-30 19:00:00,10.4,97,0.0,3990.306474374107
2023-01-30 20:00:00,10.5,98,0.0,3661.9161931105086
2023-01-30 21:00:00,10.6,98,0.0,3483.895440957554
2023-01-30 22:00:00,10.3,99,0.0,3261.858640121964
2023-01-30 23:00:00,9.7,100,0.0,3349.316117685266
2023-01-31 00:00:00,11.0,99,0.0,3309.435278688091
2023-01-31 01:00:00,11.0,99,0.0,3009.622422024009
2023-01-31 02:00:00,10.8,99,0.0,3236.8884687758077
2023-01-31 03:00:00,11.7,97,155.4,3197.885365370521
2023-01-31 04:00:00,13.9,89,346.7,3012.826174306993
2023-01-31 05:00:00,16.5,80,595.0,3224.676363442322
2023-01-31 06:00:00,18.5,71,694.4,3501.73360662971
2023-01-31 07:00:00,19.6,65,732.3,3991.715117379642
2023-01-31 08:00:00,20.3,61,737.7,4065.323844294148
2023-01-31 09:00:00,20.5,59,710.1,4084.249089537496
2023-01-31 10:00:00,20.2,56,645.3,4171.304324862544
2023-01-31 11:00:00,19.4,57,525.1,4310.56270548688
2023-01-31 12:00:00,16.4,73,306.7,4479.155259553785
2023-01-31 13:00:00,14.8,78,15.0,4204.175974748026
2023-01-31 14:00:00,13.8,81,0.0,3999.3953496166178
2023-01-31 15:00:00,13.1,85,0.0,4159.057158243929
2023-01-31 16:00:00,12.5,87,0.0,3727.477309252121
2023-01-31 17:00:00,12.0,88,0.0,3843.4175857589776
2023-01-31 18:00:00,11.4,90,0.0,4008.5710175589015
2023-01-31 19:00:00,10.9,91,0.0,3848.5756019518776
2023-01-31 20:00:00,10.5,93,0.0,3705.548262804143
2023-01-31 21:00:00,10.2,93,0.0,3471.0996382951703
2023-01-31 22:00:00,10.0,93,0.0,3780.523968198635
2023-01-31 23:00:00,9.8,93,0.0,3503.2399589770203
2023-02-01 00:00:00,9.5,95,0.0,3293.9882896720324
2023-02-01 01:00:00,9.5,94,0.0,3523.203557541272
2023-02-01 02:00:00,9.4,94,0.0,3661.4475139404
2023-02-01 03:00:00,10.8,90,276.0,3470.1360185890053
2023-02-01 04:00:00,12.8,82,510.6,3114.880724167216
2023-02-01 05:00:00,14.9,74,656.1,3192.950816435413
2023-02-01 06:00:00,16.9,66,734.1,3457.31343383667
2023-02-01 07:00:00,18.4,59,770.8,4014.316652516012
2023-02-01 08:00:00,19.5,54,774.4,3785.816178150113
2023-02-01 09:00:00,19.9,52,746.7,4141.1771253506395
2023-02-01 10:00:00,19.9,49,680.3,4141.631703157564
2023-02-01 11:00:00,19.3,52,554.3,4083.7062427339724
2023-02-01 12:00:00,17.0,63,332.2,4266.3087707006425
2023-02-01 13:00:00,15.0,69,29.2,4235.00493865852
2023-02-01 14:00:00,14.0,72,0.0,4348.370484688268
2023-02-01 15:00:00,13.4,71,0.0,4219.108216450065
2023-02-01 16:00:00,13.2,69,0.0,4131.245484811388
2023-02-01 17:00:00,12.8,69,0.0,3759.594828537671
2023-02-01 18:00:00,12.2,71,0.0,3860.901662180465
2023-02-01 19:00:00,11.6,73,0.0,3657.682938922975
2023-02-01 20:00:00,11.0,74,0.0,3455.229277416966
2023-02-01 21:00:00,10.7,74,0.0,3236.6793991372097
2023-02-01 22:00:00,10.4,73,0.0,3310.5125264913163
2023-02-01 23:00:00,10.0,72,0.0,3249.414899797098
2023-02-02 00:00:00,9.7,78,0.0,3270.491382727826
2023-02-02 01:00:00,9.5,78,0.0,3198.5342563427953
2023-02-02 02:00:00,9.4,78,0.0,3373.3974435944433
2023-02-02 03:00:00,11.0,75,290.3,3431.986186624798
2023-02-02 04:00:00,13.5,70,529.3,3108.377166987517
2023-02-02 05:00:00,16.1,63,669.8,3213.60828251762
2023-02-02 06:00:00,18.3,56,744.6,3431.8627708272156
2023-02-02 07:00:00,20.0,51,777.1,3704.1234844538453
2023-02-02 08:00:00,21.0,49,777.6,3940.7076718794215
2023-02-02 09:00:00,21.5,48,747.1,4108.636608252208
2023-02-02 10:00:00,21.5,50,681.3,4065.034246851087
2023-02-02 11:00:00,20.9,53,554.5,4478.07051094784
2023-02-02 12:00:00,18.9,56,331.8,4489.5513191190375
2023-02-02 13:00:00,16.9,60,28.6,4150.44603409018
2023-02-02 14:00:00,16.1,59,0.0,4217.036602918284
2023-02-02 15:00:00,15.3,61,0.0,3958.173258207923
2023-02-02 16:00:00,14.4,65,0.0,3770.211209140547
2023-02-02 17:00:00,13.5,69,0.0,3984.996338556454
2023-02-02 18:00:00,12.7,73,0.0,3699.1627253131105
2023-02-02 19:00:00,12.0,77,0.0,3842.731459507138
2023-02-02 20:00:00,11.4,80,0.0,3335.6586902651393
2023-02-02 21:00:00,10.8,82,0.0,3322.0942983626196
2023-02-02 22:00:00,10.4,82,0.0,3050.306504790142
2023-02-02 23:00:00,10.1,82,0.0,3664.9886891968363
2023-02-03 00:00:00,9.9,84,0.0,3156.432838605015
2023-02-03 01:00:00,9.6,83,0.0,3373.9955658869076
2023-02-03 02:00:00,9.6,82,0.0,3412.195925363495
2023-02-03 03:00:00,11.5,76,286.3,3296.820532380508
2023-02-03 04:00:00,14.3,72,517.0,3053.158004956294
2023-02-03 05:00:00,17.1,64,656.2,3447.5708107562655
2023-02-03 06:00:00,19.5,57,732.8,3417.7056033151785
2023-02-03 07:00:00,21.1,50,766.0,3452.0953578435606
2023-02-03 08:00:00,22.0,46,769.2,3826.346709616376
2023-02-03 09:00:00,22.4,45,741.3,4325.297591694825
2023-02-03 10:00:00,22.2,47,676.7,4344.674859537754
2023-02-03 11:00:00,21.6,52,549.6,4543.025865337342
2023-02-03 12:00:00,18.5,65,326.5,4354.147351158608
2023-02-03 13:00:00,15.5,70,27.9,4089.895386087779
2023-02-03 14:00:00,15.0,70,0.0,3984.422947896238
2023-02-03 15:00:00,14.3,74,0.0,4126.579690507202
2023-02-03 16:00:00,14.0,72,0.0,3961.383808087559
2023-02-03 17:00:00,13.9,69,0.0,3811.283586091201
2023-02-03 18:00:00,13.5,69,0.0,3705.09425178175
2023-02-03 19:00:00,12.8,71,0.0,3430.361750867824
2023-02-03 20:00:00,12.2,73,0.0,3199.2302350136997
2023-02-03 21:00:00,11.6,76,0.0,3350.825235349644
2023-02-03 22:00:00,11.1,77,0.0,3327.2840562752567
2023-02-03 23:00:00,10.8,78,0.0,3250.2280987907016
2023-02-04 00:00:00,10.5,82,0.0,2903.2004425848386
2023-02-04 01:00:00,10.3,81,0.0,3126.3997575793064
2023-02-04 02:00:00,10.4,80,0.0,3430.9258143158354
2023-02-04 03:00:00,12.3,75,282.2,3159.780844721916
2023-02-04 04:00:00,15.0,70,518.5,3224.8854446586092
2023-02-04 05:00:00,17.7,64,656.2,3072.1000779386063
2023-02-04 06:00:00,20.0,58,728.9,3398.9053666085592
2023-02-04 07:00:00,21.5,52,760.6,4122.325647074063
2023-02-04 08:00:00,22.3,50,763.8,3889.0914102568327
2023-02-04 09:00:00,22.7,49,734.0,4190.158328395978
2023-02-04 10:00:00,22.7,48,670.4,4512.561938989317
2023-02-04 11:00:00,22.1,50,547.2,4241.689640418482
2023-02-04 12:00:00,19.7,59,331.1,4486.705575494753
2023-02-04 13:00:00,17.7,64,27.3,4165.124568252965
2023-02-04 14:00:00,16.6,68,0.0,4362.681637774653
2023-02-04 15:00:00,16.1,66,0.0,3936.6306383105543
2023-02-04 16:00:00,15.9,62,0.0,3899.4029643516774
2023-02-04 17:00:00,15.4,63,0.0,3659.7087226782583
2023-02-04 18:00:00,14.5,67,0.0,3349.1597417534635
2023-02-04 19:00:00,13.6,71,0.0,3231.103067822625
2023-02-04 20:00:00,12.7,75,0.0,3217.3131850308005
2023-02-04 21:00:00,12.3,76,0.0,3246.5164547645018
2023-02-04 22:00:00,12.0,77,0.0,3044.0526137896472
2023-02-04 23:00:00,11.7,77,0.0,3157.29424412218
2023-02-05 00:00:00,11.4,84,0.0,2938.043934797036
2023-02-05 01:00:00,11.1,85,0.0,3086.6799837597355
2023-02-05 02:00:00,11.0,86,17.9,3293.8898904188054
2023-02-05 03:00:00,13.1,79,295.5,2805.810712663276
2023-02-05 04:00:00,15.8,72,533.7,3226.1660921863568
2023-02-05 05:00:00,18.4,64,671.3,3059.318363626124
2023-02-05 06:00:00,20.7,58,745.4,3221.942659242494
2023-02-05 07:00:00,22.3,50,778.2,3908.3303640229715
2023-02-05 08:00:00,23.2,42,779.6,4003.2725631609665
2023-02-05 09:00:00,23.3,42,751.3,4414.111663898638
2023-02-05 10:00:00,23.1,43,686.0,4348.6931429157075
2023-02-05 11:00:00,22.5,47,560.1,4524.178938993937
2023-02-05 12:00:00,19.3,68,340.4,4015.051910157051
2023-02-05 13:00:00,16.9,68,40.1,4196.65670969081
2023-02-05 14:00:00,16.9,65,0.0,4180.93003982015
2023-02-05 15:00:00,19.0,52,0.0,4265.085138692687
2023-02-05 16:00:00,19.2,49,0.0,3643.57547130785
2023-02-05 17:00:00,19.2,47,0.0,3651.2577130464992
2023-02-05 18:00:00,19.2,45,0.0,3565.8742563447104
2023-02-05 19:00:00,13.1,67,0.0,3640.8252360203564
2023-02-05 20:00:00,12.4,72,0.0,3256.730076876957
2023-02-05 21:00:00,11.7,77,0.0,3352.6921319606927
2023-02-05 22:00:00,13.4,70,0.0,2928.0573202795363
2023-02-05 23:00:00,13.2,70,0.0,3006.216560150569
2023-02-06 00:00:00,10.7,84,0.0,2997.0151195661965
2023-02-06 01:00:00,10.4,86,0.0,3201.6240077839625
2023-02-06 02:00:00,10.5,88,17.5,3344.11907038848
2023-02-06 03:00:00,13.9,78,279.8,2595.2431691248753
2023-02-06 04:00:00,17.7,70,510.5,3161.6282956815385
2023-02-06 05:00:00,20.2,61,640.7,3275.1880095783563
2023-02-06 06:00:00,22.0,59,710.3,3398.615763248881
2023-02-06 07:00:00,23.5,56,744.4,4069.6021388741456
2023-02-06 08:00:00,24.6,53,746.0,5002.785600247977
2023-02-06 09:00:00,25.1,52,722.8,5571.873988310666
2023-02-06 10:00:00,25.1,53,621.7,5820.133727330206
2023-02-06 11:00:00,24.3,57,492.8,5227.482936485846
2023-02-06 12:00:00,21.4,70,269.1,4315.085509677447
2023-02-06 13:00:00,18.7,77,26.2,4296.938491061622
2023-02-06 14:00:00,17.1,83,0.0,4135.106652898484
2023-02-06 15:00:00,19.6,71,0.0,4012.206405260491
2023-02-06 16:00:00,16.9,83,0.0,4087.168469927772
2023-02-06 17:00:00,18.8,73,0.0,3713.2841726535385
2023-02-06 18:00:00,18.0,76,0.0,3588.5983978225813
2023-02-06 19:00:00,17.0,81,0.0,3168.8985311064193
2023-02-06 20:00:00,13.5,92,0.0,3174.364567286134
2023-02-06 21:00:00,13.7,93,0.0,2953.364075457223
2023-02-06 22:00:00,13.3,93,0.0,3058.3447153582406
2023-02-06 23:00:00,13.1,93,0.0,3298.3753856198878
2023-02-07 00:00:00,14.0,96,0.0,2812.9034306092112
2023-02-07 01:00:00,13.8,94,0.0,2868.2308000271905
2023-02-07 02:00:00,13.5,93,17.2,2733.7142163054746
2023-02-07 03:00:00,14.5,87,281.3,2606.964508292789
2023-02-07 04:00:00,16.1,79,511.8,3003.4823720579184
2023-02-07 05:00:00,18.2,75,646.3,3330.9972154434977
2023-02-07 06:00:00,20.3,69,720.4,3581.9777356622067
2023-02-07 07:00:00,21.9,61,756.1,3657.5339312505457
2023-02-07 08:00:00,22.9,54,758.9,4032.6200128295523
2023-02-07 09:00:00,23.4,48,733.9,4663.5525101090925
2023-02-07 10:00:00,23.3,44,671.8,4620.24646873759
2023-02-07 11:00:00,22.6,43,553.1,4418.547589867103
2023-02-07 12:00:00,20.3,48,339.6,4021.81364604636
2023-02-07 13:00:00,17.8,57,38.5,4270.194141982475
2023-02-07 14:00:00,16.6,61,0.0,3983.241843653682
2023-02-07 15:00:00,16.0,58,0.0,3996.6554557376676
2023-02-07 16:00:00,15.5,52,0.0,3936.5545265162423
2023-02-07 17:00:00,14.8,52,0.0,3561.4163061980917
2023-02-07 18:00:00,14.0,53,0.0,3519.067286041361
2023-02-07 19:00:00,12.8,55,0.0,3773.4330627986924
2023-02-07 20:00:00,11.6,58,0.0,3195.158114773837
2023-02-07 21:00:00,11.3,58,0.0,3288.3552558757187
2023-02-07 22:00:00,10.9,59,0.0,3116.969070991757
2023-02-07 23:00:00,10.6,61,0.0,3230.1083989065028
2023-02-08 00:00:00,10.5,67,0.0,3542.2523964797606
2023-02-08 01:00:00,10.4,69,0.0,3047.737193222799
2023-02-08 02:00:00,10.2,71,16.8,3420.124164753698
2023-02-08 03:00:00,12.3,67,304.7,2982.099096593182
2023-02-08 04:00:00,15.3,64,542.4,3178.9892028351433
2023-02-08 05:00:00,18.2,55,674.1,3044.9039106378127
2023-02-08 06:00:00,20.4,49,741.1,3560.1395661811266
2023-02-08 07:00:00,21.8,42,769.1,3566.682055991489
2023-02-08 08:00:00,22.4,39,770.3,3986.3115566701917
2023-02-08 09:00:00,22.6,40,741.8,4098.478061905996
2023-02-08 10:00:00,22.5,40,678.2,4361.634042526378
2023-02-08 11:00:00,22.1,41,558.3,4131.918726418651
2023-02-08 12:00:00,19.4,50,343.8,4041.158648589445
2023-02-08 13:00:00,16.9,56,37.7,3949.7642955309743
2023-02-08 14:00:00,16.0,56,0.0,4149.199561770394
2023-02-08 15:00:00,14.9,61,0.0,3794.620334513929
2023-02-08 16:00:00,14.6,61,0.0,3721.9361371839045
2023-02-08 17:00:00,14.5,57,0.0,3597.998483439306
2023-02-08 18:00:00,14.1,56,0.0,3744.5791799243325
2023-02-08 19:00:00,13.0,60,0.0,3280.7402820390434
2023-02-08 20:00:00,11.7,66,0.0,3539.3202069510435
2023-02-08 21:00:00,10.9,70,0.0,3400.9611205202164
2023-02-08 22:00:00,10.6,71,0.0,3554.606837310691
2023-02-08 23:00:00,10.6,71,0.0,3233.4472155444982
2023-02-09 00:00:00,10.0,78,0.0,3349.5383610011363
2023-02-09 01:00:00,10.0,77,0.0,3148.171031785062
2023-02-09 02:00:00,10.2,78,16.4,3367.3321687631133
2023-02-09 03:00:00,13.1,70,300.0,2951.3260397146514
2023-02-09 04:00:00,17.0,65,527.3,3133.6051170376472
2023-02-09 05:00:00,20.4,53,658.6,2841.7234809478646
2023-02-09 06:00:00,22.5,46,730.9,3495.863701952892
2023-02-09 07:00:00,24.0,41,758.1,4372.227145357218
2023-02-09 08:00:00,25.2,38,760.7,5673.793827238621
2023-02-09 09:00:00,25.7,37,734.7,5977.521440791958
2023-02-09 10:00:00,25.8,38,673.8,5868.174802676395
2023-02-09 11:00:00,25.1,45,556.1,5795.877099258141
2023-02-09 12:00:00,22.5,59,343.4,4670.470041987355
2023-02-09 13:00:00,20.1,67,37.0,4025.0506953088925
2023-02-09 14:00:00,18.9,72,0.0,4283.323190699201
2023-02-09 15:00:00,18.2,74,0.0,4078.3133747877273
2023-02-09 16:00:00,17.8,74,0.0,4245.282385671967
2023-02-09 17:00:00,17.0,76,0.0,3842.6681876987545
2023-02-09 18:00:00,16.6,75,0.0,3364.7756124910225
2023-02-09 19:00:00,16.3,76,0.0,3225.7728472583285
2023-02-09 20:00:00,15.8,78,0.0,3064.3546998833544
2023-02-09 21:00:00,15.0,82,0.0,3003.844203328841
2023-02-09 22:00:00,14.2,85,0.0,2663.577285699673
2023-02-09 23:00:00,13.6,87,0.0,2868.226206201095
2023-02-10 00:00:00,13.3,92,0.0,2938.165468077949
2023-02-10 01:00:00,12.9,92,0.0,2770.0697321989346
2023-02-10 02:00:00,12.9,90,16.0,2708.957478362781
2023-02-10 03:00:00,14.8,83,279.2,3144.9873556146554
2023-02-10 04:00:00,17.5,73,507.0,3062.1727210859
2023-02-10 05:00:00,20.3,65,639.6,3106.702050327657
2023-02-10 06:00:00,22.5,57,711.6,3475.030026199221
2023-02-10 07:00:00,24.1,52,744.3,4560.744253115717
2023-02-10 08:00:00,25.0,50,751.2,5287.032570489533
2023-02-10 09:00:00,25.4,49,727.6,5729.864011235901
2023-02-10 10:00:00,25.5,49,666.0,6202.3464080746035
2023-02-10 11:00:00,25.0,50,546.7,5360.940329491874
2023-02-10 12:00:00,24.3,59,334.2,4934.369496574385
2023-02-10 13:00:00,21.0,67,48.4,4275.10425934065
2023-02-10 14:00:00,18.3,78,0.0,4190.188537686198
2023-02-10 15:00:00,17.7,76,0.0,4032.8088901503224
2023-02-10 16:00:00,17.7,72,0.0,3883.7693277265666
2023-02-10 17:00:00,16.8,76,0.0,3587.2211066163286
2023-02-10 18:00:00,16.4,78,0.0,3394.7763587345503
2023-02-10 19:00:00,16.8,76,0.0,3290.783098958219
2023-02-10 20:00:00,15.8,81,0.0,3141.0725034534903
2023-02-10 21:00:00,17.2,74,0.0,2671.0617265326364
2023-02-10 22:00:00,16.8,76,0.0,2645.553500530558
2023-02-10 23:00:00,13.5,90,0.0,2986.03871005786
2023-02-11 00:00:00,13.4,96,0.0,2821.6223442405862
2023-02-11 01:00:00,13.4,97,0.0,2776.6849848546103
2023-02-11 02:00:00,13.3,98,15.6,2874.690013590478
2023-02-11 03:00:00,15.7,92,280.0,2751.295237283154
2023-02-11 04:00:00,18.4,84,510.5,3072.1356273645983
2023-02-11 05:00:00,21.3,74,650.1,2995.1268282551964
2023-02-11 06:00:00,23.4,65,728.8,3595.2702805181325
2023-02-11 07:00:00,24.7,57,765.3,4694.643904149355
2023-02-11 08:00:00,25.7,39,773.3,5823.961583664716
2023-02-11 09:00:00,25.9,31,753.1,6191.572866924693
2023-02-11 10:00:00,25.6,30,695.0,5913.724442660104
2023-02-11 11:00:00,24.8,32,580.6,5520.91004577679
2023-02-11 12:00:00,22.5,43,369.1,4019.7211283766737
2023-02-11 13:00:00,20.6,40,47.5,4576.635054222426
2023-02-11 14:00:00,19.5,37,0.0,4167.361723278885
2023-02-11 15:00:00,17.3,50,0.0,4210.1763982987195
2023-02-11 16:00:00,16.4,51,0.0,3978.2138939353435
2023-02-11 17:00:00,16.0,46,0.0,3675.7278083952438
2023-02-11 18:00:00,15.3,45,0.0,3526.4582011781445
2023-02-11 19:00:00,14.4,50,0.0,3232.1227752309715
2023-02-11 20:00:00,13.4,61,0.0,3351.489907995596
2023-02-11 21:00:00,12.6,69,0.0,3092.3205945275377
2023-02-11 22:00:00,12.2,71,0.0,3179.281141879117
2023-02-11 23:00:00,11.6,72,0.0,3224.6635532535015
2023-02-12 00:00:00,11.1,77,0.0,3210.9111179695287
2023-02-12 01:00:00,11.0,75,0.0,2877.2318429280426
2023-02-12 02:00:00,10.6,76,15.3,3334.370065080703
2023-02-12 03:00:00,12.7,71,327.4,3159.3161130015797
2023-02-12 04:00:00,15.5,63,557.6,3470.6652065489607
2023-02-12 05:00:00,18.1,53,689.6,3375.9049626189258
2023-02-12 06:00:00,20.1,42,757.7,3402.414241664843
2023-02-12 07:00:00,21.4,31,788.7,3585.978189982504
2023-02-12 08:00:00,21.9,25,792.4,4005.603313824396
2023-02-12 09:00:00,21.9,22,768.0,4183.144483923719
2023-02-12 10:00:00,21.5,23,708.1,4164.893961849755
2023-02-12 11:00:00,20.8,23,590.1,4171.664117707374
2023-02-12 12:00:00,19.0,28,377.0,4243.805348131105
2023-02-12 13:00:00,17.4,29,58.3,4317.402240262122
2023-02-12 14:00:00,16.4,30,0.0,3973.208755408604
2023-02-12 15:00:00,15.1,33,0.0,4065.3442653363986
2023-02-12 16:00:00,14.3,34,0.0,3840.3430433108715
2023-02-12 17:00:00,13.4,37,0.0,3935.4050445176254
2023-02-12 18:00:00,12.6,39,0.0,3738.85337682283
2023-02-12 19:00:00,12.2,39,0.0,3465.87325277914
2023-02-12 20:00:00,11.7,38,0.0,3353.1636429108175
2023-02-12 21:00:00,11.4,37,0.0,3453.2668271561415
2023-02-12 22:00:00,10.9,37,0.0,3200.7276692450673
2023-02-12 23:00:00,10.2,37,0.0,3324.909721951647
2023-02-13 00:00:00,10.1,42,0.0,3497.6521263768827
2023-02-13 01:00:00,9.9,41,0.0,3257.0246747426863
2023-02-13 02:00:00,9.8,41,14.9,3372.915084159745
2023-02-13 03:00:00,11.1,43,332.3,3364.339451380609
2023-02-13 04:00:00,13.2,41,570.6,3592.096838114155
2023-02-13 05:00:00,15.4,37,701.3,3506.449770686674
2023-02-13 06:00:00,17.3,34,766.8,3408.807367208505
2023-02-13 07:00:00,18.8,31,795.4,3942.584338040884
2023-02-13 08:00:00,20.1,28,796.4,3687.9096407921675
2023-02-13 09:00:00,20.8,26,771.0,4089.5271408459353
2023-02-13 10:00:00,21.0,25,708.8,4067.345807052292
2023-02-13 11:00:00,20.7,26,592.4,4366.690553326463
2023-02-13 12:00:00,18.9,34,376.2,4190.92940907084
2023-02-13 13:00:00,17.4,35,57.3,4203.583507443065
2023-02-13 14:00:00,16.7,34,0.0,4411.6400771551735
2023-02-13 15:00:00,16.5,34,0.0,4143.85522578174
2023-02-13 16:00:00,16.0,34,0.0,3935.995087865018
2023-02-13 17:00:00,15.5,34,0.0,3613.476342804882
2023-02-13 18:00:00,14.8,35,0.0,3389.766292405538
2023-02-13 19:00:00,14.2,36,0.0,3631.5949904821996
2023-02-13 20:00:00,13.7,36,0.0,3379.9021666258277
2023-02-13 21:00:00,13.3,37,0.0,2926.907365221109
2023-02-13 22:00:00,12.7,38,0.0,3043.5579346580807
2023-02-13 23:00:00,12.3,39,0.0,3063.0984991405853
2023-02-14 00:00:00,11.5,46,0.0,3005.9604249243653
2023-02-14 01:00:00,11.0,47,0.0,2992.7573500588924
2023-02-14 02:00:00,11.0,50,14.6,3039.5925451628286
2023-02-14 03:00:00,12.9,52,316.7,3145.028722514074
2023-02-14 04:00:00,15.6,49,545.1,3045.022007944257
2023-02-14 05:00:00,18.2,44,669.5,3346.2494100341637
2023-02-14 06:00:00,20.6,39,737.1,3367.9479853749817
2023-02-14 07:00:00,22.2,35,768.0,3762.5309757346486
2023-02-14 08:00:00,23.0,35,769.2,4266.0943047583705
2023-02-14 09:00:00,23.5,35,744.9,4331.916026540827
2023-02-14 10:00:00,23.5,35,683.7,4624.889359814638
2023-02-14 11:00:00,23.0,37,568.9,4557.38799810421
2023-02-14 12:00:00,20.6,45,362.8,4255.141543233228
2023-02-14 13:00:00,18.2,52,56.3,4028.649438385558
2023-02-14 14:00:00,17.6,53,0.0,4053.6722240128665
2023-02-14 15:00:00,17.0,54,0.0,4230.0321218970885
2023-02-14 16:00:00,16.5,53,0.0,3940.3639267080734
2023-02-14 17:00:00,15.8,54,0.0,3766.479032545635
2023-02-14 18:00:00,15.2,54,0.0,3661.811848813262
2023-02-14 19:00:00,14.4,57,0.0,3300.467062013223
2023-02-14 20:00:00,13.6,60,0.0,3292.2566760604564
2023-02-14 21:00:00,13.4,60,0.0,2821.972101065801
2023-02-14 22:00:00,13.4,59,0.0,2830.2336605934906
2023-02-14 23:00:00,13.5,56,0.0,2601.036308518292
2023-02-15 00:00:00,12.8,64,0.0,2748.2480689355693
2023-02-15 01:00:00,12.8,63,0.0,2767.084816506783
2023-02-15 02:00:00,13.0,62,28.4,3050.8261016883644
2023-02-15 03:00:00,14.9,61,326.3,3223.206645245012
2023-02-15 04:00:00,17.6,55,552.7,3097.767386493275
2023-02-15 05:00:00,20.2,49,679.2,3202.425376009548
2023-02-15 06:00:00,22.4,45,746.1,3460.1437010687196
2023-02-15 07:00:00,24.0,42,777.4,4370.358709796822
2023-02-15 08:00:00,25.0,40,779.9,5128.164062791962
2023-02-15 09:00:00,25.5,39,753.8,5960.930322911387
2023-02-15 10:00:00,25.7,39,694.8,6109.65600889003
2023-02-15 11:00:00,25.3,41,578.4,5916.662198995482
2023-02-15 12:00:00,23.1,48,370.6,4462.505291943498
2023-02-15 13:00:00,20.7,57,55.3,4138.504130333653
2023-02-15 14:00:00,19.5,61,0.0,4392.408948012126
2023-02-15 15:00:00,18.6,61,0.0,3991.6613276042985
2023-02-15 16:00:00,17.9,61,0.0,3988.450554357815
2023-02-15 17:00:00,16.8,63,0.0,3588.4258118916837
2023-02-15 18:00:00,15.8,67,0.0,3655.808615953138
2023-02-15 19:00:00,14.4,74,0.0,3045.90527153203
2023-02-15 20:00:00,13.2,80,0.0,3552.243208634227
2023-02-15 21:00:00,12.9,80,0.0,3212.2605083262442
2023-02-15 22:00:00,12.7,80,0.0,3210.808285549346
2023-02-15 23:00:00,12.3,82,0.0,3256.787578668564
2023-02-16 00:00:00,11.6,87,0.0,2994.338707202538
2023-02-16 01:00:00,11.5,88,0.0,3187.367812523506
2023-02-16 02:00:00,12.1,86,27.8,2843.6099769954635
2023-02-16 03:00:00,15.1,78,315.9,2713.9239771098337
2023-02-16 04:00:00,17.9,68,542.7,3089.5966705305177
2023-02-16 05:00:00,20.5,61,667.5,3198.9733367591307
2023-02-16 06:00:00,22.7,55,735.8,3621.871926499819
2023-02-16 07:00:00,24.3,51,767.8,4545.728419229499
2023-02-16 08:00:00,25.4,48,769.0,5831.081896983924
2023-02-16 09:00:00,26.0,47,745.3,6248.753517346468
2023-02-16 10:00:00,26.2,47,688.8,6689.044055679162
2023-02-16 11:00:00,25.7,48,576.2,6343.844020660529
2023-02-16 12:00:00,23.7,64,370.0,5115.555704287783
2023-02-16 13:00:00,19.8,76,65.3,4324.8327689942225
2023-02-16 14:00:00,21.3,67,0.0,4037.3109265007915
2023-02-16 15:00:00,21.6,65,0.0,3791.201452982404
2023-02-16 16:00:00,17.0,85,0.0,3790.1185957941743
2023-02-16 17:00:00,16.1,87,0.0,3498.9989100713506
2023-02-16 18:00:00,15.3,89,0.0,3630.355268899897
2023-02-16 19:00:00,15.0,89,0.0,3410.339547230836
2023-02-16 20:00:00,16.8,82,0.0,3024.3218499316736
2023-02-16 21:00:00,16.8,81,0.0,3150.290543368358
2023-02-16 22:00:00,14.6,88,0.0,2768.6509951330067
2023-02-16 23:00:00,14.0,89,0.0,2631.1769703469645
2023-02-17 00:00:00,13.8,95,0.0,2817.425432357265
2023-02-17 01:00:00,14.4,94,0.0,2593.527241223244
2023-02-17 02:00:00,13.3,96,13.6,2665.102291399373
2023-02-17 03:00:00,16.3,87,315.4,3063.026244438446
2023-02-17 04:00:00,19.8,77,535.2,3159.5578119673896
2023-02-17 05:00:00,22.5,66,659.3,3411.6293538751
2023-02-17 06:00:00,24.2,59,734.4,4118.579195519996
2023-02-17 07:00:00,25.3,55,763.6,5403.545096870869
2023-02-17 08:00:00,26.2,53,763.6,6655.770649174567
2023-02-17 09:00:00,26.6,52,741.2,7101.749705315749
2023-02-17 10:00:00,26.7,52,671.0,7330.212769744027
2023-02-17 11:00:00,26.3,52,569.4,6971.715388396541
2023-02-17 12:00:00,24.9,61,369.4,5438.642269419696
2023-02-17 13:00:00,21.3,76,64.2,4191.2272261321195
2023-02-17 14:00:00,19.6,85,0.0,4114.132418139801
2023-02-17 15:00:00,19.0,85,0.0,4140.024003947449
2023-02-17 16:00:00,18.7,86,0.0,3871.5649013689385
2023-02-17 17:00:00,18.2,87,0.0,3752.6458729054652
2023-02-17 18:00:00,16.2,90,0.0,3437.253089877438
2023-02-17 19:00:00,15.4,91,0.0,3443.0043824114055
2023-02-17 20:00:00,15.0,91,0.0,3086.820326223978
2023-02-17 21:00:00,14.4,93,0.0,3007.018303460241
2023-02-17 22:00:00,13.6,95,0.0,2757.183207811384
2023-02-17 23:00:00,13.2,96,0.0,2957.2566705313025
2023-02-18 00:00:00,12.6,99,0.0,2813.800917513878
2023-02-18 01:00:00,12.5,100,0.0,2878.34613844524
2023-02-18 02:00:00,13.0,98,26.5,3167.949299466006
2023-02-18 03:00:00,15.0,97,178.6,2586.870325423885
2023-02-18 04:00:00,18.3,89,351.9,3226.466500383019
2023-02-18 05:00:00,21.6,74,626.8,3123.0744524133947
2023-02-18 06:00:00,23.7,60,747.6,3802.5219555213303
2023-02-18 07:00:00,25.0,52,778.2,5254.625597425001
2023-02-18 08:00:00,25.9,47,780.8,6171.422321665322
2023-02-18 09:00:00,26.4,46,757.1,6994.247537637573
2023-02-18 10:00:00,26.4,47,698.9,7158.26148172328
2023-02-18 11:00:00,25.9,50,585.5,6349.364596943971
2023-02-18 12:00:00,24.9,61,380.9,5299.628291296696
2023-02-18 13:00:00,21.3,74,63.2,4582.1588719029205
2023-02-18 14:00:00,19.9,78,0.0,4122.159594712713
2023-02-18 15:00:00,20.0,75,0.0,3878.323733785758
2023-02-18 16:00:00,19.2,78,0.0,3810.690019888821
2023-02-18 17:00:00,17.4,86,0.0,3437.9714501020594
2023-02-18 18:00:00,16.9,87,0.0,3325.7422982258004
2023-02-18 19:00:00,19.5,76,0.0,3194.830167557615
2023-02-18 20:00:00,19.2,76,0.0,3078.376661470499
2023-02-18 21:00:00,17.4,81,0.0,2935.271831632772
2023-02-18 22:00:00,18.0,79,0.0,2832.090352232503
2023-02-18 23:00:00,17.9,79,0.0,2746.9041277775864
2023-02-19 00:00:00,14.9,92,0.0,2677.3555289577184
2023-02-19 01:00:00,15.7,90,0.0,2688.005897530397
2023-02-19 02:00:00,14.8,96,25.9,2881.0981465991754
2023-02-19 03:00:00,16.4,93,277.2,3073.857425729446
2023-02-19 04:00:00,20.0,83,433.3,3095.6913930812257
2023-02-19 05:00:00,23.4,64,683.3,3509.4154602909925
2023-02-19 06:00:00,25.4,51,743.2,5021.863417719066
2023-02-19 07:00:00,26.6,46,756.8,6715.846278666484
2023-02-19 08:00:00,27.4,43,733.3,7940.605838288843
2023-02-19 09:00:00,27.8,42,632.7,8500.0
2023-02-19 10:00:00,27.9,43,684.6,8500.0
2023-02-19 11:00:00,27.5,44,574.3,8455.985940407634
2023-02-19 12:00:00,26.3,55,253.5,7258.169958528993
2023-02-19 13:00:00,23.1,61,20.7,4740.697208064399
2023-02-19 14:00:00,21.1,70,0.0,4084.712003239154
2023-02-19 15:00:00,20.1,76,0.0,3965.598200503543
2023-02-19 16:00:00,18.8,80,0.0,4102.59601551946
2023-02-19 17:00:00,17.4,84,0.0,3539.727117337797
2023-02-19 18:00:00,17.5,83,0.0,3402.177111361869
2023-02-19 19:00:00,17.1,83,0.0,3188.8337633648616
2023-02-19 20:00:00,16.8,84,0.0,3096.4758160871434
2023-02-19 21:00:00,16.5,87,0.0,2924.7343261243686
2023-02-19 22:00:00,15.3,91,0.0,2802.191436078332
2023-02-19 23:00:00,15.5,89,0.0,2680.068767074945
2023-02-20 00:00:00,15.9,89,0.0,2643.7449314031114
2023-02-20 01:00:00,15.5,91,0.0,2765.3372154007225
2023-02-20 02:00:00,15.4,93,25.3,3112.740020200648
2023-02-20 03:00:00,18.8,84,327.1,3039.594378961864
2023-02-20 04:00:00,22.5,69,549.2,3203.646675606077
2023-02-20 05:00:00,25.5,53,671.6,5021.597536233116
2023-02-20 06:00:00,27.5,44,738.8,7732.854552397285
2023-02-20 07:00:00,28.9,39,771.2,8500.0
2023-02-20 08:00:00,29.9,35,775.3,8500.0
2023-02-20 09:00:00,30.5,32,696.9,8500.0
2023-02-20 10:00:00,30.7,31,625.8,8500.0
2023-02-20 11:00:00,30.1,36,565.6,8500.0
2023-02-20 12:00:00,27.4,53,301.4,8305.432096253886
2023-02-20 13:00:00,24.8,58,40.8,5565.823131105084
2023-02-20 14:00:00,23.9,64,0.0,4816.705670427512
2023-02-20 15:00:00,23.4,62,0.0,4411.743683248751
2023-02-20 16:00:00,22.5,63,0.0,3825.7603565824943
2023-02-20 17:00:00,21.5,64,0.0,3856.0897106911643
2023-02-20 18:00:00,20.9,65,0.0,3292.712711805581
2023-02-20 19:00:00,20.4,64,0.0,3507.953151505986
2023-02-20 20:00:00,19.7,63,0.0,3165.0897675998185
2023-02-20 21:00:00,18.7,64,0.0,2797.9633532215007
2023-02-20 22:00:00,18.0,65,0.0,2978.0575015713066
2023-02-20 23:00:00,17.4,66,0.0,2884.6409878491845
2023-02-21 00:00:00,16.2,80,0.0,2820.1653024393604
2023-02-21 01:00:00,15.1,85,0.0,2637.765323344077
2023-02-21 02:00:00,16.2,79,37.0,2769.6543960704025
2023-02-21 03:00:00,19.3,62,344.0,3133.5687573117093
2023-02-21 04:00:00,21.6,46,563.1,3094.469085619399
2023-02-21 05:00:00,23.5,44,689.3,3574.7907678833703
2023-02-21 06:00:00,25.5,42,757.4,5252.121910463584
2023-02-21 07:00:00,27.2,42,788.0,7622.696900532208
2023-02-21 08:00:00,28.2,42,789.5,8500.0
2023-02-21 09:00:00,28.9,42,760.4,8500.0
2023-02-21 10:00:00,29.1,41,701.3,8500.0
2023-02-21 11:00:00,28.6,40,594.7,8500.0
2023-02-21 12:00:00,26.6,54,394.6,7432.007328348717
2023-02-21 13:00:00,22.7,65,80.5,4212.666434300954
2023-02-21 14:00:00,25.8,47,0.0,6304.910503741422
2023-02-21 15:00:00,25.1,46,0.0,5374.448689181216
2023-02-21 16:00:00,18.7,64,0.0,3824.5801511297664
2023-02-21 17:00:00,17.5,68,0.0,3654.362405298969
2023-02-21 18:00:00,16.9,74,0.0,3744.494369682514
2023-02-21 19:00:00,19.6,64,0.0,3286.3041335672783
2023-02-21 20:00:00,16.4,80,0.0,2832.613621618521
2023-02-21 21:00:00,14.6,89,0.0,2834.507605274806
2023-02-21 22:00:00,14.3,90,0.0,2809.4763725899097
2023-02-21 23:00:00,13.5,92,0.0,3066.042153346566
2023-02-22 00:00:00,14.3,99,0.0,2596.65891276771
2023-02-22 01:00:00,14.5,100,0.0,3031.659734124925
2023-02-22 02:00:00,14.9,99,36.2,2637.7726165146078
2023-02-22 03:00:00,17.2,90,272.4,2795.9017591346296
2023-02-22 04:00:00,20.6,73,501.4,3191.155415682835
2023-02-22 05:00:00,23.4,59,670.9,3309.8784392771026
2023-02-22 06:00:00,25.5,48,680.5,5499.1739402435505
2023-02-22 07:00:00,26.9,40,532.2,7158.845383988778
2023-02-22 08:00:00,27.9,34,530.2,8494.065146046012
2023-02-22 09:00:00,28.4,29,539.1,8500.0
2023-02-22 10:00:00,28.1,28,564.4,8500.0
2023-02-22 11:00:00,27.4,31,531.0,8466.153338681299
2023-02-22 12:00:00,25.5,41,302.1,6081.960044997997
2023-02-22 13:00:00,21.8,50,79.3,4537.738892347535
2023-02-22 14:00:00,21.3,51,0.0,4102.518231108842
2023-02-22 15:00:00,20.3,52,0.0,4146.4444786563345
2023-02-22 16:00:00,19.9,52,0.0,4017.335030450328
2023-02-22 17:00:00,18.7,55,0.0,3499.0004988373144
2023-02-22 18:00:00,18.1,56,0.0,3478.5607686775725
2023-02-22 19:00:00,17.6,59,0.0,3495.5787514977515
2023-02-22 20:00:00,16.7,64,0.0,3046.989117604791
2023-02-22 21:00:00,15.5,68,0.0,2942.2489902261127
2023-02-22 22:00:00,14.9,69,0.0,2813.3902996508427
2023-02-22 23:00:00,14.2,72,0.0,2609.640426505781
2023-02-23 00:00:00,14.1,83,0.0,2723.9471577556606
2023-02-23 01:00:00,14.0,81,0.0,2673.0607985817874
2023-02-23 02:00:00,14.3,77,47.2,2955.6370805751153
2023-02-23 03:00:00,16.9,69,354.4,2910.6286345297
2023-02-23 04:00:00,19.8,58,573.7,3293.133768955687
2023-02-23 05:00:00,22.2,51,693.4,3243.8932292342565
2023-02-23 06:00:00,24.4,45,759.9,4359.320958278822
2023-02-23 07:00:00,26.1,36,794.0,6324.484293394512
2023-02-23 08:00:00,27.0,33,803.5,7450.2312703835705
2023-02-23 09:00:00,27.4,31,781.6,8174.922725212793
2023-02-23 10:00:00,27.4,27,722.6,8243.396071913632
2023-02-23 11:00:00,26.9,27,612.5,7615.193357297528
2023-02-23 12:00:00,24.8,34,412.2,5563.714165604336
2023-02-23 13:00:00,21.4,45,88.0,4236.831357839836
2023-02-23 14:00:00,20.3,49,0.0,4093.744345315278
2023-02-23 15:00:00,19.5,49,0.0,4025.0327412040574
2023-02-23 16:00:00,19.0,48,0.0,3805.318537637891
2023-02-23 17:00:00,18.2,48,0.0,3740.986296935088
2023-02-23 18:00:00,17.1,50,0.0,3428.4997296801353
2023-02-23 19:00:00,16.3,52,0.0,3241.4227873026316
2023-02-23 20:00:00,15.8,53,0.0,3003.9195122839374
2023-02-23 21:00:00,15.2,56,0.0,2965.835423149477
2023-02-23 22:00:00,14.5,59,0.0,2727.5743425284113
2023-02-23 23:00:00,13.9,62,0.0,2791.7969948478135
2023-02-24 00:00:00,13.2,71,0.0,2982.2891745737547
2023-02-24 01:00:00,13.0,72,0.0,2748.3669117596405
2023-02-24 02:00:00,13.5,72,46.2,2770.430623109508
2023-02-24 03:00:00,16.6,63,318.9,2832.2088500121563
2023-02-24 04:00:00,19.9,56,425.2,2787.1721824302845
2023-02-24 05:00:00,22.8,46,522.4,3180.5353413425255
2023-02-24 06:00:00,25.0,39,542.1,5000.232333320656
2023-02-24 07:00:00,26.6,32,628.6,6487.383878008236
2023-02-24 08:00:00,27.5,27,710.9,8413.181473694502
2023-02-24 09:00:00,27.9,26,696.2,8500.0
2023-02-24 10:00:00,27.6,26,520.7,8500.0
2023-02-24 11:00:00,26.9,28,404.1,7538.8913646229785
2023-02-24 12:00:00,25.4,42,351.5,5779.152611319767
2023-02-24 13:00:00,22.2,48,86.7,4177.136973530698
2023-02-24 14:00:00,20.7,51,0.0,4125.381964799016
2023-02-24 15:00:00,19.2,56,0.0,4016.2629250562263
2023-02-24 16:00:00,18.4,59,0.0,3875.4186590897825
2023-02-24 17:00:00,17.4,64,0.0,3386.4877767609073
2023-02-24 18:00:00,16.5,66,0.0,3277.7923844986226
2023-02-24 19:00:00,16.1,63,0.0,3191.464843380391
2023-02-24 20:00:00,15.7,62,0.0,3017.2310685631787
2023-02-24 21:00:00,15.3,62,0.0,3073.02140347659
2023-02-24 22:00:00,14.5,64,0.0,2852.2058059128553
2023-02-24 23:00:00,14.0,66,0.0,2941.096395261427
2023-02-25 00:00:00,13.4,77,0.0,2994.508951898984
2023-02-25 01:00:00,13.6,76,0.0,2594.022885576743
2023-02-25 02:00:00,14.3,74,45.2,2659.333990516509
2023-02-25 03:00:00,17.7,65,355.6,2917.5660688086573
2023-02-25 04:00:00,21.5,55,572.4,2964.6924359154655
2023-02-25 05:00:00,24.3,48,690.6,4030.008775161575
2023-02-25 06:00:00,26.3,40,754.1,6208.858899869829
2023-02-25 07:00:00,27.4,35,782.0,7746.145279495044
2023-02-25 08:00:00,28.1,34,781.4,8500.0
2023-02-25 09:00:00,28.4,32,757.2,8500.0
2023-02-25 10:00:00,28.3,32,700.0,8500.0
2023-02-25 11:00:00,27.7,34,591.1,8500.0
2023-02-25 12:00:00,26.1,44,388.5,6532.51503543227
2023-02-25 13:00:00,22.2,56,76.0,4073.1248371391252
2023-02-25 14:00:00,24.2,46,0.0,4775.950699002112
2023-02-25 15:00:00,24.9,42,0.0,5177.883807306541
2023-02-25 16:00:00,22.6,49,0.0,3875.1890337639306
2023-02-25 17:00:00,18.7,66,0.0,3689.6167322252454
2023-02-25 18:00:00,18.5,68,0.0,3399.0705804638274
2023-02-25 19:00:00,19.3,63,0.0,3341.788129844574
2023-02-25 20:00:00,19.7,60,0.0,3075.415708677617
2023-02-25 21:00:00,20.2,57,0.0,2905.6155732012244
2023-02-25 22:00:00,19.1,60,0.0,2835.860164991501
2023-02-25 23:00:00,15.8,75,0.0,2937.2029586103404
2023-02-26 00:00:00,14.8,80,0.0,2892.765049383508
2023-02-26 01:00:00,14.4,80,0.0,2914.9571078726194
2023-02-26 02:00:00,15.5,75,44.2,2818.548013928452
2023-02-26 03:00:00,18.9,64,321.1,2931.4553906319516
2023-02-26 04:00:00,22.5,54,546.8,2954.863866804698
2023-02-26 05:00:00,25.4,44,672.7,5153.442332414213
2023-02-26 06:00:00,27.2,37,733.2,7575.229036118091
2023-02-26 07:00:00,28.4,33,764.0,8500.0
2023-02-26 08:00:00,29.1,31,767.5,8500.0
2023-02-26 09:00:00,29.5,29,745.2,8500.0
2023-02-26 10:00:00,29.4,29,656.1,8500.0
2023-02-26 11:00:00,28.8,29,522.9,8500.0
2023-02-26 12:00:00,27.1,36,351.4,8104.160878813826
2023-02-26 13:00:00,25.1,40,75.0,5812.783999605321
2023-02-26 14:00:00,21.7,49,0.0,3734.5879234024583
2023-02-26 15:00:00,22.4,41,0.0,4058.042724414047
2023-02-26 16:00:00,22.6,40,0.0,4094.1379835384905
2023-02-26 17:00:00,20.4,53,0.0,3866.303795414672
2023-02-26 18:00:00,19.6,58,0.0,3664.4811261317077
2023-02-26 19:00:00,17.8,66,0.0,3245.0004199144596
2023-02-26 20:00:00,16.9,69,0.0,3082.0824476190214
2023-02-26 21:00:00,19.1,59,0.0,2971.844425015498
2023-02-26 22:00:00,17.4,66,0.0,2777.0521873978023
2023-02-26 23:00:00,16.5,70,0.0,2418.229040504157
2023-02-27 00:00:00,16.1,82,0.0,2775.2905377610837
2023-02-27 01:00:00,15.6,85,0.0,2846.1835944168206
2023-02-27 02:00:00,17.0,79,10.8,2755.1605676364047
2023-02-27 03:00:00,19.6,72,154.0,3094.2016689451284
2023-02-27 04:00:00,22.2,65,310.3,3469.6794445084442
2023-02-27 05:00:00,25.1,56,554.7,5108.675805264741
2023-02-27 06:00:00,27.5,45,727.7,8055.272335422627
2023-02-27 07:00:00,29.0,35,765.2,8500.0
2023-02-27 08:00:00,29.7,29,710.7,8500.0
2023-02-27 09:00:00,29.8,27,725.3,8500.0
2023-02-27 10:00:00,29.6,27,673.3,8500.0
2023-02-27 11:00:00,28.8,24,447.0,8500.0
2023-02-27 12:00:00,26.6,35,177.5,7307.817703966
2023-02-27 13:00:00,22.2,51,74.1,4094.3618339925492
2023-02-27 14:00:00,22.5,47,0.0,4543.658074001093
2023-02-27 15:00:00,20.3,51,0.0,4185.525102645766
2023-02-27 16:00:00,23.8,36,0.0,4490.834840258901
2023-02-27 17:00:00,21.4,42,0.0,3446.1803980075742
2023-02-27 18:00:00,19.7,46,0.0,3422.0129631113373
2023-02-27 19:00:00,19.0,47,0.0,3175.5901857275485
2023-02-27 20:00:00,17.4,53,0.0,3168.1350165800523
2023-02-27 21:00:00,16.6,56,0.0,2796.8163434898597
2023-02-27 22:00:00,15.0,62,0.0,2673.494726728627
2023-02-27 23:00:00,15.0,61,0.0,3012.297035540083
2023-02-28 00:00:00,14.4,82,0.0,2684.568074421284
2023-02-28 01:00:00,14.3,84,0.0,2868.0497266299603
2023-02-28 02:00:00,16.0,78,53.0,2703.3278077005343
2023-02-28 03:00:00,19.5,66,359.0,2986.6851593403203
2023-02-28 04:00:00,23.1,55,543.7,3366.563630964607
2023-02-28 05:00:00,25.7,44,673.6,5351.2005493103525
2023-02-28 06:00:00,27.6,37,730.5,8025.497472791205
2023-02-28 07:00:00,28.7,33,738.6,8500.0
2023-02-28 08:00:00,29.3,32,722.4,8500.0
2023-02-28 09:00:00,29.2,29,650.1,8500.0
2023-02-28 10:00:00,28.6,31,214.3,8500.0
2023-02-28 11:00:00,28.3,31,414.5,8500.0
2023-02-28 12:00:00,25.9,36,319.2,6658.3807282619255
2023-02-28 13:00:00,24.5,39,64.0,5393.727960779567
2023-02-28 14:00:00,23.5,41,0.0,4743.294471208662
2023-02-28 15:00:00,22.0,41,0.0,4248.717116636976
2023-02-28 16:00:00,20.1,45,0.0,3947.6825138334607
2023-02-28 17:00:00,18.8,50,0.0,3597.2097053276707
2023-02-28 18:00:00,17.6,56,0.0,3639.6468935180696
2023-02-28 19:00:00,16.6,61,0.0,3630.007463311252
2023-02-28 20:00:00,16.3,63,0.0,3117.894320990465
2023-02-28 21:00:00,15.7,65,0.0,3141.8969319590738
2023-02-28 22:00:00,15.9,62,0.0,2713.971262549898
2023-02-28 23:00:00,16.4,58,0.0,2647.586334411123
2023-03-01 00:00:00,16.0,72,0.0,2713.865017215263
2023-03-01 01:00:00,17.2,65,0.0,2475.7946483417036
2023-03-01 02:00:00,18.0,61,41.5,2886.425414473528
2023-03-01 03:00:00,19.4,56,270.9,3148.9493302910587
2023-03-01 04:00:00,21.4,53,465.9,3248.2215186680137
2023-03-01 05:00:00,24.1,46,542.4,4147.673188625885
2023-03-01 06:00:00,26.4,40,714.2,6251.750712638078
2023-03-01 07:00:00,27.9,35,745.0,8236.843780186648
2023-03-01 08:00:00,29.0,31,750.2,8500.0
2023-03-01 09:00:00,29.6,29,742.5,8500.0
2023-03-01 10:00:00,29.7,28,672.5,8500.0
2023-03-01 11:00:00,29.1,28,359.3,8500.0
2023-03-01 12:00:00,27.1,38,145.6,7980.850474833719
2023-03-01 13:00:00,24.6,43,63.2,5448.807537606415
2023-03-01 14:00:00,23.6,43,0.0,4589.239554772969
2023-03-01 15:00:00,23.4,41,0.0,4390.5620494872355
2023-03-01 16:00:00,19.9,53,0.0,3988.5906356365085
2023-03-01 17:00:00,19.2,56,0.0,3606.3421974818434
2023-03-01 18:00:00,18.3,60,0.0,3514.5345539114915
2023-03-01 19:00:00,17.4,64,0.0,3291.1862001871064
2023-03-01 20:00:00,17.0,65,0.0,3020.905901380995
2023-03-01 21:00:00,16.4,67,0.0,2796.9232457578782
2023-03-01 22:00:00,16.0,67,0.0,2621.2141635832413
2023-03-01 23:00:00,15.2,71,0.0,2771.5925434618907
2023-03-02 00:00:00,15.4,84,0.0,2814.8129343556875
2023-03-02 01:00:00,16.0,81,0.0,2674.6010937929354
2023-03-02 02:00:00,16.8,78,60.9,2796.095850847269
2023-03-02 03:00:00,19.7,69,359.4,2798.511414350784
2023-03-02 04:00:00,22.7,58,560.2,3242.973533430828
2023-03-02 05:00:00,25.7,47,674.3,5367.900601819493
2023-03-02 06:00:00,27.8,40,736.0,8205.03830744332
2023-03-02 07:00:00,29.1,34,758.8,8500.0
2023-03-02 08:00:00,29.8,32,766.6,8500.0
2023-03-02 09:00:00,30.0,32,744.3,8500.0
2023-03-02 10:00:00,29.8,31,681.6,8500.0
2023-03-02 11:00:00,29.0,33,451.0,8500.0
2023-03-02 12:00:00,27.9,37,348.1,8500.0
2023-03-02 13:00:00,25.2,46,53.5,5770.682989663421
2023-03-02 14:00:00,23.4,52,0.0,4278.803249297467
2023-03-02 15:00:00,21.9,51,0.0,4082.5822754799783
2023-03-02 16:00:00,19.7,59,0.0,3797.765658887166
2023-03-02 17:00:00,19.2,60,0.0,3724.3790282906393
2023-03-02 18:00:00,18.9,60,0.0,3488.26283418636
2023-03-02 19:00:00,18.4,61,0.0,3303.89490214848
2023-03-02 20:00:00,18.0,63,0.0,3066.4771606119266
2023-03-02 21:00:00,17.6,64,0.0,3037.462774137023
2023-03-02 22:00:00,17.3,64,0.0,2866.94595770055
2023-03-02 23:00:00,16.8,66,0.0,2619.511204621653
2023-03-03 00:00:00,16.8,80,0.0,2895.6624580344555
2023-03-03 01:00:00,16.8,81,0.0,3060.573646482745
2023-03-03 02:00:00,17.5,78,69.6,2852.023442387602
2023-03-03 03:00:00,20.0,69,357.5,2888.1043514135567
2023-03-03 04:00:00,23.0,59,555.1,3031.968217699189
2023-03-03 05:00:00,26.0,50,666.5,5574.112900508299
2023-03-03 06:00:00,28.4,41,727.8,8500.0
2023-03-03 07:00:00,29.7,36,756.3,8500.0
2023-03-03 08:00:00,30.3,33,758.1,8500.0
2023-03-03 09:00:00,30.6,31,736.8,8500.0
2023-03-03 10:00:00,29.1,31,703.1,8500.0
2023-03-03 11:00:00,28.6,33,334.1,8500.0
2023-03-03 12:00:00,26.2,52,167.2,6845.157670273346
2023-03-03 13:00:00,23.9,58,79.3,4920.8594382178235
2023-03-03 14:00:00,23.1,60,0.0,4439.171280849951
2023-03-03 15:00:00,22.5,60,0.0,4182.130385365484
2023-03-03 16:00:00,22.1,56,0.0,3923.0303458329217
2023-03-03 17:00:00,21.2,56,0.0,3891.9893905789986
2023-03-03 18:00:00,20.1,58,0.0,3473.3244107571227
2023-03-03 19:00:00,19.2,60,0.0,3089.5028190133125
2023-03-03 20:00:00,18.6,59,0.0,3094.351487484193
2023-03-03 21:00:00,18.3,60,0.0,2980.7752079276606
2023-03-03 22:00:00,17.9,63,0.0,3016.6069383887784
2023-03-03 23:00:00,17.5,66,0.0,2833.907458743886
2023-03-04 00:00:00,17.8,72,0.0,2696.2034747555253
2023-03-04 01:00:00,17.6,72,0.0,2825.260586314313
2023-03-04 02:00:00,18.2,68,68.2,2764.4733392334856
2023-03-04 03:00:00,20.5,62,351.9,2868.673245052913
2023-03-04 04:00:00,23.1,54,547.9,3482.31283950049
2023-03-04 05:00:00,25.7,46,668.4,4998.831131588567
2023-03-04 06:00:00,27.6,38,723.8,7790.702477242727
2023-03-04 07:00:00,28.9,35,753.8,8500.0
2023-03-04 08:00:00,29.5,32,563.1,8500.0
2023-03-04 09:00:00,29.8,30,458.9,8500.0
2023-03-04 10:00:00,29.8,29,384.0,8500.0
2023-03-04 11:00:00,29.0,31,226.9,8500.0
2023-03-04 12:00:00,25.5,47,138.0,6241.1994235480215
2023-03-04 13:00:00,23.4,54,26.1,4605.997789164714
2023-03-04 14:00:00,21.8,61,0.0,4045.6373570147143
2023-03-04 15:00:00,20.7,64,0.0,4010.827500685417
2023-03-04 16:00:00,20.0,66,0.0,3782.3758455096427
2023-03-04 17:00:00,19.2,67,0.0,3749.3342738974407
2023-03-04 18:00:00,19.0,67,0.0,3710.8702987002644
2023-03-04 19:00:00,18.5,69,0.0,3452.635025345811
2023-03-04 20:00:00,17.7,73,0.0,3109.150008272748
2023-03-04 21:00:00,17.3,75,0.0,2990.0864631886543
2023-03-04 22:00:00,16.8,77,0.0,3145.488212178461
2023-03-04 23:00:00,16.5,79,0.0,2572.9171223515814
2023-03-05 00:00:00,16.3,81,0.0,2950.038338289853
2023-03-05 01:00:00,16.7,77,0.0,2476.1889696245535
2023-03-05 02:00:00,17.3,74,76.4,2558.1125305290916
2023-03-05 03:00:00,20.4,65,372.2,2726.6738802959667
2023-03-05 04:00:00,23.7,54,572.7,3646.5070820586284
2023-03-05 05:00:00,26.2,45,684.5,5870.729489455435
2023-03-05 06:00:00,27.8,38,745.1,7810.4180450481435
2023-03-05 07:00:00,28.7,34,774.8,8500.0
2023-03-05 08:00:00,29.4,31,776.9,8500.0
2023-03-05 09:00:00,29.6,28,739.2,8500.0
2023-03-05 10:00:00,29.4,25,662.1,8500.0
2023-03-05 11:00:00,28.6,27,446.9,8500.0
2023-03-05 12:00:00,27.0,34,335.1,7860.098226845327
2023-03-05 13:00:00,24.7,40,94.8,5400.681470951127
2023-03-05 14:00:00,23.1,46,0.0,4130.894779641803
2023-03-05 15:00:00,21.8,47,0.0,4288.463828818412
2023-03-05 16:00:00,20.8,51,0.0,3763.935559577739
2023-03-05 17:00:00,19.9,54,0.0,3856.9212402289936
2023-03-05 18:00:00,19.1,53,0.0,3415.0582855104103
2023-03-05 19:00:00,18.5,54,0.0,3403.4758267154516
2023-03-05 20:00:00,17.9,56,0.0,3204.8258208865896
2023-03-05 21:00:00,17.2,59,0.0,2907.4024458205595
2023-03-05 22:00:00,16.7,62,0.0,2825.3972117495077
2023-03-05 23:00:00,15.9,65,0.0,2837.576350552784
2023-03-06 00:00:00,15.9,73,0.0,3018.530398685994
2023-03-06 01:00:00,16.0,73,0.0,2669.036091006614
2023-03-06 02:00:00,16.7,71,84.2,2725.8293025434596
2023-03-06 03:00:00,19.6,64,384.6,2995.815492692802
2023-03-06 04:00:00,22.6,54,582.2,3272.8159176641584
2023-03-06 05:00:00,25.3,45,694.0,4773.802093116113
2023-03-06 06:00:00,27.1,37,755.6,7036.081725302631
2023-03-06 07:00:00,28.1,32,784.5,8500.0
2023-03-06 08:00:00,28.6,29,789.2,8500.0
2023-03-06 09:00:00,28.7,28,766.1,8500.0
2023-03-06 10:00:00,28.5,28,712.7,8500.0
2023-03-06 11:00:00,28.1,28,605.2,8500.0
2023-03-06 12:00:00,26.3,34,413.4,6952.918465247332
2023-03-06 13:00:00,22.4,46,110.8,4256.021594437176
2023-03-06 14:00:00,21.3,48,0.0,4402.702498067554
2023-03-06 15:00:00,20.7,50,0.0,4179.67294357683
2023-03-06 16:00:00,19.5,54,0.0,4048.6862556503465
2023-03-06 17:00:00,20.0,51,0.0,3628.6033411956096
2023-03-06 18:00:00,19.0,53,0.0,3492.52674910419
2023-03-06 19:00:00,18.0,54,0.0,3363.801587076409
2023-03-06 20:00:00,17.4,57,0.0,3416.8470839957045
2023-03-06 21:00:00,17.0,59,0.0,3144.205221363162
2023-03-06 22:00:00,16.6,61,0.0,3031.0255630584156
2023-03-06 23:00:00,15.9,64,0.0,2728.5226711739692
2023-03-07 00:00:00,15.8,72,0.0,2554.087160087962
2023-03-07 01:00:00,16.0,72,0.0,2606.424965314791
2023-03-07 02:00:00,17.1,70,45.8,2841.820250064879
2023-03-07 03:00:00,20.2,61,260.8,3163.1339016136244
2023-03-07 04:00:00,23.5,52,568.6,3285.1545983898723
2023-03-07 05:00:00,25.9,39,650.4,5468.085540478119
2023-03-07 06:00:00,27.3,32,706.6,7381.557866263144
2023-03-07 07:00:00,28.2,27,728.2,8500.0
2023-03-07 08:00:00,28.6,25,728.4,8500.0
2023-03-07 09:00:00,28.7,24,631.8,8500.0
2023-03-07 10:00:00,28.4,25,678.6,8500.0
2023-03-07 11:00:00,28.0,26,613.8,8500.0
2023-03-07 12:00:00,26.3,37,426.5,7038.708244384798
2023-03-07 13:00:00,25.9,33,118.0,6646.2568873100745
2023-03-07 14:00:00,20.9,52,0.0,4034.6580471473826
2023-03-07 15:00:00,20.6,53,0.0,4006.554438702682
2023-03-07 16:00:00,20.2,53,0.0,3829.0244735113624
2023-03-07 17:00:00,18.8,55,0.0,3855.408618871273
2023-03-07 18:00:00,18.1,56,0.0,3575.7107166631654
2023-03-07 19:00:00,17.7,57,0.0,3098.4401587561492
2023-03-07 20:00:00,18.0,55,0.0,2834.3559323802833
2023-03-07 21:00:00,21.1,42,0.0,2627.3064863996133
2023-03-07 22:00:00,15.9,66,0.0,2886.6244579620875
2023-03-07 23:00:00,15.3,71,0.0,3043.721347463066
2023-03-08 00:00:00,14.8,81,0.0,2634.038327975751
2023-03-08 01:00:00,15.2,80,0.0,2578.0328076630367
2023-03-08 02:00:00,17.0,72,80.9,2715.85724367435
2023-03-08 03:00:00,19.9,63,369.4,2957.1985276711803
2023-03-08 04:00:00,23.1,53,563.5,3526.750340759995
2023-03-08 05:00:00,25.7,44,680.2,5317.367326187509
2023-03-08 06:00:00,27.1,38,736.9,7107.181194811511
2023-03-08 07:00:00,28.2,33,758.7,8500.0
2023-03-08 08:00:00,27.1,30,652.4,7526.463098463869
2023-03-08 09:00:00,26.8,32,412.8,7442.638471990805
2023-03-08 10:00:00,26.3,36,399.4,6896.2374764501055
2023-03-08 11:00:00,25.0,41,60.4,5640.673824038962
2023-03-08 12:00:00,24.5,46,239.7,5369.236209329863
2023-03-08 13:00:00,22.8,52,50.0,4657.256296796397
2023-03-08 14:00:00,21.2,59,0.0,4040.3401270062404
2023-03-08 15:00:00,20.6,59,0.0,4071.6363315054205
2023-03-08 16:00:00,20.5,56,0.0,4110.624537163597
2023-03-08 17:00:00,19.7,59,0.0,3705.850232249485
2023-03-08 18:00:00,18.1,68,0.0,3523.3460425634557
2023-03-08 19:00:00,16.9,76,0.0,3232.1886498110794
2023-03-08 20:00:00,16.3,80,0.0,2958.8409824769383
2023-03-08 21:00:00,16.4,80,0.0,2829.340969523403
2023-03-08 22:00:00,15.9,83,0.0,2762.4775828539127
2023-03-08 23:00:00,16.0,82,0.0,2685.9162144411916
2023-03-09 00:00:00,16.2,85,0.0,2509.9517580341167
2023-03-09 01:00:00,16.7,80,0.0,2725.406872609782
2023-03-09 02:00:00,17.8,75,88.1,2811.0282152116297
2023-03-09 03:00:00,20.8,66,367.2,2863.4315944900986
2023-03-09 04:00:00,23.7,55,566.6,3384.866560057932
2023-03-09 05:00:00,25.9,45,657.2,5428.795774158777
2023-03-09 06:00:00,27.5,36,723.8,7632.040597661088
2023-03-09 07:00:00,27.0,38,612.4,6887.028542162951
2023-03-09 08:00:00,26.9,37,492.6,7370.95696429233
2023-03-09 09:00:00,27.1,38,592.6,7574.835124131338
2023-03-09 10:00:00,27.0,38,535.7,7827.86966038956
2023-03-09 11:00:00,26.6,39,448.7,7358.4282022495145
2023-03-09 12:00:00,21.6,62,349.9,4192.390585491851
2023-03-09 13:00:00,21.0,66,74.3,4357.109962367644
2023-03-09 14:00:00,20.5,66,0.0,3965.3513194321763
2023-03-09 15:00:00,20.4,60,0.0,3976.2039558032056
2023-03-09 16:00:00,19.7,62,0.0,4279.766360424554
2023-03-09 17:00:00,18.7,67,0.0,3749.3632638795807
2023-03-09 18:00:00,18.0,70,0.0,3473.8645868732333
2023-03-09 19:00:00,17.4,73,0.0,3255.501182761384
2023-03-09 20:00:00,16.8,75,0.0,3257.750057087374
2023-03-09 21:00:00,16.3,79,0.0,3051.3035450076927
2023-03-09 22:00:00,15.9,81,0.0,2734.3695944102074
2023-03-09 23:00:00,15.5,84,0.0,2701.5441609939567
2023-03-10 00:00:00,16.1,93,0.0,2630.978346023118
2023-03-10 01:00:00,16.3,90,0.0,2783.0258249689464
2023-03-10 02:00:00,17.2,85,103.7,2824.730890460304
2023-03-10 03:00:00,20.2,71,392.4,3074.532469501946
2023-03-10 04:00:00,23.5,58,582.0,3593.675604611431
2023-03-10 05:00:00,26.0,47,688.1,5608.828710366449
2023-03-10 06:00:00,27.5,41,744.6,7518.5513557156355
2023-03-10 07:00:00,28.4,36,772.1,8500.0
2023-03-10 08:00:00,29.0,34,772.9,8500.0
2023-03-10 09:00:00,29.2,33,748.8,8500.0
2023-03-10 10:00:00,29.0,33,693.3,8500.0
2023-03-10 11:00:00,28.8,32,589.6,8500.0
2023-03-10 12:00:00,27.9,38,409.2,8500.0
2023-03-10 13:00:00,25.6,43,114.4,6087.643758306232
2023-03-10 14:00:00,24.1,49,0.0,4823.09064932345
2023-03-10 15:00:00,23.0,53,0.0,3928.7780359326616
2023-03-10 16:00:00,22.1,52,0.0,3733.3732996135127
2023-03-10 17:00:00,21.0,53,0.0,3752.7210245391184
2023-03-10 18:00:00,20.1,56,0.0,3527.048072842507
2023-03-10 19:00:00,18.9,61,0.0,3443.2998150117783
2023-03-10 20:00:00,17.9,67,0.0,3111.482264516907
2023-03-10 21:00:00,17.4,69,0.0,3019.4638241446964
2023-03-10 22:00:00,16.9,72,0.0,2814.740127977878
2023-03-10 23:00:00,17.0,70,0.0,2905.9470183326926
2023-03-11 00:00:00,16.2,79,0.0,2720.9660450965257
2023-03-11 01:00:00,16.4,79,0.0,2696.8290053174173
2023-03-11 02:00:00,17.6,76,110.2,2936.8976085815634
2023-03-11 03:00:00,21.3,65,400.1,2919.4794725319803
2023-03-11 04:00:00,24.7,52,584.9,4342.551076596629
2023-03-11 05:00:00,27.1,42,688.2,7205.427273177618
2023-03-11 06:00:00,28.6,35,744.6,8500.0
2023-03-11 07:00:00,29.5,31,770.9,8500.0
2023-03-11 08:00:00,30.0,29,770.8,8500.0
2023-03-11 09:00:00,30.0,29,749.5,8500.0
2023-03-11 10:00:00,29.7,30,694.7,8500.0
2023-03-11 11:00:00,29.1,32,596.3,8500.0
2023-03-11 12:00:00,28.3,34,383.2,8500.0
2023-03-11 13:00:00,26.2,38,129.4,6691.981341604037
2023-03-11 14:00:00,23.8,47,0.0,4589.418789597235
2023-03-11 15:00:00,24.2,44,0.0,4805.122313377851
2023-03-11 16:00:00,23.8,45,0.0,4428.898818579694
2023-03-11 17:00:00,21.8,52,0.0,3552.822291682516
2023-03-11 18:00:00,20.6,56,0.0,3842.741999006764
2023-03-11 19:00:00,19.7,62,0.0,3157.3720136594784
2023-03-11 20:00:00,19.2,65,0.0,3080.671274115543
2023-03-11 21:00:00,18.5,68,0.0,2864.5503481843457
2023-03-11 22:00:00,17.7,72,0.0,2675.1334511498585
2023-03-11 23:00:00,17.5,72,0.0,2554.0725350016114
2023-03-12 00:00:00,17.1,73,0.0,2482.50479469236
2023-03-12 01:00:00,17.1,71,0.0,2767.1011768701333
2023-03-12 02:00:00,20.0,63,116.5,2631.4841777397355
2023-03-12 03:00:00,23.8,55,404.2,3515.4248004933493
2023-03-12 04:00:00,26.7,45,589.8,6283.283296203263
2023-03-12 05:00:00,28.6,38,692.9,8500.0
2023-03-12 06:00:00,29.9,34,748.4,8500.0
2023-03-12 07:00:00,30.8,31,773.4,8500.0
2023-03-12 08:00:00,31.5,29,774.7,8500.0
2023-03-12 09:00:00,31.9,27,751.5,8500.0
2023-03-12 10:00:00,31.7,27,697.6,8500.0
2023-03-12 11:00:00,31.0,29,597.1,8500.0
2023-03-12 12:00:00,29.8,33,415.5,8500.0
2023-03-12 13:00:00,26.4,41,128.1,6956.56328579608
2023-03-12 14:00:00,25.4,42,0.0,6073.827524757104
2023-03-12 15:00:00,23.4,50,0.0,4258.9828732801125
2023-03-12 16:00:00,22.7,51,0.0,3914.8529344695717
2023-03-12 17:00:00,23.0,45,0.0,3970.9196475110857
2023-03-12 18:00:00,20.6,55,0.0,3408.105804457512
2023-03-12 19:00:00,20.0,58,0.0,3536.0792666224065
2023-03-12 20:00:00,19.9,58,0.0,3310.7360103203737
2023-03-12 21:00:00,20.1,58,0.0,2755.6432749371047
2023-03-12 22:00:00,21.4,53,0.0,2613.5330719278727
2023-03-12 23:00:00,18.5,66,0.0,2856.7559887617417
2023-03-13 00:00:00,18.0,74,0.0,2992.78932750449
2023-03-13 01:00:00,17.5,77,0.0,2643.6589851718536
2023-03-13 02:00:00,19.4,72,65.3,2841.9305564552465
2023-03-13 03:00:00,22.5,64,186.1,2898.5360401794055
2023-03-13 04:00:00,26.1,54,570.9,5583.261719950951
2023-03-13 05:00:00,28.7,42,699.0,8500.0
2023-03-13 06:00:00,30.4,36,675.5,8500.0
2023-03-13 07:00:00,31.5,31,724.8,8500.0
2023-03-13 08:00:00,32.1,28,722.8,8500.0
2023-03-13 09:00:00,31.7,27,580.1,8500.0
2023-03-13 10:00:00,29.7,30,131.2,8500.0
2023-03-13 11:00:00,30.0,29,248.9,8500.0
2023-03-13 12:00:00,29.3,29,377.1,8500.0
2023-03-13 13:00:00,26.7,37,71.4,7653.2856318110535
2023-03-13 14:00:00,24.5,42,0.0,5346.653755561824
2023-03-13 15:00:00,23.5,45,0.0,4520.599280387161
2023-03-13 16:00:00,22.2,50,0.0,3908.3581284119928
2023-03-13 17:00:00,20.5,60,0.0,3921.891061425077
2023-03-13 18:00:00,19.4,65,0.0,3514.635371150854
2023-03-13 19:00:00,19.6,65,0.0,3266.0743466222984
2023-03-13 20:00:00,18.4,68,0.0,3040.40305277504
2023-03-13 21:00:00,20.3,58,0.0,3112.8995253483195
2023-03-13 22:00:00,19.7,59,0.0,2670.676545538433
2023-03-13 23:00:00,17.2,71,0.0,2730.1085173218116
2023-03-14 00:00:00,17.4,77,0.0,2400.9732980380645
2023-03-14 01:00:00,17.4,77,0.0,2674.3759535109625
2023-03-14 02:00:00,18.9,72,128.4,2826.842949184585
2023-03-14 03:00:00,22.6,62,415.3,2952.9591049424066
2023-03-14 04:00:00,26.1,54,599.4,5302.3999546953055
2023-03-14 05:00:00,28.4,43,702.1,8500.0
2023-03-14 06:00:00,30.0,35,758.6,8500.0
2023-03-14 07:00:00,31.1,31,783.1,8500.0
2023-03-14 08:00:00,31.6,27,784.9,8500.0
2023-03-14 09:00:00,31.4,24,716.2,8500.0
2023-03-14 10:00:00,31.3,23,425.9,8500.0
2023-03-14 11:00:00,31.0,22,510.9,8500.0
2023-03-14 12:00:00,29.5,29,409.1,8500.0
2023-03-14 13:00:00,26.3,37,133.6,6881.6977171914195
2023-03-14 14:00:00,25.2,40,0.0,5869.310052876208
2023-03-14 15:00:00,24.1,44,0.0,4965.455442656964
2023-03-14 16:00:00,23.1,44,0.0,4095.494373924247
2023-03-14 17:00:00,21.1,51,0.0,4124.5022579208735
2023-03-14 18:00:00,20.8,51,0.0,3454.1993981204623
2023-03-14 19:00:00,19.1,58,0.0,3370.597770579739
2023-03-14 20:00:00,18.5,60,0.0,2923.030403084524
2023-03-14 21:00:00,21.0,48,0.0,2943.1333716271033
2023-03-14 22:00:00,17.2,63,0.0,2733.020575120512
2023-03-14 23:00:00,18.4,58,0.0,2698.574444780356
2023-03-15 00:00:00,18.8,69,0.0,2653.091403727102
2023-03-15 01:00:00,20.2,62,0.0,2603.4548923051434
2023-03-15 02:00:00,20.4,64,134.0,2881.9899300439633
2023-03-15 03:00:00,23.4,58,425.4,3208.4769910714144
2023-03-15 04:00:00,26.3,49,606.1,5646.05027346718
2023-03-15 05:00:00,28.4,42,706.7,8500.0
2023-03-15 06:00:00,29.9,36,759.9,8500.0
2023-03-15 07:00:00,30.9,31,785.6,8500.0
2023-03-15 08:00:00,31.9,26,725.2,8500.0
2023-03-15 09:00:00,32.3,22,667.8,8500.0
2023-03-15 10:00:00,31.1,24,580.8,8500.0
2023-03-15 11:00:00,30.5,24,423.0,8500.0
2023-03-15 12:00:00,30.0,25,314.7,8500.0
2023-03-15 13:00:00,28.5,26,77.8,8500.0
2023-03-15 14:00:00,25.6,33,0.0,6081.567300552352
2023-03-15 15:00:00,24.0,39,0.0,4620.748554892166
2023-03-15 16:00:00,23.3,45,0.0,4190.2154460462425
2023-03-15 17:00:00,22.8,41,0.0,4023.971060429649
2023-03-15 18:00:00,22.8,39,0.0,3416.9256546550737
2023-03-15 19:00:00,21.9,40,0.0,3131.8674718819134
2023-03-15 20:00:00,20.7,44,0.0,3370.8158637433903
2023-03-15 21:00:00,19.6,49,0.0,2916.9791794367493
2023-03-15 22:00:00,19.8,47,0.0,2973.884918278952
2023-03-15 23:00:00,19.1,52,0.0,2740.4063050171258
2023-03-16 00:00:00,19.0,62,0.0,2978.3703752266883
2023-03-16 01:00:00,20.2,57,0.0,2972.2252612865254
2023-03-16 02:00:00,21.4,56,54.2,2914.9812512549124
2023-03-16 03:00:00,23.7,52,156.6,3324.480215724631
2023-03-16 04:00:00,26.1,45,230.0,5960.732390507694
2023-03-16 05:00:00,27.6,39,531.6,7538.531619695705
2023-03-16 06:00:00,29.7,34,552.0,8500.0
2023-03-16 07:00:00,31.2,28,614.5,8500.0
2023-03-16 08:00:00,31.4,26,544.1,8500.0
2023-03-16 09:00:00,31.9,24,630.0,8500.0
2023-03-16 10:00:00,31.3,25,298.7,8500.0
2023-03-16 11:00:00,26.7,44,227.8,7495.356708498146
2023-03-16 12:00:00,27.6,32,15.6,8500.0
2023-03-16 13:00:00,25.0,41,0.0,5586.563399875696
2023-03-16 14:00:00,24.3,41,0.0,5072.396654511872
2023-03-16 15:00:00,23.7,42,0.0,4600.257344269559
2023-03-16 16:00:00,22.2,48,0.0,4003.2287170598456
2023-03-16 17:00:00,21.4,51,0.0,3873.4500287041524
2023-03-16 18:00:00,23.8,41,0.0,3982.5222348748775
2023-03-16 19:00:00,21.0,54,0.0,3264.639085605924
2023-03-16 20:00:00,21.3,52,0.0,3166.3147765109675
2023-03-16 21:00:00,20.0,57,0.0,3293.9331994185613
2023-03-16 22:00:00,19.8,61,0.0,3017.150248827769
2023-03-16 23:00:00,20.0,56,0.0,2674.8556539137553
2023-03-17 00:00:00,19.5,67,0.0,3025.4250164643936
2023-03-17 01:00:00,19.7,65,0.0,2759.993605762252
2023-03-17 02:00:00,20.3,64,137.1,2618.636136449329
2023-03-17 03:00:00,22.2,59,377.0,2970.087923980897
2023-03-17 04:00:00,23.9,52,498.5,3677.285963547206
2023-03-17 05:00:00,25.6,48,549.0,5261.480407825107
2023-03-17 06:00:00,26.5,45,564.4,6459.916371730838
2023-03-17 07:00:00,27.0,44,411.1,7018.555624806982
2023-03-17 08:00:00,28.1,39,653.0,8500.0
2023-03-17 09:00:00,28.5,36,438.0,8500.0
2023-03-17 10:00:00,24.6,57,193.5,5058.032896302933
2023-03-17 11:00:00,24.6,53,128.7,5636.369070812785
2023-03-17 12:00:00,23.6,55,37.2,4620.184625866966
2023-03-17 13:00:00,23.0,55,99.4,4706.428183519413
2023-03-17 14:00:00,21.6,64,0.0,4369.569978423226
2023-03-17 15:00:00,22.5,58,0.0,4105.553776139021
2023-03-17 16:00:00,22.1,59,0.0,3925.473900321549
2023-03-17 17:00:00,22.0,59,0.0,3618.233231871466
2023-03-17 18:00:00,21.9,59,0.0,3204.293021033125
2023-03-17 19:00:00,19.2,73,0.0,3350.08544230252
2023-03-17 20:00:00,18.7,79,0.0,2861.2916821990807
2023-03-17 21:00:00,18.4,81,0.0,3127.395351460502
2023-03-17 22:00:00,18.6,78,0.0,2861.197251271901
2023-03-17 23:00:00,18.1,79,0.0,2972.8397723842977
2023-03-18 00:00:00,17.9,84,0.0,2470.7221537880564
2023-03-18 01:00:00,17.9,84,0.0,2740.5653168399945
2023-03-18 02:00:00,18.7,80,52.4,2853.1338919438767
2023-03-18 03:00:00,19.4,78,308.0,3027.538027495764
2023-03-18 04:00:00,19.7,75,298.6,3163.158891476553
2023-03-18 05:00:00,22.3,66,621.4,3547.8108475193712
2023-03-18 06:00:00,24.1,58,656.6,4226.8114556842465
2023-03-18 07:00:00,25.2,53,681.6,5346.245198540992
2023-03-18 08:00:00,26.0,49,661.0,6000.066249470701
2023-03-18 09:00:00,26.8,45,631.5,7129.874775216147
2023-03-18 10:00:00,26.8,42,429.2,7497.546199027703
2023-03-18 11:00:00,25.9,42,208.4,6450.761419707328
2023-03-18 12:00:00,19.7,89,209.3,4408.712758276412
2023-03-18 13:00:00,19.4,90,53.1,4242.771072434336
2023-03-18 14:00:00,18.3,93,0.0,4173.710620333821
2023-03-18 15:00:00,17.9,92,0.0,4089.476560993334
2023-03-18 16:00:00,17.5,94,0.0,4050.423768552062
2023-03-18 17:00:00,17.3,94,0.0,4031.338973492415
2023-03-18 18:00:00,16.7,95,0.0,3707.3297202587164
2023-03-18 19:00:00,16.7,95,0.0,2928.83895582142
2023-03-18 20:00:00,16.5,96,0.0,3160.8563288418145
2023-03-18 21:00:00,16.0,96,0.0,3014.0269703290105
2023-03-18 22:00:00,15.6,97,0.0,2885.2035581560804
2023-03-18 23:00:00,15.2,97,0.0,2621.14307902545
2023-03-19 00:00:00,17.1,94,0.0,2880.697793529882
2023-03-19 01:00:00,17.1,93,0.0,2553.1713789924947
2023-03-19 02:00:00,17.6,92,88.5,2696.1194095254364
2023-03-19 03:00:00,18.7,87,174.6,3129.802226840114
2023-03-19 04:00:00,20.0,81,173.6,3250.158599554793
2023-03-19 05:00:00,21.7,75,293.7,3516.2961115898597
2023-03-19 06:00:00,23.1,69,426.2,3995.718675850443
2023-03-19 07:00:00,24.0,66,588.5,4305.405873359891
2023-03-19 08:00:00,24.7,64,571.6,5205.40075849643
2023-03-19 09:00:00,25.0,62,559.4,5348.147818145698
2023-03-19 10:00:00,25.2,60,552.6,5769.901543257586
2023-03-19 11:00:00,25.0,58,510.0,5992.611187947736
2023-03-19 12:00:00,22.8,68,210.9,4580.790519863736
2023-03-19 13:00:00,20.9,81,45.1,4081.9686082509234
2023-03-19 14:00:00,20.0,84,0.0,4368.520620668751
2023-03-19 15:00:00,19.4,87,0.0,4110.625483304161
2023-03-19 16:00:00,18.7,90,0.0,3922.3946005307907
2023-03-19 17:00:00,18.1,93,0.0,3847.6689376714216
2023-03-19 18:00:00,17.6,95,0.0,3454.0323957025644
2023-03-19 19:00:00,17.1,96,0.0,3200.5471141554253
2023-03-19 20:00:00,17.1,97,0.0,3116.856684597998
2023-03-19 21:00:00,16.8,96,0.0,3018.190490624058
2023-03-19 22:00:00,16.2,98,0.0,2952.2654392315403
2023-03-19 23:00:00,16.3,98,0.0,2571.0707730050854
2023-03-20 00:00:00,16.6,97,0.0,2635.494426455036
2023-03-20 01:00:00,17.1,95,0.0,2578.3448876600364
2023-03-20 02:00:00,17.0,94,21.8,2644.8249830212435
2023-03-20 03:00:00,17.8,89,8.9,3028.500551255936
2023-03-20 04:00:00,19.6,81,84.3,3152.24390046686
2023-03-20 05:00:00,21.1,76,282.0,3123.7000967656422
2023-03-20 06:00:00,22.2,70,258.5,3567.6581097034796
2023-03-20 07:00:00,22.8,66,235.4,3856.2636137344507
2023-03-20 08:00:00,23.0,66,174.4,4033.49343058499
2023-03-20 09:00:00,22.9,68,234.6,4201.006239915439
2023-03-20 10:00:00,23.7,63,331.7,4820.07757696286
2023-03-20 11:00:00,19.4,84,248.1,4417.344884395513
2023-03-20 12:00:00,19.2,86,12.1,4152.480450935434
2023-03-20 13:00:00,18.4,90,0.0,4377.771915915407
2023-03-20 14:00:00,17.7,92,0.0,4257.472019923321
2023-03-20 15:00:00,17.2,96,0.0,4204.4924915669435
2023-03-20 16:00:00,17.3,95,0.0,3816.8355886846743
2023-03-20 17:00:00,16.9,96,0.0,3861.6450649213966
2023-03-20 18:00:00,16.1,97,0.0,3570.2082081930694
2023-03-20 19:00:00,15.8,97,0.0,3254.327995499004
2023-03-20 20:00:00,15.3,98,0.0,3212.192442370013
2023-03-20 21:00:00,15.4,98,0.0,2939.438443051899
2023-03-20 22:00:00,15.2,98,0.0,2643.6085767189948
2023-03-20 23:00:00,14.6,99,0.0,2802.9114672212777
2023-03-21 00:00:00,16.0,99,0.0,2842.6014046538853
2023-03-21 01:00:00,16.2,98,0.0,2715.261183086268
2023-03-21 02:00:00,16.4,94,42.9,2937.6403618437707
2023-03-21 03:00:00,16.9,90,32.3,2838.9746638564875
2023-03-21 04:00:00,16.7,92,48.3,3069.67737546334
2023-03-21 05:00:00,19.2,78,297.6,3547.018329958366
2023-03-21 06:00:00,20.6,72,309.1,3423.6683546802346
2023-03-21 07:00:00,21.5,69,585.0,3732.762419517387
2023-03-21 08:00:00,22.2,69,668.7,4118.386752924077
2023-03-21 09:00:00,22.6,66,588.8,4100.866922113296
2023-03-21 10:00:00,22.9,60,635.0,4367.63272460695
2023-03-21 11:00:00,23.1,59,548.7,4419.313690007172
2023-03-21 12:00:00,22.3,62,394.9,4297.7990406521985
2023-03-21 13:00:00,20.5,70,125.6,4063.5308398005564
2023-03-21 14:00:00,19.0,76,0.0,4163.532138420469
2023-03-21 15:00:00,18.0,83,0.0,4400.724917440961
2023-03-21 16:00:00,16.9,90,0.0,3983.5966841670124
2023-03-21 17:00:00,16.4,93,0.0,3878.966136526884
2023-03-21 18:00:00,15.5,95,0.0,3500.9214002648355
2023-03-21 19:00:00,14.7,97,0.0,3221.6275433053593
2023-03-21 20:00:00,14.6,97,0.0,3308.9734290298375
2023-03-21 21:00:00,14.2,97,0.0,3199.279654187132
2023-03-21 22:00:00,14.5,96,0.0,2866.4346512691595
2023-03-21 23:00:00,14.0,97,0.0,2884.6463908117016
2023-03-22 00:00:00,14.2,100,0.0,3023.7055400403874
2023-03-22 01:00:00,15.0,99,0.0,2605.6648991124
2023-03-22 02:00:00,15.7,97,70.3,2737.8671412369486
2023-03-22 03:00:00,17.6,91,231.9,2736.599607805439
2023-03-22 04:00:00,20.3,76,455.5,3045.796962336314
2023-03-22 05:00:00,22.3,64,678.7,3400.258307114912
2023-03-22 06:00:00,23.9,55,735.5,4069.3958274303095
2023-03-22 07:00:00,25.0,49,757.9,5183.976896508809
2023-03-22 08:00:00,25.7,47,758.1,6086.335780389215
2023-03-22 09:00:00,26.1,45,728.6,6428.0942302505355
2023-03-22 10:00:00,26.3,43,677.2,6993.523149219582
2023-03-22 11:00:00,26.0,44,574.4,6851.517400770495
2023-03-22 12:00:00,23.6,56,395.2,4514.760545824529
2023-03-22 13:00:00,21.5,65,131.9,4425.945125677234
2023-03-22 14:00:00,20.1,71,0.0,4035.047342087184
2023-03-22 15:00:00,19.3,73,0.0,4120.95550136071
2023-03-22 16:00:00,18.9,74,0.0,3907.458814450944
2023-03-22 17:00:00,18.0,78,0.0,3816.901048631341
2023-03-22 18:00:00,17.8,79,0.0,3427.6159827119104
2023-03-22 19:00:00,17.5,82,0.0,3242.3613951250745
2023-03-22 20:00:00,16.8,87,0.0,3215.7029282590115
2023-03-22 21:00:00,16.3,91,0.0,2454.239426127752
2023-03-22 22:00:00,15.9,92,0.0,2692.1617262139753
2023-03-22 23:00:00,15.5,92,0.0,2500.879129164627
2023-03-23 00:00:00,15.7,95,0.0,2663.8005251459276
2023-03-23 01:00:00,15.8,94,0.0,2864.6444228116256
2023-03-23 02:00:00,17.7,86,173.2,2917.1280217586377
2023-03-23 03:00:00,20.5,76,432.4,2938.326917020433
2023-03-23 04:00:00,23.1,66,602.2,3180.9847367322145
2023-03-23 05:00:00,25.2,53,699.0,5013.589771955447
2023-03-23 06:00:00,26.6,43,750.5,6618.548207595045
2023-03-23 07:00:00,27.5,39,772.1,7749.371101286602
2023-03-23 08:00:00,27.9,37,742.9,8500.0
2023-03-23 09:00:00,28.0,36,662.2,8500.0
2023-03-23 10:00:00,27.9,36,626.1,8500.0
2023-03-23 11:00:00,27.6,36,528.9,8500.0
2023-03-23 12:00:00,26.2,51,383.7,6984.189566096815
2023-03-23 13:00:00,22.7,57,138.2,4333.919596270815
2023-03-23 14:00:00,21.5,58,0.0,4097.914475367324
2023-03-23 15:00:00,20.9,56,0.0,3773.8858339640683
2023-03-23 16:00:00,19.9,62,0.0,3508.1644258273213
2023-03-23 17:00:00,20.5,59,0.0,3699.011889179691
2023-03-23 18:00:00,18.3,71,0.0,3517.4007454995644
2023-03-23 19:00:00,19.1,67,0.0,3179.1568653099866
2023-03-23 20:00:00,19.5,65,0.0,2959.272345971318
2023-03-23 21:00:00,20.1,62,0.0,2957.7387099343687
2023-03-23 22:00:00,19.8,62,0.0,2451.8003416603588
2023-03-23 23:00:00,19.4,64,0.0,2615.8426976918336
2023-03-24 00:00:00,17.3,81,0.0,2733.4652337091443
2023-03-24 01:00:00,17.8,78,0.0,2741.1997677712093
2023-03-24 02:00:00,19.2,74,163.7,2691.4644226809082
2023-03-24 03:00:00,21.2,70,226.3,2982.15674810602
2023-03-24 04:00:00,20.2,77,248.9,3092.0134398358923
2023-03-24 05:00:00,19.5,82,0.0,3497.236363065966
2023-03-24 06:00:00,22.3,70,211.4,3421.1416786130617
2023-03-24 07:00:00,24.5,61,454.5,4475.507555777534
2023-03-24 08:00:00,25.9,54,485.2,6364.771185408646
2023-03-24 09:00:00,27.0,50,538.8,7607.198657570528
2023-03-24 10:00:00,27.5,48,535.3,8500.0
2023-03-24 11:00:00,27.2,48,277.3,8301.848650299544
2023-03-24 12:00:00,25.2,56,316.2,5658.258514524558
2023-03-24 13:00:00,23.6,62,86.6,4483.229523204428
2023-03-24 14:00:00,22.8,64,0.0,4064.3851681485985
2023-03-24 15:00:00,22.3,65,0.0,4050.07474650405
2023-03-24 16:00:00,19.4,92,0.0,4042.837659179454
2023-03-24 17:00:00,19.1,93,0.0,3512.395383839692
2023-03-24 18:00:00,18.5,97,0.0,3460.313021452384
2023-03-24 19:00:00,17.9,98,0.0,3149.758296891842
2023-03-24 20:00:00,17.9,94,0.0,3038.074342233512
2023-03-24 21:00:00,17.9,94,0.0,2982.0145413518667
2023-03-24 22:00:00,17.4,97,0.0,2937.388986052308
2023-03-24 23:00:00,17.4,96,0.0,2739.563765616544
2023-03-25 00:00:00,17.6,93,0.0,2636.043196693529
2023-03-25 01:00:00,17.6,94,0.0,2830.7538937570216
2023-03-25 02:00:00,18.4,90,154.6,2711.472603549215
2023-03-25 03:00:00,19.8,86,338.1,3039.5907730933845
2023-03-25 04:00:00,21.8,78,504.9,3003.398276848626
2023-03-25 05:00:00,23.8,68,629.8,3861.154140135207
2023-03-25 06:00:00,25.1,62,652.0,4950.49820608532
2023-03-25 07:00:00,25.8,61,653.1,5760.159777598605
2023-03-25 08:00:00,26.2,60,658.4,6516.201214655879
2023-03-25 09:00:00,26.3,59,642.0,6785.697990201448
2023-03-25 10:00:00,26.0,57,542.0,6572.756912069031
2023-03-25 11:00:00,25.7,55,435.5,6182.957218479385
2023-03-25 12:00:00,24.1,61,273.1,5122.733651738755
2023-03-25 13:00:00,23.4,64,128.9,4777.3249762030455
2023-03-25 14:00:00,20.4,81,0.0,4240.707107383264
2023-03-25 15:00:00,20.0,80,0.0,3863.414259585951
2023-03-25 16:00:00,20.1,79,0.0,4027.023210302637
2023-03-25 17:00:00,19.2,81,0.0,3787.4726932937574
2023-03-25 18:00:00,18.9,81,0.0,3791.5576738288623
2023-03-25 19:00:00,18.5,80,0.0,3225.965450067251
2023-03-25 20:00:00,18.5,79,0.0,3369.7596938418556
2023-03-25 21:00:00,17.8,83,0.0,3103.7548129210245
2023-03-25 22:00:00,17.1,89,0.0,2736.8887153335
2023-03-25 23:00:00,16.5,90,0.0,2867.810812857539
2023-03-26 00:00:00,17.0,91,0.0,2798.118827745367
2023-03-26 01:00:00,17.3,88,0.0,2911.738244013644
2023-03-26 02:00:00,18.7,82,185.4,2672.7393413233594
2023-03-26 03:00:00,20.6,74,433.5,2766.550106169329
2023-03-26 04:00:00,23.0,65,597.8,3549.0261256240615
2023-03-26 05:00:00,25.2,54,691.9,4798.399835440564
2023-03-26 06:00:00,26.9,39,743.2,6912.222399214128
2023-03-26 07:00:00,27.6,36,765.8,8221.055568249541
2023-03-26 08:00:00,27.6,34,617.7,8306.063958158113
2023-03-26 09:00:00,27.4,35,588.8,8142.066700066533
2023-03-26 10:00:00,27.2,35,544.4,8041.085838264778
2023-03-26 11:00:00,26.7,37,505.7,7741.629157784269
2023-03-26 12:00:00,25.3,46,350.2,5811.298547620208
2023-03-26 13:00:00,23.1,52,149.3,4245.319396408919
2023-03-26 14:00:00,22.1,53,0.0,4267.748725851619
2023-03-26 15:00:00,21.2,55,0.0,4130.09180100472
2023-03-26 16:00:00,20.4,56,0.0,3826.835020754814
2023-03-26 17:00:00,18.8,62,0.0,3636.6404410220644
2023-03-26 18:00:00,18.2,63,0.0,3413.839378728897
2023-03-26 19:00:00,17.2,68,0.0,3175.0491501292695
2023-03-26 20:00:00,16.3,74,0.0,2834.7529286775984
2023-03-26 21:00:00,16.1,73,0.0,2965.5086936145285
2023-03-26 22:00:00,15.8,75,0.0,2973.928530979183
2023-03-26 23:00:00,15.5,77,0.0,2606.305194007958
2023-03-27 00:00:00,15.9,82,0.0,2746.9393720377957
2023-03-27 01:00:00,16.2,82,0.0,2540.930847004978
2023-03-27 02:00:00,17.5,80,189.3,2870.3924722665456
2023-03-27 03:00:00,19.8,74,439.4,3052.014421779064
2023-03-27 04:00:00,22.2,66,604.1,3004.8275177691185
2023-03-27 05:00:00,24.2,56,696.5,4095.003627660357
2023-03-27 06:00:00,25.5,48,747.2,5278.410298935508
2023-03-27 07:00:00,26.2,44,769.8,6028.5434382867725
2023-03-27 08:00:00,26.6,42,769.1,6989.335328507111
2023-03-27 09:00:00,26.8,40,700.9,7257.9412998241705
2023-03-27 10:00:00,26.6,38,678.2,7223.487933889609
2023-03-27 11:00:00,26.3,38,582.7,7160.734671542009
2023-03-27 12:00:00,25.1,47,420.6,5677.97123585015
2023-03-27 13:00:00,22.0,59,155.2,4316.677897947327
2023-03-27 14:00:00,20.8,61,0.0,4237.019611005992
2023-03-27 15:00:00,20.4,59,0.0,3907.861930363292
2023-03-27 16:00:00,19.4,62,0.0,3723.7425877213163
2023-03-27 17:00:00,18.7,66,0.0,3856.768462756411
2023-03-27 18:00:00,18.4,67,0.0,3469.984275325807
2023-03-27 19:00:00,17.9,70,0.0,3196.7516194042923
2023-03-27 20:00:00,17.2,74,0.0,3228.252027312192
2023-03-27 21:00:00,16.1,80,0.0,2925.148458891328
2023-03-27 22:00:00,15.5,83,0.0,2863.969989255832
2023-03-27 23:00:00,15.2,84,0.0,2573.1363663603192
2023-03-28 00:00:00,15.9,84,0.0,2941.854325150175
2023-03-28 01:00:00,16.3,82,0.0,2910.087198434607
2023-03-28 02:00:00,18.3,77,193.1,2550.411362755362
2023-03-28 03:00:00,21.3,70,437.0,3102.3059712985387
2023-03-28 04:00:00,23.9,59,583.9,3973.341588595449
2023-03-28 05:00:00,25.6,50,655.7,5101.854971690387
2023-03-28 06:00:00,26.8,45,685.6,6783.381970295067
2023-03-28 07:00:00,27.7,41,671.9,8146.885318113756
2023-03-28 08:00:00,28.1,38,589.0,8500.0
2023-03-28 09:00:00,28.1,38,602.1,8500.0
2023-03-28 10:00:00,28.2,37,605.6,8500.0
2023-03-28 11:00:00,28.0,37,543.8,8500.0
2023-03-28 12:00:00,26.9,48,395.0,7506.719756530121
2023-03-28 13:00:00,23.6,59,140.1,4834.709428431365
2023-03-28 14:00:00,21.9,61,0.0,4052.5309147285157
2023-03-28 15:00:00,20.9,62,0.0,4087.288740060411
2023-03-28 16:00:00,20.2,61,0.0,3849.6876014886902
2023-03-28 17:00:00,20.2,58,0.0,3987.2390886895337
2023-03-28 18:00:00,19.1,62,0.0,3502.286917826883
2023-03-28 19:00:00,18.0,69,0.0,3378.295986724057
2023-03-28 20:00:00,17.2,72,0.0,3084.4334587794774
2023-03-28 21:00:00,16.9,74,0.0,3170.4076590284685
2023-03-28 22:00:00,16.7,76,0.0,2671.7583259865587
2023-03-28 23:00:00,18.3,67,0.0,2785.2846980482946
2023-03-29 00:00:00,17.1,78,0.0,2562.8290081734845
2023-03-29 01:00:00,17.4,80,0.0,2581.326127400597
2023-03-29 02:00:00,19.6,73,126.9,3014.509592231849
2023-03-29 03:00:00,22.4,68,288.0,2958.0427872486725
2023-03-29 04:00:00,25.5,57,485.2,4891.978816370316
2023-03-29 05:00:00,27.8,45,544.1,8074.891132190356
2023-03-29 06:00:00,29.2,41,626.9,8500.0
2023-03-29 07:00:00,30.1,38,694.1,8500.0
2023-03-29 08:00:00,30.7,36,686.9,8500.0
2023-03-29 09:00:00,30.8,33,542.4,8500.0
2023-03-29 10:00:00,27.1,41,68.8,7865.240363373019
2023-03-29 11:00:00,27.3,40,151.4,7961.532192868517
2023-03-29 12:00:00,27.5,43,169.1,8382.749084987187
2023-03-29 13:00:00,25.2,44,111.3,5982.49952002
2023-03-29 14:00:00,24.3,44,0.0,5106.337134213242
2023-03-29 15:00:00,22.3,52,0.0,3995.876854474367
2023-03-29 16:00:00,22.7,50,0.0,4355.389605855418
2023-03-29 17:00:00,25.8,37,0.0,5703.11492356996
2023-03-29 18:00:00,20.0,61,0.0,3459.426235926645
2023-03-29 19:00:00,18.8,69,0.0,3251.841588329957
2023-03-29 20:00:00,18.9,67,0.0,3379.0610373009995
2023-03-29 21:00:00,18.9,65,0.0,3081.1790284026274
2023-03-29 22:00:00,18.2,67,0.0,2627.3288174615263
2023-03-29 23:00:00,17.5,71,0.0,2744.1162522037616
2023-03-30 00:00:00,17.9,80,0.0,2796.9152623837967
2023-03-30 01:00:00,18.2,80,0.0,2634.735375832811
2023-03-30 02:00:00,19.8,74,150.2,2593.9755629457172
2023-03-30 03:00:00,22.4,70,398.2,2733.3822822019597
2023-03-30 04:00:00,25.1,61,586.3,4292.381222304063
2023-03-30 05:00:00,27.4,53,675.0,7162.6240234820225
2023-03-30 06:00:00,29.0,44,726.3,8500.0
2023-03-30 07:00:00,30.2,39,749.6,8500.0
2023-03-30 08:00:00,30.8,36,713.9,8500.0
2023-03-30 09:00:00,29.0,36,353.3,8500.0
2023-03-30 10:00:00,22.6,66,71.4,4127.540863478499
2023-03-30 11:00:00,23.3,64,43.6,4675.683305036023
2023-03-30 12:00:00,20.1,91,74.1,4197.602020026052
2023-03-30 13:00:00,20.2,92,0.0,4302.676882751752
2023-03-30 14:00:00,19.8,88,0.0,4043.4290012796823
2023-03-30 15:00:00,19.2,90,0.0,4143.554877184224
2023-03-30 16:00:00,19.0,90,0.0,3778.458486524289
2023-03-30 17:00:00,18.4,93,0.0,3564.4736948119926
2023-03-30 18:00:00,18.2,92,0.0,3643.3537109533477
2023-03-30 19:00:00,18.5,92,0.0,3183.4310181099363
2023-03-30 20:00:00,18.3,93,0.0,3268.2597094646253
2023-03-30 21:00:00,18.0,94,0.0,2871.4278596837257
2023-03-30 22:00:00,17.8,94,0.0,2746.6541484554405
2023-03-30 23:00:00,17.8,95,0.0,3056.0293369354017
2023-03-31 00:00:00,18.1,94,0.0,2729.5269212609555
2023-03-31 01:00:00,17.5,97,0.0,2589.010068634513
2023-03-31 02:00:00,18.7,89,109.7,2620.1156335958262
2023-03-31 03:00:00,19.9,80,247.8,3063.2068858343655
2023-03-31 04:00:00,21.4,70,459.6,3122.178276575423
2023-03-31 05:00:00,22.3,65,439.6,3538.0249597894554
2023-03-31 06:00:00,23.0,64,331.6,3585.4301405865763
2023-03-31 07:00:00,23.5,62,373.6,3827.8274451486664
2023-03-31 08:00:00,24.2,59,427.7,4731.084075566362
2023-03-31 09:00:00,21.6,70,293.6,3997.4226531588192
2023-03-31 10:00:00,22.1,65,288.8,4515.562437729207
2023-03-31 11:00:00,22.3,67,246.2,4454.5378824768895
2023-03-31 12:00:00,18.6,83,246.5,4376.635119653293
2023-03-31 13:00:00,18.8,90,0.0,4166.840369903574
2023-03-31 14:00:00,18.4,88,0.0,3916.328756249378
2023-03-31 15:00:00,17.8,92,0.0,4022.255739241068
2023-03-31 16:00:00,17.8,91,0.0,3841.2196564310325
2023-03-31 17:00:00,17.0,95,0.0,3979.6403689087606
2023-03-31 18:00:00,17.2,93,0.0,3498.4784627108993
2023-03-31 19:00:00,16.6,97,0.0,3113.4038560969057
2023-03-31 20:00:00,16.0,98,0.0,3020.952475173522
2023-03-31 21:00:00,15.5,99,0.0,2662.5261438483085
2023-03-31 22:00:00,15.2,99,0.0,2798.768395102977
2023-03-31 23:00:00,15.1,98,0.0,2553.4196721900303
2023-04-01 00:00:00,16.5,96,0.0,2740.1995466384983
2023-04-01 01:00:00,16.7,95,0.0,3011.9566447933016
2023-04-01 02:00:00,17.4,94,178.1,2866.1458589875515
2023-04-01 03:00:00,19.3,86,410.3,2919.8888137692584
2023-04-01 04:00:00,21.2,77,568.1,2974.175629805971
2023-04-01 05:00:00,22.6,70,653.5,3423.8206102247727
2023-04-01 06:00:00,23.9,65,667.8,4052.7021705218135
2023-04-01 07:00:00,24.7,61,664.1,4806.489817917251
2023-04-01 08:00:00,25.3,57,656.4,5763.851920752271
2023-04-01 09:00:00,25.7,52,590.3,6147.3483689654295
2023-04-01 10:00:00,25.7,50,272.6,6007.649678614303
2023-04-01 11:00:00,23.9,56,209.2,4835.736681346222
2023-04-01 12:00:00,24.1,58,228.2,5137.5369429639095
2023-04-01 13:00:00,23.2,62,115.8,4709.336757443609
2023-04-01 14:00:00,20.3,80,0.0,4244.304311301541
2023-04-01 15:00:00,18.7,88,0.0,4110.684324011818
2023-04-01 16:00:00,18.6,90,0.0,3922.2139225432375
2023-04-01 17:00:00,19.1,85,0.0,3561.738479226139
2023-04-01 18:00:00,17.6,92,0.0,3424.2903352096732
2023-04-01 19:00:00,17.7,90,0.0,3390.1881798217228
2023-04-01 20:00:00,18.7,87,0.0,3179.511374111011
2023-04-01 21:00:00,18.6,86,0.0,3217.124156940445
2023-04-01 22:00:00,18.3,89,0.0,2733.7017310799633
2023-04-01 23:00:00,17.8,93,0.0,2806.318708251364
2023-04-02 00:00:00,15.9,98,0.0,2628.9676568863365
2023-04-02 01:00:00,16.6,98,0.0,2728.7428908678025
2023-04-02 02:00:00,18.7,90,202.6,2883.7195062213727
2023-04-02 03:00:00,21.5,76,375.4,2802.748790324087
2023-04-02 04:00:00,23.9,66,550.7,3565.3379933396395
2023-04-02 05:00:00,25.4,60,651.8,5000.238942939326
2023-04-02 06:00:00,26.7,55,715.7,6461.82328485944
2023-04-02 07:00:00,27.6,50,708.2,8077.9568450524275
2023-04-02 08:00:00,28.2,45,691.1,8500.0
2023-04-02 09:00:00,28.3,43,658.9,8500.0
2023-04-02 10:00:00,28.3,42,608.8,8500.0
2023-04-02 11:00:00,27.9,42,456.4,8500.0
2023-04-02 12:00:00,26.7,49,227.0,7420.9145016071725
2023-04-02 13:00:00,24.1,61,121.8,5131.657272160104
2023-04-02 14:00:00,22.8,62,0.0,4722.033674979917
2023-04-02 15:00:00,21.7,62,0.0,3997.450469491143
2023-04-02 16:00:00,20.7,66,0.0,3840.4753619052544
2023-04-02 17:00:00,19.1,75,0.0,3595.9183976209615
2023-04-02 18:00:00,18.4,78,0.0,3382.0107498875063
2023-04-02 19:00:00,17.9,80,0.0,3296.6236295424214
2023-04-02 20:00:00,19.9,69,0.0,3157.574152704071
2023-04-02 21:00:00,18.2,76,0.0,2909.619360410428
2023-04-02 22:00:00,16.6,84,0.0,2753.0534199537283
2023-04-02 23:00:00,16.4,85,0.0,2695.233299910703
2023-04-03 00:00:00,17.4,86,0.0,3005.8953569854048
2023-04-03 01:00:00,18.6,80,0.0,2715.062458280716
2023-04-03 02:00:00,20.3,74,175.2,2830.3667539913667
2023-04-03 03:00:00,22.9,66,427.2,2940.226394077842
2023-04-03 04:00:00,25.7,54,586.2,5060.71994772196
2023-04-03 05:00:00,27.7,47,674.2,7895.3346001223
2023-04-03 06:00:00,29.0,44,725.9,8500.0
2023-04-03 07:00:00,29.9,42,751.0,8500.0
2023-04-03 08:00:00,30.8,36,749.9,8500.0
2023-04-03 09:00:00,31.3,30,633.4,8500.0
2023-04-03 10:00:00,30.5,30,387.2,8500.0
2023-04-03 11:00:00,30.0,31,537.1,8500.0
2023-04-03 12:00:00,26.9,51,323.3,7575.927544042069
2023-04-03 13:00:00,23.8,60,148.0,5071.802595264638
2023-04-03 14:00:00,22.7,61,0.0,4352.0414541885175
2023-04-03 15:00:00,22.0,63,0.0,3869.7819815736566
2023-04-03 16:00:00,21.2,67,0.0,3909.4976226118088
2023-04-03 17:00:00,20.2,69,0.0,3736.7521723499995
2023-04-03 18:00:00,19.4,71,0.0,3685.3345005032597
2023-04-03 19:00:00,18.8,73,0.0,3324.805614467575
2023-04-03 20:00:00,18.4,74,0.0,3341.013773121667
2023-04-03 21:00:00,17.8,76,0.0,2952.572017138755
2023-04-03 22:00:00,17.2,78,0.0,2783.831486274679
2023-04-03 23:00:00,17.7,75,0.0,2548.366957036016
2023-04-04 00:00:00,17.9,79,0.0,2938.4773452802397
2023-04-04 01:00:00,17.9,79,0.0,2624.7605786735207
2023-04-04 02:00:00,18.7,75,77.3,2930.0448370964655
2023-04-04 03:00:00,19.6,73,112.6,3102.945765055329
2023-04-04 04:00:00,21.9,67,527.0,3123.151310239442
2023-04-04 05:00:00,24.1,58,663.2,3842.471677044666
2023-04-04 06:00:00,25.6,53,716.3,5254.2810534173395
2023-04-04 07:00:00,26.7,49,738.9,6843.3793490612425
2023-04-04 08:00:00,27.4,47,739.0,8100.965571150875
2023-04-04 09:00:00,27.9,47,717.1,8500.0
2023-04-04 10:00:00,28.0,45,661.9,8500.0
2023-04-04 11:00:00,28.0,41,565.6,8500.0
2023-04-04 12:00:00,27.6,42,388.1,8500.0
2023-04-04 13:00:00,25.1,49,167.0,5655.141526732114
2023-04-04 14:00:00,23.5,52,0.0,4614.421300924403
2023-04-04 15:00:00,22.4,54,0.0,4193.987000161354
2023-04-04 16:00:00,21.9,53,0.0,3730.081622125562
2023-04-04 17:00:00,20.3,60,0.0,3869.2860797740373
2023-04-04 18:00:00,19.8,63,0.0,3619.8321313341576
2023-04-04 19:00:00,18.4,68,0.0,3446.0637453324516
2023-04-04 20:00:00,17.6,72,0.0,3302.6765272396224
2023-04-04 21:00:00,16.8,76,0.0,2615.4768195601073
2023-04-04 22:00:00,16.4,78,0.0,2923.028619541828
2023-04-04 23:00:00,16.3,77,0.0,2643.3521021927613
2023-04-05 00:00:00,16.8,85,0.0,2752.700338270615
2023-04-05 01:00:00,17.2,83,0.0,2913.9306166005836
2023-04-05 02:00:00,19.1,77,221.2,2764.72868699653
2023-04-05 03:00:00,21.9,68,458.4,3034.355605573641
2023-04-05 04:00:00,24.5,57,609.1,3752.1858512229696
2023-04-05 05:00:00,26.4,48,696.0,6196.695924854826
2023-04-05 06:00:00,27.9,40,744.0,8132.684938927436
2023-04-05 07:00:00,29.1,31,765.1,8500.0
2023-04-05 08:00:00,29.8,27,766.7,8500.0
2023-04-05 09:00:00,30.2,23,746.0,8500.0
2023-04-05 10:00:00,30.1,22,690.3,8500.0
2023-04-05 11:00:00,29.6,22,597.5,8500.0
2023-04-05 12:00:00,28.5,29,430.1,8500.0
2023-04-05 13:00:00,24.8,38,172.6,5375.06665082407
2023-04-05 14:00:00,23.8,34,0.0,4636.723470927817
2023-04-05 15:00:00,22.6,35,0.0,4061.427814516323
2023-04-05 16:00:00,21.7,38,0.0,3826.347627767049
2023-04-05 17:00:00,21.3,38,0.0,3706.806106702682
2023-04-05 18:00:00,20.5,42,0.0,3355.1928232802047
2023-04-05 19:00:00,19.5,45,0.0,3200.8134150339347
2023-04-05 20:00:00,19.2,46,0.0,3139.334304621163
2023-04-05 21:00:00,18.3,49,0.0,2971.9973971471663
2023-04-05 22:00:00,17.3,54,0.0,2684.43087753733
2023-04-05 23:00:00,16.7,57,0.0,2913.160332278888
2023-04-06 00:00:00,18.4,60,0.0,2941.8147346013648
2023-04-06 01:00:00,18.6,65,0.0,3120.7926921395515
2023-04-06 02:00:00,20.0,67,163.6,2997.3872879818055
2023-04-06 03:00:00,22.6,55,432.0,2766.838476056141
2023-04-06 04:00:00,24.3,47,462.4,4019.0447843434613
2023-04-06 05:00:00,27.4,36,621.8,7335.474821477617
2023-04-06 06:00:00,29.2,30,740.3,8500.0
2023-04-06 07:00:00,30.3,28,752.1,8500.0
2023-04-06 08:00:00,31.0,26,751.6,8500.0
2023-04-06 09:00:00,31.3,24,689.8,8500.0
2023-04-06 10:00:00,31.1,22,576.0,8500.0
2023-04-06 11:00:00,30.7,22,524.6,8500.0
2023-04-06 12:00:00,29.6,25,386.7,8500.0
2023-04-06 13:00:00,25.8,36,178.1,6382.905565742125
2023-04-06 14:00:00,23.7,41,0.0,4683.585890356933
2023-04-06 15:00:00,23.6,32,0.0,4462.495378311997
2023-04-06 16:00:00,21.8,35,0.0,4167.776960674093
2023-04-06 17:00:00,21.9,35,0.0,3853.8828382995857
2023-04-06 18:00:00,21.5,36,0.0,3367.3465259456675
2023-04-06 19:00:00,20.4,42,0.0,3149.9640264554932
2023-04-06 20:00:00,18.9,49,0.0,3150.407976591111
2023-04-06 21:00:00,18.0,54,0.0,2823.6568702262302
2023-04-06 22:00:00,18.1,55,0.0,2576.0943449845336
2023-04-06 23:00:00,17.6,59,0.0,2590.9109024364097
2023-04-07 00:00:00,17.4,65,0.0,2696.681697280604
2023-04-07 01:00:00,17.8,65,15.9,2699.2092475626714
2023-04-07 02:00:00,19.9,59,237.8,2668.546283386992
2023-04-07 03:00:00,22.7,51,476.7,2904.8171632402637
2023-04-07 04:00:00,25.4,45,628.5,4842.966337820058
2023-04-07 05:00:00,27.6,35,715.1,7568.912802112111
2023-04-07 06:00:00,29.3,25,763.2,8500.0
2023-04-07 07:00:00,30.4,21,783.6,8500.0
2023-04-07 08:00:00,31.1,19,780.3,8500.0
2023-04-07 09:00:00,31.3,18,754.0,8500.0
2023-04-07 10:00:00,31.1,18,698.9,8500.0
2023-04-07 11:00:00,30.6,19,602.3,8500.0
2023-04-07 12:00:00,29.7,22,433.8,8500.0
2023-04-07 13:00:00,27.0,26,183.6,7852.876843945058
2023-04-07 14:00:00,25.5,27,0.0,5978.180073761688
2023-04-07 15:00:00,24.6,27,0.0,5141.944466677488
2023-04-07 16:00:00,23.7,28,0.0,4411.530712490709
2023-04-07 17:00:00,22.9,29,0.0,3751.9750183089177
2023-04-07 18:00:00,22.2,31,0.0,3636.1590389332855
2023-04-07 19:00:00,21.3,34,0.0,3380.1101738929615
2023-04-07 20:00:00,19.8,41,0.0,3217.7010220222833
2023-04-07 21:00:00,18.9,45,0.0,2941.785030461569
2023-04-07 22:00:00,18.5,45,0.0,2568.233061465081
2023-04-07 23:00:00,17.1,50,0.0,2618.131825688864
2023-04-08 00:00:00,17.1,54,0.0,2674.1060099754986
2023-04-08 01:00:00,17.6,54,15.4,2661.3220606273608
2023-04-08 02:00:00,20.0,50,243.2,2824.3942918168896
2023-04-08 03:00:00,23.5,43,482.1,3116.492791961794
2023-04-08 04:00:00,26.7,34,634.8,6584.1005587482105
2023-04-08 05:00:00,29.0,24,721.4,8500.0
2023-04-08 06:00:00,30.2,21,765.3,8500.0
2023-04-08 07:00:00,31.0,20,779.4,8500.0
2023-04-08 08:00:00,31.4,19,774.1,8500.0
2023-04-08 09:00:00,31.8,17,749.9,8500.0
2023-04-08 10:00:00,31.7,16,697.1,8500.0
2023-04-08 11:00:00,31.3,16,600.3,8500.0
2023-04-08 12:00:00,30.4,20,431.6,8500.0
2023-04-08 13:00:00,26.6,30,175.9,7231.777497645471
2023-04-08 14:00:00,24.2,32,0.0,4921.7309395302445
2023-04-08 15:00:00,23.2,32,0.0,4292.785835795915
2023-04-08 16:00:00,22.0,35,0.0,3866.2705813957373
2023-04-08 17:00:00,20.9,38,0.0,3546.8087939570123
2023-04-08 18:00:00,21.4,35,0.0,3304.5893009553547
2023-04-08 19:00:00,21.6,33,0.0,3020.682066842557
2023-04-08 20:00:00,20.3,38,0.0,3322.3373686768064
2023-04-08 21:00:00,19.0,46,0.0,2594.2364975902083
2023-04-08 22:00:00,20.4,42,0.0,2848.385918049448
2023-04-08 23:00:00,21.5,38,0.0,2841.4452751024664
2023-04-09 00:00:00,19.7,48,0.0,2910.829682117192
2023-04-09 01:00:00,18.0,56,15.0,2716.381585429598
2023-04-09 02:00:00,20.5,52,233.5,2785.8476006347596
2023-04-09 03:00:00,25.0,44,465.9,4175.793959526955
2023-04-09 04:00:00,28.5,33,615.0,8500.0
2023-04-09 05:00:00,30.9,22,700.3,8500.0
2023-04-09 06:00:00,32.4,16,745.8,8500.0
2023-04-09 07:00:00,32.8,14,767.6,8500.0
2023-04-09 08:00:00,33.1,15,766.8,8500.0
2023-04-09 09:00:00,33.1,15,741.1,8500.0
2023-04-09 10:00:00,32.9,15,684.5,8500.0
2023-04-09 11:00:00,32.7,16,586.1,8500.0
2023-04-09 12:00:00,31.6,17,421.3,8500.0
2023-04-09 13:00:00,28.6,23,181.3,8500.0
2023-04-09 14:00:00,28.3,19,0.0,8500.0
2023-04-09 15:00:00,26.1,22,0.0,6526.336182460744
2023-04-09 16:00:00,25.6,26,0.0,5691.005703313584
2023-04-09 17:00:00,22.6,32,0.0,3868.1922250938164
2023-04-09 18:00:00,23.3,29,0.0,3739.4927826496273
2023-04-09 19:00:00,23.1,29,0.0,3610.6357929066553
2023-04-09 20:00:00,20.8,35,0.0,3256.131889066088
2023-04-09 21:00:00,20.6,37,0.0,2677.893889308274
2023-04-09 22:00:00,22.5,31,0.0,2778.786564459959
2023-04-09 23:00:00,20.1,38,0.0,2689.348146444454
2023-04-10 00:00:00,20.2,39,0.0,2695.1488443620024
2023-04-10 01:00:00,19.7,46,14.5,2759.540892060662
2023-04-10 02:00:00,21.9,42,233.9,2813.7285167670493
2023-04-10 03:00:00,25.3,36,461.9,4568.649299769268
2023-04-10 04:00:00,28.5,30,606.7,8500.0
2023-04-10 05:00:00,31.0,24,672.8,8500.0
2023-04-10 06:00:00,32.5,19,718.4,8500.0
2023-04-10 07:00:00,33.0,18,727.9,8500.0
2023-04-10 08:00:00,33.3,18,746.6,8500.0
2023-04-10 09:00:00,33.1,18,471.9,8500.0
2023-04-10 10:00:00,33.3,17,636.6,8500.0
2023-04-10 11:00:00,33.1,17,579.0,8500.0
2023-04-10 12:00:00,32.1,20,416.5,8500.0
2023-04-10 13:00:00,28.0,29,173.8,8500.0
2023-04-10 14:00:00,27.3,25,0.0,8076.894842213199
2023-04-10 15:00:00,24.3,30,0.0,4789.40307634789
2023-04-10 16:00:00,24.3,29,0.0,4809.881603895667
2023-04-10 17:00:00,23.7,30,0.0,4388.272934506318
2023-04-10 18:00:00,23.3,32,0.0,3789.9755689965405
2023-04-10 19:00:00,21.3,37,0.0,3374.9074064256
2023-04-10 20:00:00,20.7,38,0.0,3173.5475169147367
2023-04-10 21:00:00,20.6,38,0.0,2977.089754999266
2023-04-10 22:00:00,20.7,37,0.0,2885.9768001869534
2023-04-10 23:00:00,20.5,36,0.0,2945.6076935544884
2023-04-11 00:00:00,19.4,45,0.0,2474.293748539927
2023-04-11 01:00:00,19.7,46,14.1,2726.331283830234
2023-04-11 02:00:00,22.0,43,224.8,2957.369228206944
2023-04-11 03:00:00,25.4,37,465.0,4780.008328808561
2023-04-11 04:00:00,29.0,29,558.2,8500.0
2023-04-11 05:00:00,31.8,24,696.1,8500.0
2023-04-11 06:00:00,33.4,19,725.4,8500.0
2023-04-11 07:00:00,34.3,17,763.7,8500.0
2023-04-11 08:00:00,34.9,18,752.5,8500.0
2023-04-11 09:00:00,35.9,14,725.0,8500.0
2023-04-11 10:00:00,35.7,13,671.6,8500.0
2023-04-11 11:00:00,35.1,14,577.2,8500.0
2023-04-11 12:00:00,33.9,17,411.8,8500.0
2023-04-11 13:00:00,31.5,21,172.8,8500.0
2023-04-11 14:00:00,29.6,22,0.0,8500.0
2023-04-11 15:00:00,29.1,22,0.0,8500.0
2023-04-11 16:00:00,28.4,22,0.0,8500.0
2023-04-11 17:00:00,26.8,25,0.0,6869.397916077672
2023-04-11 18:00:00,24.7,29,0.0,4857.232051048669
2023-04-11 19:00:00,24.0,31,0.0,3938.1155691327053
2023-04-11 20:00:00,23.7,32,0.0,3810.776100488481
2023-04-11 21:00:00,25.0,29,0.0,4220.812996352402
2023-04-11 22:00:00,25.6,28,0.0,4630.410495195715
2023-04-11 23:00:00,25.4,29,0.0,4439.175486919444
2023-04-12 00:00:00,23.1,40,0.0,2735.901215135533
2023-04-12 01:00:00,24.5,38,13.7,3554.0558917369735
2023-04-12 02:00:00,26.0,37,150.3,5053.169999521838
2023-04-12 03:00:00,29.1,31,349.4,8500.0
2023-04-12 04:00:00,31.7,26,283.3,8500.0
2023-04-12 05:00:00,34.5,19,582.7,8500.0
2023-04-12 06:00:00,35.5,18,648.4,8500.0
2023-04-12 07:00:00,36.2,17,714.7,8500.0
2023-04-12 08:00:00,36.3,16,606.0,8500.0
2023-04-12 09:00:00,36.4,16,662.9,8500.0
2023-04-12 10:00:00,35.7,16,456.6,8500.0
2023-04-12 11:00:00,34.7,18,419.0,8500.0
2023-04-12 12:00:00,33.6,20,311.3,8500.0
2023-04-12 13:00:00,30.9,27,171.8,8500.0
2023-04-12 14:00:00,29.1,28,0.0,8500.0
2023-04-12 15:00:00,28.3,29,0.0,8500.0
2023-04-12 16:00:00,27.4,29,0.0,7949.042759463561
2023-04-12 17:00:00,24.9,35,0.0,4984.21607197076
2023-04-12 18:00:00,25.2,34,0.0,5397.828597750061
2023-04-12 19:00:00,24.4,35,0.0,4139.263736181534
2023-04-12 20:00:00,23.3,38,0.0,3413.3275431047286
2023-04-12 21:00:00,22.4,43,0.0,2952.774297337812
2023-04-12 22:00:00,22.4,42,0.0,3103.1523146688364
2023-04-12 23:00:00,22.2,40,0.0,2659.3938298056823
2023-04-13 00:00:00,22.2,46,0.0,2398.4600600345957
2023-04-13 01:00:00,22.4,47,13.4,2596.2695318008978
2023-04-13 02:00:00,24.8,43,230.7,4037.9642008239384
2023-04-13 03:00:00,28.3,37,445.9,8406.161908974114
2023-04-13 04:00:00,31.4,31,598.9,8500.0
2023-04-13 05:00:00,34.1,24,684.5,8500.0
2023-04-13 06:00:00,35.5,19,731.3,8500.0
2023-04-13 07:00:00,36.4,16,751.4,8500.0
2023-04-13 08:00:00,37.2,13,751.3,8500.0
2023-04-13 09:00:00,37.2,13,727.6,8500.0
2023-04-13 10:00:00,37.0,12,669.8,8500.0
2023-04-13 11:00:00,36.4,12,577.2,8500.0
2023-04-13 12:00:00,35.4,16,415.8,8500.0
2023-04-13 13:00:00,32.9,19,177.1,8500.0
2023-04-13 14:00:00,30.9,20,0.0,8500.0
2023-04-13 15:00:00,28.8,22,0.0,8500.0
2023-04-13 16:00:00,27.7,25,0.0,8340.666186978304
2023-04-13 17:00:00,27.6,24,0.0,8189.064826655089
2023-04-13 18:00:00,27.1,25,0.0,7328.405637557406
2023-04-13 19:00:00,25.3,30,0.0,4880.636969308522
2023-04-13 20:00:00,23.0,37,0.0,3179.4661954319927
2023-04-13 21:00:00,23.9,34,0.0,3144.343067620116
2023-04-13 22:00:00,23.2,35,0.0,3491.814284475309
2023-04-13 23:00:00,21.9,39,0.0,2734.9581762017074
2023-04-14 00:00:00,21.8,44,0.0,3104.856918819275
2023-04-14 01:00:00,23.0,43,13.0,2714.773210517955
2023-04-14 02:00:00,25.7,41,213.1,5066.779065493657
2023-04-14 03:00:00,29.6,34,449.2,8500.0
2023-04-14 04:00:00,32.6,28,589.5,8500.0
2023-04-14 05:00:00,34.8,22,659.0,8500.0
2023-04-14 06:00:00,36.2,17,706.7,8500.0
2023-04-14 07:00:00,37.0,15,735.8,8500.0
2023-04-14 08:00:00,37.3,14,705.6,8500.0
2023-04-14 09:00:00,37.3,13,647.4,8500.0
2023-04-14 10:00:00,37.0,13,587.6,8500.0
2023-04-14 11:00:00,36.5,13,568.6,8500.0
2023-04-14 12:00:00,35.7,16,413.8,8500.0
2023-04-14 13:00:00,32.3,22,100.2,8500.0
2023-04-14 14:00:00,30.2,24,0.0,8500.0
2023-04-14 15:00:00,28.1,27,0.0,8500.0
2023-04-14 16:00:00,26.6,29,0.0,6718.474511932242
2023-04-14 17:00:00,26.0,29,0.0,6292.067406076018
2023-04-14 18:00:00,24.5,31,0.0,4635.427644531943
2023-04-14 19:00:00,25.4,28,0.0,5099.244625836236
2023-04-14 20:00:00,24.7,30,0.0,4031.2457159102387
2023-04-14 21:00:00,24.8,32,0.0,4344.20449339848
2023-04-14 22:00:00,23.4,33,0.0,3104.5655704866226
2023-04-14 23:00:00,23.7,31,0.0,3036.0892650238193
2023-04-15 00:00:00,22.0,41,0.0,2922.79834891703
2023-04-15 01:00:00,22.4,43,12.7,2899.914374103601
2023-04-15 02:00:00,25.4,39,240.7,4607.044209337303
2023-04-15 03:00:00,30.1,32,459.3,8500.0
2023-04-15 04:00:00,34.6,22,599.2,8500.0
2023-04-15 05:00:00,37.4,15,683.5,8500.0
2023-04-15 06:00:00,38.7,11,725.0,8500.0
2023-04-15 07:00:00,39.1,10,730.9,8500.0
2023-04-15 08:00:00,39.1,9,701.0,8500.0
2023-04-15 09:00:00,39.0,10,702.7,8500.0
2023-04-15 10:00:00,38.9,10,666.7,8500.0
2023-04-15 11:00:00,38.3,11,575.6,8500.0
2023-04-15 12:00:00,36.9,17,419.7,8500.0
2023-04-15 13:00:00,32.1,23,179.4,8500.0
2023-04-15 14:00:00,29.5,24,0.0,8500.0
2023-04-15 15:00:00,29.1,23,0.0,8500.0
2023-04-15 16:00:00,28.7,21,0.0,8500.0
2023-04-15 17:00:00,34.1,13,0.0,8500.0
2023-04-15 18:00:00,26.0,26,0.0,5706.358096413482
2023-04-15 19:00:00,25.5,28,0.0,5143.6160984763565
2023-04-15 20:00:00,25.6,27,0.0,5016.023039531477
2023-04-15 21:00:00,25.1,27,0.0,4450.594249938027
2023-04-15 22:00:00,27.5,22,0.0,7156.4515301694655
2023-04-15 23:00:00,22.7,31,0.0,2876.5529534621014
2023-04-16 00:00:00,23.2,42,0.0,3014.717444628439
2023-04-16 01:00:00,24.9,45,24.9,4118.1755486156935
2023-04-16 02:00:00,27.3,39,236.8,6771.578798165069
2023-04-16 03:00:00,30.5,32,453.5,8500.0
2023-04-16 04:00:00,32.8,29,588.4,8500.0
2023-04-16 05:00:00,35.3,23,665.8,8500.0
2023-04-16 06:00:00,37.4,20,708.5,8500.0
2023-04-16 07:00:00,38.6,16,722.9,8500.0
2023-04-16 08:00:00,38.8,14,589.2,8500.0
2023-04-16 09:00:00,39.2,13,650.6,8500.0
2023-04-16 10:00:00,38.9,14,587.6,8500.0
2023-04-16 11:00:00,38.3,14,534.4,8500.0
2023-04-16 12:00:00,37.2,16,381.3,8500.0
2023-04-16 13:00:00,34.2,20,165.1,8500.0
2023-04-16 14:00:00,32.1,20,0.0,8500.0
2023-04-16 15:00:00,29.9,25,0.0,8500.0
2023-04-16 16:00:00,29.2,26,0.0,8500.0
2023-04-16 17:00:00,28.9,26,0.0,8500.0
2023-04-16 18:00:00,27.9,29,0.0,8167.383342284642
2023-04-16 19:00:00,27.0,33,0.0,6878.336779532537
2023-04-16 20:00:00,26.0,37,0.0,5596.040579358339
2023-04-16 21:00:00,24.4,43,0.0,3791.6038337209407
2023-04-16 22:00:00,28.4,31,0.0,8448.075461756584
2023-04-16 23:00:00,29.3,28,0.0,8500.0
2023-04-17 00:00:00,25.4,41,0.0,4197.034274385885
2023-04-17 01:00:00,25.1,42,24.3,4149.719182911985
2023-04-17 02:00:00,27.3,39,220.1,6504.0791506423175
2023-04-17 03:00:00,30.2,35,432.2,8500.0
2023-04-17 04:00:00,33.6,28,577.8,8500.0
2023-04-17 05:00:00,36.4,23,661.1,8500.0
2023-04-17 06:00:00,38.2,18,699.9,8500.0
2023-04-17 07:00:00,38.7,15,602.7,8500.0
2023-04-17 08:00:00,39.1,14,618.0,8500.0
2023-04-17 09:00:00,38.9,14,568.7,8500.0
2023-04-17 10:00:00,38.6,14,598.4,8500.0
2023-04-17 11:00:00,38.2,14,555.2,8500.0
2023-04-17 12:00:00,37.2,15,379.5,8500.0
2023-04-17 13:00:00,35.1,17,163.1,8500.0
2023-04-17 14:00:00,31.7,21,0.0,8500.0
2023-04-17 15:00:00,35.0,16,0.0,8500.0
2023-04-17 16:00:00,35.1,15,0.0,8500.0
2023-04-17 17:00:00,34.3,16,0.0,8500.0
2023-04-17 18:00:00,28.0,24,0.0,8316.301207948081
2023-04-17 19:00:00,27.9,25,0.0,8345.591470123007
2023-04-17 20:00:00,26.2,30,0.0,5713.043425563564
2023-04-17 21:00:00,25.5,33,0.0,4630.966391137219
2023-04-17 22:00:00,26.0,32,0.0,5243.936890440229
2023-04-17 23:00:00,26.1,32,0.0,5132.942595601657
2023-04-18 00:00:00,25.9,35,0.0,5107.03399256097
2023-04-18 01:00:00,25.7,37,11.9,4826.229120934045
2023-04-18 02:00:00,28.4,33,187.0,8485.06375788412
2023-04-18 03:00:00,31.3,29,420.1,8500.0
2023-04-18 04:00:00,34.8,23,564.2,8500.0
2023-04-18 05:00:00,36.9,20,651.3,8500.0
2023-04-18 06:00:00,38.4,17,702.6,8500.0
2023-04-18 07:00:00,39.1,16,707.1,8500.0
2023-04-18 08:00:00,39.0,16,592.3,8500.0
2023-04-18 09:00:00,38.7,16,559.6,8500.0
2023-04-18 10:00:00,38.8,16,610.5,8500.0
2023-04-18 11:00:00,37.5,17,281.9,8500.0
2023-04-18 12:00:00,38.1,14,207.0,8500.0
2023-04-18 13:00:00,35.8,17,113.5,8500.0
2023-04-18 14:00:00,34.6,17,0.0,8500.0
2023-04-18 15:00:00,32.8,19,0.0,8500.0
2023-04-18 16:00:00,32.5,20,0.0,8500.0
2023-04-18 17:00:00,31.7,23,0.0,8500.0
2023-04-18 18:00:00,30.9,24,0.0,8500.0
2023-04-18 19:00:00,29.8,26,0.0,8500.0
2023-04-18 20:00:00,27.4,30,0.0,7150.0064652086585
2023-04-18 21:00:00,28.4,29,0.0,8500.0
2023-04-18 22:00:00,26.5,34,0.0,5821.399802260988
2023-04-18 23:00:00,25.3,36,0.0,4477.675376788864
2023-04-19 00:00:00,25.7,47,0.0,4814.506851041763
2023-04-19 01:00:00,25.1,49,23.3,4332.323354476408
2023-04-19 02:00:00,26.8,45,192.6,6173.691638532185
2023-04-19 03:00:00,29.1,39,331.0,8500.0
2023-04-19 04:00:00,31.8,32,572.5,8500.0
2023-04-19 05:00:00,33.8,27,518.4,8500.0
2023-04-19 06:00:00,35.1,25,418.3,8500.0
2023-04-19 07:00:00,36.2,22,584.4,8500.0
2023-04-19 08:00:00,37.3,19,638.1,8500.0
2023-04-19 09:00:00,36.1,20,479.4,8500.0
2023-04-19 10:00:00,35.9,19,384.4,8500.0
2023-04-19 11:00:00,34.3,24,320.4,8500.0
2023-04-19 12:00:00,27.8,43,175.2,8500.0
2023-04-19 13:00:00,28.7,41,0.0,8500.0
2023-04-19 14:00:00,28.3,44,0.0,8500.0
2023-04-19 15:00:00,27.4,46,0.0,7842.187176569877
2023-04-19 16:00:00,26.3,51,0.0,6720.5187878773395
2023-04-19 17:00:00,26.7,50,0.0,7049.4715750313335
2023-04-19 18:00:00,25.1,55,0.0,5068.425911139998
2023-04-19 19:00:00,24.4,57,0.0,3914.7645779295613
2023-04-19 20:00:00,24.3,56,0.0,4038.2128553817824
2023-04-19 21:00:00,24.2,55,0.0,3832.382676194761
2023-04-19 22:00:00,23.4,56,0.0,3019.088429791702
2023-04-19 23:00:00,23.3,55,0.0,3152.183295211437
2023-04-20 00:00:00,24.4,65,0.0,3647.959251772988
2023-04-20 01:00:00,24.6,64,0.0,3744.1514646046685
2023-04-20 02:00:00,25.7,58,123.8,5112.1952374889215
2023-04-20 03:00:00,28.1,50,258.6,8129.1295072350995
2023-04-20 04:00:00,30.9,36,543.7,8500.0
2023-04-20 05:00:00,32.1,32,634.7,8500.0
2023-04-20 06:00:00,33.2,29,672.5,8500.0
2023-04-20 07:00:00,33.9,27,665.3,8500.0
2023-04-20 08:00:00,34.1,26,392.4,8500.0
2023-04-20 09:00:00,34.4,26,479.7,8500.0
2023-04-20 10:00:00,34.7,24,562.9,8500.0
2023-04-20 11:00:00,33.6,23,460.6,8500.0
2023-04-20 12:00:00,24.9,59,256.5,5408.034351804295
2023-04-20 13:00:00,28.0,43,99.2,8500.0
2023-04-20 14:00:00,27.6,43,0.0,8500.0
2023-04-20 15:00:00,27.3,38,0.0,8135.001317050741
2023-04-20 16:00:00,25.9,45,0.0,6146.7039317899425
2023-04-20 17:00:00,25.2,49,0.0,5159.9139566169315
2023-04-20 18:00:00,26.2,45,0.0,6204.012446288704
2023-04-20 19:00:00,24.8,48,0.0,4571.89740517424
2023-04-20 20:00:00,23.0,56,0.0,3123.5485077769763
2023-04-20 21:00:00,23.1,55,0.0,3084.5871894058923
2023-04-20 22:00:00,22.4,56,0.0,2610.031479430288
2023-04-20 23:00:00,22.7,55,0.0,2622.5273425469463
2023-04-21 00:00:00,22.8,61,0.0,2811.2763550305795
2023-04-21 01:00:00,23.1,60,22.3,3271.6259353434416
2023-04-21 02:00:00,24.9,53,227.8,4182.91283088499
2023-04-21 03:00:00,27.7,45,431.0,7374.563224325818
2023-04-21 04:00:00,29.9,39,563.0,8500.0
2023-04-21 05:00:00,31.9,33,640.3,8500.0
2023-04-21 06:00:00,33.6,24,680.9,8500.0
2023-04-21 07:00:00,34.8,19,700.8,8500.0
2023-04-21 08:00:00,35.2,17,616.7,8500.0
2023-04-21 09:00:00,35.1,17,601.2,8500.0
2023-04-21 10:00:00,34.8,18,500.8,8500.0
2023-04-21 11:00:00,34.2,18,466.2,8500.0
2023-04-21 12:00:00,34.0,15,367.8,8500.0
2023-04-21 13:00:00,32.1,16,132.8,8500.0
2023-04-21 14:00:00,30.2,18,0.0,8500.0
2023-04-21 15:00:00,32.0,14,0.0,8500.0
2023-04-21 16:00:00,27.2,26,0.0,7506.623012636919
2023-04-21 17:00:00,26.2,32,0.0,6274.799238057814
2023-04-21 18:00:00,26.4,27,0.0,6229.464705965545
2023-04-21 19:00:00,25.9,28,0.0,5770.54337241572
2023-04-21 20:00:00,25.4,30,0.0,5048.741175296757
2023-04-21 21:00:00,22.7,37,0.0,3068.8630757778096
2023-04-21 22:00:00,22.0,39,0.0,2727.937158522526
2023-04-21 23:00:00,21.1,45,0.0,2599.0705304210865
2023-04-22 00:00:00,20.8,59,0.0,2623.3836795204197
2023-04-22 01:00:00,22.9,52,21.9,2682.5325648097714
2023-04-22 02:00:00,25.6,45,232.8,4801.363729642167
2023-04-22 03:00:00,28.3,36,408.7,8446.445716167464
2023-04-22 04:00:00,30.8,28,510.0,8500.0
2023-04-22 05:00:00,32.6,23,632.2,8500.0
2023-04-22 06:00:00,33.7,16,544.6,8500.0
2023-04-22 07:00:00,35.0,14,624.0,8500.0
2023-04-22 08:00:00,35.1,13,559.5,8500.0
2023-04-22 09:00:00,35.1,13,642.4,8500.0
2023-04-22 10:00:00,34.7,13,600.3,8500.0
2023-04-22 11:00:00,34.4,14,490.3,8500.0
2023-04-22 12:00:00,34.0,12,376.4,8500.0
2023-04-22 13:00:00,31.5,14,148.4,8500.0
2023-04-22 14:00:00,28.3,16,0.0,8500.0
2023-04-22 15:00:00,27.4,17,0.0,8084.328773886939
2023-04-22 16:00:00,27.6,17,0.0,8090.316018015069
2023-04-22 17:00:00,26.8,19,0.0,6849.062316405427
2023-04-22 18:00:00,25.2,22,0.0,4811.657412340183
2023-04-22 19:00:00,23.8,26,0.0,4100.0099614928695
2023-04-22 20:00:00,23.2,28,0.0,3536.301997763715
2023-04-22 21:00:00,22.6,31,0.0,3090.959074658449
2023-04-22 22:00:00,21.8,34,0.0,2830.9011019819704
2023-04-22 23:00:00,20.9,37,0.0,2807.4256188827258
2023-04-23 00:00:00,22.1,38,0.0,2912.612406502465
2023-04-23 01:00:00,22.7,40,21.5,2701.493935115083
2023-04-23 02:00:00,25.2,35,75.3,4358.735646957055
2023-04-23 03:00:00,27.4,29,358.8,6876.295658815718
2023-04-23 04:00:00,28.7,24,283.0,8500.0
2023-04-23 05:00:00,31.3,18,565.7,8500.0
2023-04-23 06:00:00,32.5,16,449.8,8500.0
2023-04-23 07:00:00,33.5,14,645.9,8500.0
2023-04-23 08:00:00,33.9,14,456.0,8500.0
2023-04-23 09:00:00,33.7,14,370.2,8500.0
2023-04-23 10:00:00,33.1,15,281.1,8500.0
2023-04-23 11:00:00,32.5,15,118.1,8500.0
2023-04-23 12:00:00,29.9,20,98.8,8500.0
2023-04-23 13:00:00,28.3,24,124.2,8500.0
2023-04-23 14:00:00,26.6,28,0.0,7163.454719243551
2023-04-23 15:00:00,24.7,34,0.0,5288.54953477365
2023-04-23 16:00:00,23.7,35,0.0,4478.09877382324
2023-04-23 17:00:00,23.1,37,0.0,3805.3210820768622
2023-04-23 18:00:00,21.6,42,0.0,3240.6416243187814
2023-04-23 19:00:00,21.6,43,0.0,3453.2831699609133
2023-04-23 20:00:00,21.1,44,0.0,3104.5853133726273
2023-04-23 21:00:00,21.3,41,0.0,2904.6047440351213
2023-04-23 22:00:00,20.7,43,0.0,2921.368935383048
2023-04-23 23:00:00,20.0,47,0.0,2928.9761039284567
2023-04-24 00:00:00,20.0,49,0.0,2682.7030983673476
2023-04-24 01:00:00,20.9,58,10.6,2817.484080838834
2023-04-24 02:00:00,23.7,41,164.3,3346.519613075659
2023-04-24 03:00:00,25.9,35,220.0,5245.905147502476
2023-04-24 04:00:00,27.7,32,210.3,7608.981064966204
2023-04-24 05:00:00,30.1,27,514.6,8500.0
2023-04-24 06:00:00,31.6,22,574.2,8500.0
2023-04-24 07:00:00,31.3,22,475.5,8500.0
2023-04-24 08:00:00,31.6,21,511.3,8500.0
2023-04-24 09:00:00,31.9,21,493.6,8500.0
2023-04-24 10:00:00,30.7,23,399.2,8500.0
2023-04-24 11:00:00,30.0,26,444.1,8500.0
2023-04-24 12:00:00,29.9,25,337.9,8500.0
2023-04-24 13:00:00,29.1,26,122.9,8500.0
2023-04-24 14:00:00,27.4,31,0.0,8418.463058568941
2023-04-24 15:00:00,26.0,35,0.0,6526.771090613167
2023-04-24 16:00:00,25.2,38,0.0,5566.549941039822
2023-04-24 17:00:00,24.6,40,0.0,4888.713379105975
2023-04-24 18:00:00,23.8,43,0.0,3903.525916532454
2023-04-24 19:00:00,23.0,46,0.0,3558.422359816018
2023-04-24 20:00:00,22.3,49,0.0,3133.250551021191
2023-04-24 21:00:00,21.7,51,0.0,3172.3046069423954
2023-04-24 22:00:00,21.1,54,0.0,2786.894212831233
2023-04-24 23:00:00,20.6,56,0.0,2900.5873218370534
2023-04-25 00:00:00,20.6,54,0.0,2793.9672205890815
2023-04-25 01:00:00,21.0,54,31.2,2499.6851751871764
2023-04-25 02:00:00,22.7,50,212.5,2877.0753640648372
2023-04-25 03:00:00,25.3,43,405.5,4834.274599886223
2023-04-25 04:00:00,27.9,35,536.0,8017.8976557318265
2023-04-25 05:00:00,29.7,30,614.6,8500.0
2023-04-25 06:00:00,31.2,26,660.9,8500.0
2023-04-25 07:00:00,32.4,23,681.3,8500.0
2023-04-25 08:00:00,32.9,22,587.5,8500.0
2023-04-25 09:00:00,33.2,22,571.2,8500.0
2023-04-25 10:00:00,33.2,22,593.1,8500.0
2023-04-25 11:00:00,32.7,22,503.4,8500.0
2023-04-25 12:00:00,33.0,21,349.0,8500.0
2023-04-25 13:00:00,31.6,23,60.8,8500.0
2023-04-25 14:00:00,28.8,30,0.0,8500.0
2023-04-25 15:00:00,27.4,33,0.0,8007.0479231143045
2023-04-25 16:00:00,27.6,32,0.0,8274.701090715911
2023-04-25 17:00:00,25.5,38,0.0,5520.083548521819
2023-04-25 18:00:00,24.7,42,0.0,4709.727676561419
2023-04-25 19:00:00,23.5,46,0.0,3710.925347057621
2023-04-25 20:00:00,22.7,49,0.0,3459.4734365471577
2023-04-25 21:00:00,22.7,49,0.0,3023.345166437479
2023-04-25 22:00:00,22.2,50,0.0,2984.1500348315762
2023-04-25 23:00:00,22.2,49,0.0,2962.4766744314825
2023-04-26 00:00:00,22.1,53,0.0,2863.7548784058117
2023-04-26 01:00:00,23.5,48,20.5,3435.969806840552
2023-04-26 02:00:00,26.4,41,213.9,5602.5605395286075
2023-04-26 03:00:00,29.1,35,411.6,8500.0
2023-04-26 04:00:00,31.6,29,544.6,8500.0
2023-04-26 05:00:00,33.3,22,621.7,8500.0
2023-04-26 06:00:00,34.1,20,539.1,8500.0
2023-04-26 07:00:00,34.9,18,533.3,8500.0
2023-04-26 08:00:00,35.4,17,456.0,8500.0
2023-04-26 09:00:00,35.6,17,381.0,8500.0
2023-04-26 10:00:00,35.1,17,328.2,8500.0
2023-04-26 11:00:00,34.7,17,202.5,8500.0
2023-04-26 12:00:00,34.4,18,72.5,8500.0
2023-04-26 13:00:00,31.6,25,109.4,8500.0
2023-04-26 14:00:00,29.4,26,0.0,8500.0
2023-04-26 15:00:00,29.4,28,0.0,8500.0
2023-04-26 16:00:00,28.0,31,0.0,8500.0
2023-04-26 17:00:00,26.6,34,0.0,6754.009471249175
2023-04-26 18:00:00,26.4,36,0.0,6050.603268722377
2023-04-26 19:00:00,25.1,39,0.0,4551.753612716456
2023-04-26 20:00:00,24.4,39,0.0,3981.68053350558
2023-04-26 21:00:00,25.1,34,0.0,4445.0850543257075
2023-04-26 22:00:00,24.5,34,0.0,3864.925596300389
2023-04-26 23:00:00,24.2,35,0.0,3735.7697642115986
2023-04-27 00:00:00,23.6,44,0.0,2899.116991463652
2023-04-27 01:00:00,24.5,43,30.2,3726.4865397604244
2023-04-27 02:00:00,27.0,39,188.8,6341.828493853585
2023-04-27 03:00:00,29.0,37,350.5,8500.0
2023-04-27 04:00:00,29.6,32,316.6,8500.0
2023-04-27 05:00:00,32.3,27,294.1,8500.0
2023-04-27 06:00:00,34.6,21,272.3,8500.0
2023-04-27 07:00:00,35.8,17,501.3,8500.0
2023-04-27 08:00:00,35.4,18,411.2,8500.0
2023-04-27 09:00:00,35.0,19,184.6,8500.0
2023-04-27 10:00:00,32.5,26,138.9,8500.0
2023-04-27 11:00:00,29.1,36,145.3,8500.0
2023-04-27 12:00:00,35.8,14,189.3,8500.0
2023-04-27 13:00:00,33.0,18,75.8,8500.0
2023-04-27 14:00:00,29.3,28,0.0,8500.0
2023-04-27 15:00:00,28.3,33,0.0,8500.0
2023-04-27 16:00:00,27.2,33,0.0,7547.033284591739
2023-04-27 17:00:00,27.2,31,0.0,7562.515124543069
2023-04-27 18:00:00,25.9,34,0.0,5378.171656804593
2023-04-27 19:00:00,24.7,39,0.0,4196.310639678217
2023-04-27 20:00:00,24.6,38,0.0,4122.472219847435
2023-04-27 21:00:00,24.8,37,0.0,4201.371901204884
2023-04-27 22:00:00,24.1,39,0.0,3503.59061730107
2023-04-27 23:00:00,23.2,45,0.0,2922.5482737753223
2023-04-28 00:00:00,22.4,56,0.0,2880.0341433804238
2023-04-28 01:00:00,23.6,51,9.9,3123.149960172863
2023-04-28 02:00:00,25.3,46,74.7,4429.4481471312265
2023-04-28 03:00:00,27.4,41,160.8,6893.396423015971
2023-04-28 04:00:00,28.3,39,43.6,8500.0
2023-04-28 05:00:00,30.2,34,167.0,8500.0
2023-04-28 06:00:00,32.2,28,247.8,8500.0
2023-04-28 07:00:00,32.0,28,222.2,8500.0
2023-04-28 08:00:00,33.3,24,283.6,8500.0
2023-04-28 09:00:00,33.0,24,321.1,8500.0
2023-04-28 10:00:00,33.4,23,470.9,8500.0
2023-04-28 11:00:00,33.5,23,471.5,8500.0
2023-04-28 12:00:00,32.2,25,272.8,8500.0
2023-04-28 13:00:00,30.9,28,64.3,8500.0
2023-04-28 14:00:00,29.4,29,0.0,8500.0
2023-04-28 15:00:00,27.0,37,0.0,7773.551514852581
2023-04-28 16:00:00,25.6,42,0.0,5468.495394990444
2023-04-28 17:00:00,25.5,43,0.0,5600.812398033355
2023-04-28 18:00:00,24.4,46,0.0,4376.685515625234
2023-04-28 19:00:00,23.9,48,0.0,3948.205041413154
2023-04-28 20:00:00,23.0,53,0.0,3400.1562376597617
2023-04-28 21:00:00,22.5,57,0.0,3347.4208220629107
2023-04-28 22:00:00,21.8,60,0.0,2654.3574034928574
2023-04-28 23:00:00,22.0,60,0.0,2911.397012410584
2023-04-29 00:00:00,24.2,54,0.0,3528.4218191729406
2023-04-29 01:00:00,25.0,52,9.8,3999.5827445356954
2023-04-29 02:00:00,24.8,52,107.2,4078.3698827801118
2023-04-29 03:00:00,27.0,46,332.4,6313.276017035735
2023-04-29 04:00:00,28.6,41,197.7,8500.0
2023-04-29 05:00:00,30.3,36,276.8,8500.0
2023-04-29 06:00:00,31.8,32,371.6,8500.0
2023-04-29 07:00:00,33.3,29,638.8,8500.0
2023-04-29 08:00:00,29.5,39,135.3,8500.0
2023-04-29 09:00:00,31.5,34,242.7,8500.0
2023-04-29 10:00:00,30.5,35,289.9,8500.0
2023-04-29 11:00:00,30.1,36,152.9,8500.0
2023-04-29 12:00:00,27.0,51,192.7,7718.87263303827
2023-04-29 13:00:00,27.1,51,53.0,8045.868102834206
2023-04-29 14:00:00,25.7,55,0.0,6089.882080345103
2023-04-29 15:00:00,24.9,59,0.0,5419.362836146722
2023-04-29 16:00:00,24.0,63,0.0,4694.980228897902
2023-04-29 17:00:00,23.7,62,0.0,4395.221702312757
2023-04-29 18:00:00,23.3,61,0.0,3952.00721931258
2023-04-29 19:00:00,22.7,63,0.0,3312.3339562853425
2023-04-29 20:00:00,22.5,64,0.0,2917.9261473061347
2023-04-29 21:00:00,23.4,59,0.0,3418.27340099082
2023-04-29 22:00:00,22.0,68,0.0,2721.831761018779
2023-04-29 23:00:00,21.5,72,0.0,2599.4957671114216
2023-04-30 00:00:00,22.4,74,0.0,2793.7742268786023
2023-04-30 01:00:00,22.9,73,0.0,3046.191726718232
2023-04-30 02:00:00,23.6,67,43.9,2991.395623136803
2023-04-30 03:00:00,24.3,62,2.1,3799.235575737834
2023-04-30 04:00:00,26.6,51,282.2,6204.102901459323
2023-04-30 05:00:00,28.4,43,352.0,8500.0
2023-04-30 06:00:00,28.3,42,96.8,8500.0
2023-04-30 07:00:00,29.4,38,155.3,8500.0
2023-04-30 08:00:00,30.0,37,184.4,8500.0
2023-04-30 09:00:00,30.4,36,230.0,8500.0
2023-04-30 10:00:00,30.0,36,271.2,8500.0
2023-04-30 11:00:00,28.2,45,265.3,8500.0
2023-04-30 12:00:00,24.4,60,103.3,5190.508840135522
2023-04-30 13:00:00,21.7,77,57.8,4249.883905826135
2023-04-30 14:00:00,22.3,77,0.0,4312.011557550701
2023-04-30 15:00:00,22.1,79,0.0,4057.108312041163
2023-04-30 16:00:00,21.5,80,0.0,3917.3469514226053
2023-04-30 17:00:00,21.2,82,0.0,3813.3297167119435
2023-04-30 18:00:00,21.2,85,0.0,3478.2715001522456
2023-04-30 19:00:00,21.0,85,0.0,2973.430834933433
2023-04-30 20:00:00,20.7,86,0.0,3002.4600501905024
2023-04-30 21:00:00,20.4,88,0.0,2988.5501171859755
2023-04-30 22:00:00,20.2,89,0.0,2683.369653838791
2023-04-30 23:00:00,20.2,89,0.0,2790.9001428753563
2023-05-01 00:00:00,19.8,92,0.0,2730.819713880669
2023-05-01 01:00:00,20.3,91,0.0,2665.1588883285704
2023-05-01 02:00:00,20.3,92,0.0,2525.6942164898655
2023-05-01 03:00:00,21.4,85,35.0,2627.7443381353773
2023-05-01 04:00:00,22.7,78,110.2,3121.8919665371945
2023-05-01 05:00:00,23.1,74,65.9,3426.933676040393
2023-05-01 06:00:00,23.8,69,23.9,4153.986951066888
2023-05-01 07:00:00,25.3,63,178.9,5504.508910830475
2023-05-01 08:00:00,26.6,57,337.9,6776.326937160858
2023-05-01 09:00:00,27.8,52,484.2,8500.0
2023-05-01 10:00:00,27.6,50,352.8,8500.0
2023-05-01 11:00:00,26.4,52,172.0,6844.923485596854
2023-05-01 12:00:00,20.1,88,68.6,4184.954923714027
2023-05-01 13:00:00,21.2,87,36.4,4501.027571013461
2023-05-01 14:00:00,20.7,89,0.0,4159.522868697008
2023-05-01 15:00:00,20.6,92,0.0,4117.4603063849745
2023-05-01 16:00:00,20.4,93,0.0,4043.624866880131
2023-05-01 17:00:00,20.2,94,0.0,3846.983614679548
2023-05-01 18:00:00,20.2,93,0.0,3518.7625625957085
2023-05-01 19:00:00,20.0,95,0.0,3391.966206338201
2023-05-01 20:00:00,19.9,95,0.0,3081.885021958354
2023-05-01 21:00:00,19.7,97,0.0,3041.0661528072096
2023-05-01 22:00:00,19.5,98,0.0,2704.566179937326
2023-05-01 23:00:00,19.3,98,0.0,2631.9401694615444
2023-05-02 00:00:00,20.0,97,0.0,2645.5089689287915
2023-05-02 01:00:00,20.8,89,0.0,2398.772908108365
2023-05-02 02:00:00,21.5,86,3.6,2813.9752673249686
2023-05-02 03:00:00,22.5,79,65.5,3025.9078253149464
2023-05-02 04:00:00,23.5,74,66.8,3287.6684187717897
2023-05-02 05:00:00,24.8,68,163.1,4614.493223373869
2023-05-02 06:00:00,26.3,62,326.5,6331.530849278953
2023-05-02 07:00:00,27.3,59,454.5,7746.053043941864
2023-05-02 08:00:00,28.0,55,415.9,8500.0
2023-05-02 09:00:00,27.8,54,209.2,8500.0
2023-05-02 10:00:00,24.2,71,58.5,4987.773057244023
2023-05-02 11:00:00,23.3,74,74.3,4690.967932939575
2023-05-02 12:00:00,23.5,75,114.7,4748.715706007008
2023-05-02 13:00:00,22.7,79,103.0,4284.718489809679
2023-05-02 14:00:00,21.8,85,0.0,4102.576410866461
2023-05-02 15:00:00,21.6,87,0.0,4090.2764911431946
2023-05-02 16:00:00,21.3,88,0.0,3847.434322823975
2023-05-02 17:00:00,20.8,89,0.0,3448.579782790201
2023-05-02 18:00:00,20.9,88,0.0,3505.255873477128
2023-05-02 19:00:00,20.3,91,0.0,3380.910877913466
2023-05-02 20:00:00,20.1,92,0.0,2982.5555920834463
2023-05-02 21:00:00,20.3,91,0.0,2807.196271786158
2023-05-02 22:00:00,19.9,94,0.0,2603.946489378631
2023-05-02 23:00:00,19.9,95,0.0,2749.350161516318
2023-05-03 00:00:00,20.5,95,0.0,2845.1091888811684
2023-05-03 01:00:00,19.9,93,0.0,2615.2722153661834
2023-05-03 02:00:00,20.4,90,42.7,2863.0444986528687
2023-05-03 03:00:00,22.4,83,330.2,3092.6543856613844
2023-05-03 04:00:00,23.1,76,390.8,3390.860101183508
2023-05-03 05:00:00,22.8,77,75.3,3421.6599882273067
2023-05-03 06:00:00,25.1,67,246.9,4962.2031977806255
2023-05-03 07:00:00,27.0,60,349.7,7110.645854388206
2023-05-03 08:00:00,28.2,54,382.0,8500.0
2023-05-03 09:00:00,26.9,55,351.5,7444.867486518313
2023-05-03 10:00:00,27.2,55,237.4,8173.920685438438
2023-05-03 11:00:00,27.1,55,304.6,7620.391597398986
2023-05-03 12:00:00,21.5,85,233.4,4385.017689758139
2023-05-03 13:00:00,22.3,82,30.6,4195.6720706854985
2023-05-03 14:00:00,21.7,86,0.0,4274.432324638345
2023-05-03 15:00:00,21.6,85,0.0,3948.9504211497674
2023-05-03 16:00:00,20.9,88,0.0,3795.424623315874
2023-05-03 17:00:00,20.1,93,0.0,3661.6826285704633
2023-05-03 18:00:00,20.0,94,0.0,3742.231027310665
2023-05-03 19:00:00,19.5,96,0.0,3324.4523273581585
2023-05-03 20:00:00,19.3,97,0.0,3091.052243005849
2023-05-03 21:00:00,19.3,98,0.0,3039.14164975003
2023-05-03 22:00:00,18.9,99,0.0,2895.134633333809
2023-05-03 23:00:00,18.7,99,0.0,2921.6481838537293
2023-05-04 00:00:00,18.8,98,0.0,2605.644454198901
2023-05-04 01:00:00,19.8,96,36.7,2864.227033542525
2023-05-04 02:00:00,21.3,88,176.3,2584.546774970812
2023-05-04 03:00:00,23.3,76,332.8,3210.599860270108
2023-05-04 04:00:00,24.9,70,420.7,4486.561458778556
2023-05-04 05:00:00,26.6,61,555.3,6326.661920504551
2023-05-04 06:00:00,28.0,55,578.6,8500.0
2023-05-04 07:00:00,28.7,52,550.2,8500.0
2023-05-04 08:00:00,29.3,49,505.6,8500.0
2023-05-04 09:00:00,29.6,47,527.2,8500.0
2023-05-04 10:00:00,29.7,45,466.4,8500.0
2023-05-04 11:00:00,29.5,45,405.8,8500.0
2023-05-04 12:00:00,28.8,52,261.5,8500.0
2023-05-04 13:00:00,27.8,60,101.0,8500.0
2023-05-04 14:00:00,25.8,65,0.0,6368.490328899528
2023-05-04 15:00:00,24.9,70,0.0,5306.128825935299
2023-05-04 16:00:00,23.8,76,0.0,4486.9507074493695
2023-05-04 17:00:00,23.1,79,0.0,3567.7862455596724
2023-05-04 18:00:00,22.5,82,0.0,3537.552004033153
2023-05-04 19:00:00,22.0,84,0.0,3143.782254965822
2023-05-04 20:00:00,21.5,86,0.0,3084.6831361076356
2023-05-04 21:00:00,21.0,88,0.0,2847.498244491044
2023-05-04 22:00:00,20.6,89,0.0,2829.636837647099
2023-05-04 23:00:00,20.8,86,0.0,2563.980017948284
2023-05-05 00:00:00,22.4,74,0.0,2977.42325434375
2023-05-05 01:00:00,23.6,70,36.3,2778.432534289906
2023-05-05 02:00:00,25.7,65,195.8,4676.327404780636
2023-05-05 03:00:00,28.3,53,359.6,8387.061763618998
2023-05-05 04:00:00,30.1,44,443.2,8500.0
2023-05-05 05:00:00,23.9,71,274.7,3697.3465568049637
2023-05-05 06:00:00,26.1,62,152.3,5812.810639654744
2023-05-05 07:00:00,29.1,52,514.6,8500.0
2023-05-05 08:00:00,29.3,49,485.3,8500.0
2023-05-05 09:00:00,30.6,43,450.4,8500.0
2023-05-05 10:00:00,30.8,38,413.9,8500.0
2023-05-05 11:00:00,30.7,37,378.7,8500.0
2023-05-05 12:00:00,29.9,37,267.8,8500.0
2023-05-05 13:00:00,29.3,39,105.0,8500.0
2023-05-05 14:00:00,27.0,43,0.0,7848.636907543674
2023-05-05 15:00:00,25.8,46,0.0,6253.898682698118
2023-05-05 16:00:00,24.7,54,0.0,4903.469694098946
2023-05-05 17:00:00,26.4,49,0.0,6597.923861793439
2023-05-05 18:00:00,23.2,57,0.0,3606.484390021721
2023-05-05 19:00:00,22.5,59,0.0,3384.347572333039
2023-05-05 20:00:00,22.0,60,0.0,3141.551307398442
2023-05-05 21:00:00,21.3,64,0.0,3019.675489749061
2023-05-05 22:00:00,20.9,64,0.0,2873.0448287388767
2023-05-05 23:00:00,20.7,64,0.0,2975.355908581764
2023-05-06 00:00:00,21.9,65,0.0,2513.9451608286568
2023-05-06 01:00:00,23.9,58,35.9,3267.042173677771
2023-05-06 02:00:00,25.9,54,190.7,5039.136637943483
2023-05-06 03:00:00,28.4,47,368.2,8401.124109074013
2023-05-06 04:00:00,30.7,37,489.0,8500.0
2023-05-06 05:00:00,32.3,31,566.6,8500.0
2023-05-06 06:00:00,33.4,30,605.0,8500.0
2023-05-06 07:00:00,34.5,28,627.0,8500.0
2023-05-06 08:00:00,35.4,25,579.4,8500.0
2023-05-06 09:00:00,34.8,26,547.2,8500.0
2023-05-06 10:00:00,34.3,26,266.1,8500.0
2023-05-06 11:00:00,32.4,30,235.5,8500.0
2023-05-06 12:00:00,28.0,50,129.8,8500.0
2023-05-06 13:00:00,28.2,52,118.9,8500.0
2023-05-06 14:00:00,26.1,55,0.0,6484.542107852788
2023-05-06 15:00:00,26.8,50,0.0,7336.181353008302
2023-05-06 16:00:00,24.9,58,0.0,5025.862998843915
2023-05-06 17:00:00,24.3,59,0.0,4465.954655724969
2023-05-06 18:00:00,24.2,57,0.0,4234.4232319866305
2023-05-06 19:00:00,23.8,55,0.0,3822.8320101066447
2023-05-06 20:00:00,23.5,53,0.0,3487.088118574891
2023-05-06 21:00:00,22.7,56,0.0,2880.1471188965293
2023-05-06 22:00:00,22.4,56,0.0,2786.6065492100624
2023-05-06 23:00:00,22.3,54,0.0,2854.7535797974633
2023-05-07 00:00:00,22.0,54,0.0,2810.853218431836
2023-05-07 01:00:00,23.8,49,44.4,3555.910097817867
2023-05-07 02:00:00,26.8,44,203.0,6074.15283043252
2023-05-07 03:00:00,30.1,38,378.8,8500.0
2023-05-07 04:00:00,32.8,31,495.2,8500.0
2023-05-07 05:00:00,34.6,26,516.2,8500.0
2023-05-07 06:00:00,35.8,23,549.3,8500.0
2023-05-07 07:00:00,36.1,22,453.9,8500.0
2023-05-07 08:00:00,34.8,26,464.5,8500.0
2023-05-07 09:00:00,34.8,26,420.3,8500.0
2023-05-07 10:00:00,35.1,25,496.5,8500.0
2023-05-07 11:00:00,35.1,24,404.7,8500.0
2023-05-07 12:00:00,29.8,38,239.4,8500.0
2023-05-07 13:00:00,30.8,36,63.8,8500.0
2023-05-07 14:00:00,29.8,35,0.0,8500.0
2023-05-07 15:00:00,28.7,37,0.0,8500.0
2023-05-07 16:00:00,27.4,40,0.0,8046.093647598089
2023-05-07 17:00:00,26.5,42,0.0,6642.19817351396
2023-05-07 18:00:00,25.7,45,0.0,5611.970679183553
2023-05-07 19:00:00,25.8,43,0.0,5502.548829767756
2023-05-07 20:00:00,24.5,47,0.0,4070.6735437982747
2023-05-07 21:00:00,23.3,53,0.0,3105.691512385576
2023-05-07 22:00:00,21.9,62,0.0,2676.3467688481182
2023-05-07 23:00:00,22.0,59,0.0,2840.4202260636876
2023-05-08 00:00:00,24.2,60,0.0,3445.504809838972
2023-05-08 01:00:00,25.4,54,26.4,4945.141469363816
2023-05-08 02:00:00,26.1,53,150.2,5328.884515871783
2023-05-08 03:00:00,28.6,45,211.6,8500.0
2023-05-08 04:00:00,31.5,35,404.9,8500.0
2023-05-08 05:00:00,33.4,30,534.7,8500.0
2023-05-08 06:00:00,34.6,27,603.5,8500.0
2023-05-08 07:00:00,35.1,27,621.6,8500.0
2023-05-08 08:00:00,35.4,27,452.6,8500.0
2023-05-08 09:00:00,35.8,22,520.3,8500.0
2023-05-08 10:00:00,36.5,17,499.7,8500.0
2023-05-08 11:00:00,36.6,15,379.4,8500.0
2023-05-08 12:00:00,32.6,30,279.0,8500.0
2023-05-08 13:00:00,32.2,33,97.3,8500.0
2023-05-08 14:00:00,29.3,41,0.0,8500.0
2023-05-08 15:00:00,27.8,43,0.0,8403.933711772928
2023-05-08 16:00:00,26.9,46,0.0,7195.9623413765075
2023-05-08 17:00:00,26.3,47,0.0,6180.080806403935
2023-05-08 18:00:00,25.5,49,0.0,5353.7674553747565
2023-05-08 19:00:00,24.2,54,0.0,4154.827760851816
2023-05-08 20:00:00,23.8,55,0.0,3717.958650044405
2023-05-08 21:00:00,22.7,60,0.0,3261.9314109985776
2023-05-08 22:00:00,21.4,67,0.0,2662.9425627610217
2023-05-08 23:00:00,22.4,63,0.0,3119.65514123626
2023-05-09 00:00:00,21.5,72,0.0,2686.818795242256
2023-05-09 01:00:00,22.7,68,43.5,2885.719013862131
2023-05-09 02:00:00,24.6,59,203.3,4156.327672791235
2023-05-09 03:00:00,27.7,44,381.9,7535.171085725165
2023-05-09 04:00:00,31.5,30,504.6,8500.0
2023-05-09 05:00:00,33.8,21,583.2,8500.0
2023-05-09 06:00:00,35.3,18,628.6,8500.0
2023-05-09 07:00:00,36.5,14,646.6,8500.0
2023-05-09 08:00:00,37.1,13,642.0,8500.0
2023-05-09 09:00:00,37.1,12,614.5,8500.0
2023-05-09 10:00:00,36.8,13,553.0,8500.0
2023-05-09 11:00:00,36.4,12,456.6,8500.0
2023-05-09 12:00:00,36.2,13,313.6,8500.0
2023-05-09 13:00:00,33.9,14,130.1,8500.0
2023-05-09 14:00:00,30.8,19,14.1,8500.0
2023-05-09 15:00:00,29.4,19,0.0,8500.0
2023-05-09 16:00:00,29.0,19,0.0,8500.0
2023-05-09 17:00:00,27.7,23,0.0,7897.9502878940775
2023-05-09 18:00:00,26.3,27,0.0,5861.0478287980595
2023-05-09 19:00:00,25.6,28,0.0,5393.2031239361195
2023-05-09 20:00:00,24.0,32,0.0,3759.9830103551017
2023-05-09 21:00:00,23.3,34,0.0,3316.633750346949
2023-05-09 22:00:00,22.6,35,0.0,3107.764454545776
2023-05-09 23:00:00,22.1,36,0.0,2735.487445787329
2023-05-10 00:00:00,21.9,40,0.0,3006.0497503175275
2023-05-10 01:00:00,23.2,37,43.1,2771.557622701891
2023-05-10 02:00:00,25.6,34,205.3,4486.03517182593
2023-05-10 03:00:00,28.6,28,380.6,8500.0
2023-05-10 04:00:00,31.6,22,504.9,8500.0
2023-05-10 05:00:00,33.7,15,581.1,8500.0
2023-05-10 06:00:00,34.8,12,630.1,8500.0
2023-05-10 07:00:00,35.5,11,652.2,8500.0
2023-05-10 08:00:00,36.1,10,649.7,8500.0
2023-05-10 09:00:00,36.3,10,621.7,8500.0
2023-05-10 10:00:00,36.5,10,563.8,8500.0
2023-05-10 11:00:00,36.0,10,468.7,8500.0
2023-05-10 12:00:00,36.4,11,321.9,8500.0
2023-05-10 13:00:00,34.5,13,128.9,8500.0
2023-05-10 14:00:00,32.4,15,13.9,8500.0
2023-05-10 15:00:00,30.2,18,0.0,8500.0
2023-05-10 16:00:00,27.3,23,0.0,7764.832046798596
2023-05-10 17:00:00,26.5,26,0.0,6782.776663678067
2023-05-10 18:00:00,28.5,24,0.0,8500.0
2023-05-10 19:00:00,25.3,28,0.0,4873.926837583153
2023-05-10 20:00:00,24.8,27,0.0,4484.168617719754
2023-05-10 21:00:00,23.3,30,0.0,3250.7786086084757
2023-05-10 22:00:00,22.6,31,0.0,2815.6460932066075
2023-05-10 23:00:00,22.1,32,0.0,2667.2337542465903
2023-05-11 00:00:00,22.6,37,0.0,2772.9402603123585
2023-05-11 01:00:00,24.5,34,42.7,3824.3321194854607
2023-05-11 02:00:00,27.6,30,203.9,7133.022382443535
2023-05-11 03:00:00,31.1,24,379.3,8500.0
2023-05-11 04:00:00,33.6,20,501.0,8500.0
2023-05-11 05:00:00,35.4,17,576.7,8500.0
2023-05-11 06:00:00,37.0,13,619.7,8500.0
2023-05-11 07:00:00,37.9,11,639.3,8500.0
2023-05-11 08:00:00,38.6,9,635.6,8500.0
2023-05-11 09:00:00,38.9,9,608.8,8500.0
2023-05-11 10:00:00,38.7,9,554.0,8500.0
2023-05-11 11:00:00,38.0,10,459.6,8500.0
2023-05-11 12:00:00,37.5,13,311.3,8500.0
2023-05-11 13:00:00,35.5,16,123.1,8500.0
2023-05-11 14:00:00,31.9,20,13.8,8500.0
2023-05-11 15:00:00,29.6,24,0.0,8500.0
2023-05-11 16:00:00,32.4,19,0.0,8500.0
2023-05-11 17:00:00,27.2,29,0.0,7706.59802583263
2023-05-11 18:00:00,28.6,26,0.0,8500.0
2023-05-11 19:00:00,30.7,22,0.0,8500.0
2023-05-11 20:00:00,28.8,26,0.0,8500.0
2023-05-11 21:00:00,27.8,30,0.0,7559.485973979894
2023-05-11 22:00:00,24.0,35,0.0,3482.5022481518367
2023-05-11 23:00:00,23.1,36,0.0,2751.103710427065
2023-05-12 00:00:00,24.9,34,0.0,3589.94477083738
2023-05-12 01:00:00,25.7,34,42.4,4672.325673815679
2023-05-12 02:00:00,28.5,30,195.9,8500.0
2023-05-12 03:00:00,32.0,25,368.3,8500.0
2023-05-12 04:00:00,35.6,18,489.9,8500.0
2023-05-12 05:00:00,38.2,14,565.2,8500.0
2023-05-12 06:00:00,39.8,12,606.3,8500.0
2023-05-12 07:00:00,40.8,11,623.4,8500.0
2023-05-12 08:00:00,41.5,10,616.5,8500.0
2023-05-12 09:00:00,41.7,10,588.2,8500.0
2023-05-12 10:00:00,41.7,10,528.9,8500.0
2023-05-12 11:00:00,41.3,10,402.1,8500.0
2023-05-12 12:00:00,40.8,10,277.3,8500.0
2023-05-12 13:00:00,36.7,16,122.0,8500.0
2023-05-12 14:00:00,34.4,23,13.6,8500.0
2023-05-12 15:00:00,32.4,26,0.0,8500.0
2023-05-12 16:00:00,31.0,28,0.0,8500.0
2023-05-12 17:00:00,29.5,31,0.0,8500.0
2023-05-12 18:00:00,28.3,33,0.0,8500.0
2023-05-12 19:00:00,27.4,35,0.0,7221.45094721342
2023-05-12 20:00:00,27.4,35,0.0,7345.876783329204
2023-05-12 21:00:00,26.6,36,0.0,5865.751777106003
2023-05-12 22:00:00,25.6,39,0.0,4657.521778052167
2023-05-12 23:00:00,25.1,40,0.0,4248.2718574655955
2023-05-13 00:00:00,26.2,37,0.0,5306.3612134224195
2023-05-13 01:00:00,26.9,36,42.0,6145.049751021519
2023-05-13 02:00:00,29.1,33,191.4,8500.0
2023-05-13 03:00:00,32.0,27,363.2,8500.0
2023-05-13 04:00:00,34.8,23,448.5,8500.0
2023-05-13 05:00:00,37.0,19,486.7,8500.0
2023-05-13 06:00:00,39.0,17,588.6,8500.0
2023-05-13 07:00:00,40.4,14,613.7,8500.0
2023-05-13 08:00:00,41.1,13,609.8,8500.0
2023-05-13 09:00:00,41.4,12,582.1,8500.0
2023-05-13 10:00:00,41.5,12,527.0,8500.0
2023-05-13 11:00:00,41.5,12,422.3,8500.0
2023-05-13 12:00:00,40.6,12,23.4,8500.0
2023-05-13 13:00:00,37.6,16,83.8,8500.0
2023-05-13 14:00:00,34.7,20,13.4,8500.0
2023-05-13 15:00:00,32.1,24,0.0,8500.0
2023-05-13 16:00:00,31.1,27,0.0,8500.0
2023-05-13 17:00:00,30.4,28,0.0,8500.0
2023-05-13 18:00:00,29.5,31,0.0,8500.0
2023-05-13 19:00:00,29.1,34,0.0,8500.0
2023-05-13 20:00:00,28.8,35,0.0,8500.0
2023-05-13 21:00:00,29.0,34,0.0,8500.0
2023-05-13 22:00:00,28.4,33,0.0,8312.982548227701
2023-05-13 23:00:00,27.8,33,0.0,7390.320721255546
2023-05-14 00:00:00,26.5,47,0.0,5761.779692608628
2023-05-14 01:00:00,28.0,43,41.7,7454.558337488899
2023-05-14 02:00:00,29.9,39,183.8,8500.0
2023-05-14 03:00:00,32.0,35,352.4,8500.0
2023-05-14 04:00:00,35.2,28,470.8,8500.0
2023-05-14 05:00:00,37.6,23,547.1,8500.0
2023-05-14 06:00:00,39.2,20,590.2,8500.0
2023-05-14 07:00:00,39.3,17,608.1,8500.0
2023-05-14 08:00:00,40.5,14,509.1,8500.0
2023-05-14 09:00:00,36.8,13,103.2,8500.0
2023-05-14 10:00:00,37.3,20,183.9,8500.0
2023-05-14 11:00:00,38.7,16,312.1,8500.0
2023-05-14 12:00:00,34.4,25,240.3,8500.0
2023-05-14 13:00:00,33.1,27,0.0,8500.0
2023-05-14 14:00:00,31.1,30,13.2,8500.0
2023-05-14 15:00:00,29.7,31,0.0,8500.0
2023-05-14 16:00:00,30.6,26,0.0,8500.0
2023-05-14 17:00:00,28.9,29,0.0,8500.0
2023-05-14 18:00:00,28.4,32,0.0,8500.0
2023-05-14 19:00:00,28.1,33,0.0,8192.065475823329
2023-05-14 20:00:00,27.6,33,0.0,7436.626279317685
2023-05-14 21:00:00,26.8,35,0.0,6123.509753388376
2023-05-14 22:00:00,26.2,36,0.0,5293.43247186594
2023-05-14 23:00:00,25.2,38,0.0,4406.127999521894
2023-05-15 00:00:00,25.8,42,0.0,4810.133750811864
2023-05-15 01:00:00,27.5,38,41.4,6930.290056073634
2023-05-15 02:00:00,30.1,33,186.0,8500.0
2023-05-15 03:00:00,33.7,25,353.4,8500.0
2023-05-15 04:00:00,36.6,19,471.5,8500.0
2023-05-15 05:00:00,37.9,18,546.5,8500.0
2023-05-15 06:00:00,39.3,16,590.8,8500.0
2023-05-15 07:00:00,40.3,15,604.6,8500.0
2023-05-15 08:00:00,40.0,14,532.5,8500.0
2023-05-15 09:00:00,40.5,13,531.1,8500.0
2023-05-15 10:00:00,39.6,14,333.0,8500.0
2023-05-15 11:00:00,39.9,13,407.8,8500.0
2023-05-15 12:00:00,39.3,14,283.7,8500.0
2023-05-15 13:00:00,36.6,19,109.8,8500.0
2023-05-15 14:00:00,34.8,21,0.0,8500.0
2023-05-15 15:00:00,33.1,24,0.0,8500.0
2023-05-15 16:00:00,32.0,25,0.0,8500.0
2023-05-15 17:00:00,32.2,23,0.0,8500.0
2023-05-15 18:00:00,29.5,28,0.0,8500.0
2023-05-15 19:00:00,28.2,31,0.0,8489.422028754072
2023-05-15 20:00:00,27.1,34,0.0,6695.546570006057
2023-05-15 21:00:00,26.8,32,0.0,6566.374447602045
2023-05-15 22:00:00,27.1,27,0.0,6380.788083316238
2023-05-15 23:00:00,26.9,27,0.0,6126.153981909476
2023-05-16 00:00:00,28.3,37,0.0,7894.358922788897
2023-05-16 01:00:00,28.9,37,16.4,8500.0
2023-05-16 02:00:00,30.5,34,152.6,8500.0
2023-05-16 03:00:00,32.6,31,259.0,8500.0
2023-05-16 04:00:00,34.8,27,334.0,8500.0
2023-05-16 05:00:00,36.5,24,373.1,8500.0
2023-05-16 06:00:00,37.7,23,407.8,8500.0
2023-05-16 07:00:00,35.1,26,395.3,8500.0
2023-05-16 08:00:00,34.6,27,201.1,8500.0
2023-05-16 09:00:00,35.3,29,165.1,8500.0
2023-05-16 10:00:00,36.7,26,420.5,8500.0
2023-05-16 11:00:00,36.7,25,382.9,8500.0
2023-05-16 12:00:00,38.6,17,231.7,8500.0
2023-05-16 13:00:00,36.9,18,90.8,8500.0
2023-05-16 14:00:00,34.1,24,12.9,8500.0
2023-05-16 15:00:00,32.3,31,0.0,8500.0
2023-05-16 16:00:00,32.1,29,0.0,8500.0
2023-05-16 17:00:00,31.1,25,0.0,8500.0
2023-05-16 18:00:00,29.4,24,0.0,8500.0
2023-05-16 19:00:00,29.1,25,0.0,8500.0
2023-05-16 20:00:00,27.0,27,0.0,6550.47288614206
2023-05-16 21:00:00,26.9,27,0.0,6471.573708657948
2023-05-16 22:00:00,26.9,27,0.0,6498.21431817546
2023-05-16 23:00:00,26.0,29,0.0,5128.390737906429
2023-05-17 00:00:00,26.9,36,0.0,6023.505980356628
2023-05-17 01:00:00,30.7,29,40.8,8500.0
2023-05-17 02:00:00,31.4,29,174.4,8500.0
2023-05-17 03:00:00,34.4,24,343.8,8500.0
2023-05-17 04:00:00,36.5,21,460.0,8500.0
2023-05-17 05:00:00,38.3,17,464.4,8500.0
2023-05-17 06:00:00,39.8,15,568.5,8500.0
2023-05-17 07:00:00,40.3,14,525.4,8500.0
2023-05-17 08:00:00,40.8,14,476.1,8500.0
2023-05-17 09:00:00,40.9,13,456.0,8500.0
2023-05-17 10:00:00,40.2,14,276.2,8500.0
2023-05-17 11:00:00,40.1,14,361.4,8500.0
2023-05-17 12:00:00,32.7,34,233.2,8500.0
2023-05-17 13:00:00,32.6,35,49.5,8500.0
2023-05-17 14:00:00,32.4,29,0.0,8500.0
2023-05-17 15:00:00,31.3,36,0.0,8500.0
2023-05-17 16:00:00,31.3,33,0.0,8500.0
2023-05-17 17:00:00,30.4,37,0.0,8500.0
2023-05-17 18:00:00,29.5,39,0.0,8500.0
2023-05-17 19:00:00,28.6,40,0.0,8500.0
2023-05-17 20:00:00,28.1,41,0.0,8122.283128459776
2023-05-17 21:00:00,27.6,41,0.0,7283.59846075527
2023-05-17 22:00:00,27.5,41,0.0,6956.577673637225
2023-05-17 23:00:00,27.2,41,0.0,6380.981541835831
2023-05-18 00:00:00,23.9,62,0.0,3338.031622883435
2023-05-18 01:00:00,24.5,60,16.2,3961.4426970829863
2023-05-18 02:00:00,25.1,59,93.2,4067.5606963313858
2023-05-18 03:00:00,26.9,51,184.1,6140.496027003236
2023-05-18 04:00:00,29.5,43,427.8,8500.0
2023-05-18 05:00:00,32.0,35,517.5,8500.0
2023-05-18 06:00:00,34.6,28,564.9,8500.0
2023-05-18 07:00:00,36.4,25,585.1,8500.0
2023-05-18 08:00:00,37.5,23,583.9,8500.0
2023-05-18 09:00:00,38.0,22,557.3,8500.0
2023-05-18 10:00:00,37.8,21,491.9,8500.0
2023-05-18 11:00:00,36.8,22,363.9,8500.0
2023-05-18 12:00:00,35.4,29,117.4,8500.0
2023-05-18 13:00:00,33.8,33,107.3,8500.0
2023-05-18 14:00:00,32.6,35,12.6,8500.0
2023-05-18 15:00:00,31.6,37,0.0,8500.0
2023-05-18 16:00:00,30.6,38,0.0,8500.0
2023-05-18 17:00:00,29.7,39,0.0,8500.0
2023-05-18 18:00:00,29.0,41,0.0,8500.0
2023-05-18 19:00:00,28.3,43,0.0,8500.0
2023-05-18 20:00:00,27.8,44,0.0,7846.140664540406
2023-05-18 21:00:00,27.2,44,0.0,6702.295326450292
2023-05-18 22:00:00,26.5,46,0.0,5815.791731543929
2023-05-18 23:00:00,25.9,48,0.0,4980.066427729912
2023-05-19 00:00:00,26.1,55,0.0,4996.567789204879
2023-05-19 01:00:00,26.7,55,48.4,5916.228896384599
2023-05-19 02:00:00,28.3,51,179.3,8191.499526932622
2023-05-19 03:00:00,30.3,46,338.5,8500.0
2023-05-19 04:00:00,32.3,41,454.5,8500.0
2023-05-19 05:00:00,34.0,34,532.5,8500.0
2023-05-19 06:00:00,35.4,27,576.3,8500.0
2023-05-19 07:00:00,36.2,24,596.0,8500.0
2023-05-19 08:00:00,37.0,23,592.7,8500.0
2023-05-19 09:00:00,37.7,21,564.6,8500.0
2023-05-19 10:00:00,37.9,19,510.4,8500.0
2023-05-19 11:00:00,37.7,18,420.6,8500.0
2023-05-19 12:00:00,37.3,19,284.5,8500.0
2023-05-19 13:00:00,35.5,22,88.7,8500.0
2023-05-19 14:00:00,32.3,28,12.5,8500.0
2023-05-19 15:00:00,30.8,32,0.0,8500.0
2023-05-19 16:00:00,30.0,33,0.0,8500.0
2023-05-19 17:00:00,29.5,33,0.0,8500.0
2023-05-19 18:00:00,29.1,33,0.0,8500.0
2023-05-19 19:00:00,28.4,35,0.0,8500.0
2023-05-19 20:00:00,27.4,37,0.0,7161.539198352217
2023-05-19 21:00:00,26.5,39,0.0,5941.643757852825
2023-05-19 22:00:00,25.8,41,0.0,4961.744716053877
2023-05-19 23:00:00,25.0,43,0.0,4024.0032923696936
2023-05-20 00:00:00,24.8,50,0.0,3930.3971285970465
2023-05-20 01:00:00,26.4,46,48.2,5426.854352615235
2023-05-20 02:00:00,28.8,43,188.1,8500.0
2023-05-20 03:00:00,32.0,34,349.4,8500.0
2023-05-20 04:00:00,34.5,30,465.4,8500.0
2023-05-20 05:00:00,36.3,25,538.0,8500.0
2023-05-20 06:00:00,37.4,22,577.0,8500.0
2023-05-20 07:00:00,38.3,20,577.3,8500.0
2023-05-20 08:00:00,39.1,18,591.3,8500.0
2023-05-20 09:00:00,39.8,14,570.8,8500.0
2023-05-20 10:00:00,40.0,13,514.8,8500.0
2023-05-20 11:00:00,39.5,13,427.8,8500.0
2023-05-20 12:00:00,39.1,15,288.1,8500.0
2023-05-20 13:00:00,36.9,17,118.8,8500.0
2023-05-20 14:00:00,32.4,24,12.3,8500.0
2023-05-20 15:00:00,31.7,27,0.0,8500.0
2023-05-20 16:00:00,30.9,29,0.0,8500.0
2023-05-20 17:00:00,34.1,21,0.0,8500.0
2023-05-20 18:00:00,33.1,22,0.0,8500.0
2023-05-20 19:00:00,32.0,24,0.0,8500.0
2023-05-20 20:00:00,30.7,26,0.0,8500.0
2023-05-20 21:00:00,27.1,32,0.0,6540.638577074544
2023-05-20 22:00:00,26.8,32,0.0,5811.469557354434
2023-05-20 23:00:00,25.4,36,0.0,4327.8737163626
2023-05-21 00:00:00,26.7,38,0.0,5939.9061950663945
2023-05-21 01:00:00,28.1,37,47.9,7973.430391973004
2023-05-21 02:00:00,30.8,33,181.0,8500.0
2023-05-21 03:00:00,33.7,28,342.9,8500.0
2023-05-21 04:00:00,36.2,24,460.7,8500.0
2023-05-21 05:00:00,38.4,21,537.7,8500.0
2023-05-21 06:00:00,40.2,17,580.9,8500.0
2023-05-21 07:00:00,41.4,14,599.4,8500.0
2023-05-21 08:00:00,42.0,13,577.6,8500.0
2023-05-21 09:00:00,42.4,12,542.7,8500.0
2023-05-21 10:00:00,42.2,11,431.9,8500.0
2023-05-21 11:00:00,41.9,11,260.3,8500.0
2023-05-21 12:00:00,41.8,9,193.7,8500.0
2023-05-21 13:00:00,39.6,11,96.1,8500.0
2023-05-21 14:00:00,37.1,13,12.2,8500.0
2023-05-21 15:00:00,33.5,18,0.0,8500.0
2023-05-21 16:00:00,31.6,22,0.0,8500.0
2023-05-21 17:00:00,33.9,20,0.0,8500.0
2023-05-21 18:00:00,31.4,22,0.0,8500.0
2023-05-21 19:00:00,31.2,23,0.0,8500.0
2023-05-21 20:00:00,30.5,23,0.0,8500.0
2023-05-21 21:00:00,29.8,22,0.0,8500.0
2023-05-21 22:00:00,31.4,20,0.0,8500.0
2023-05-21 23:00:00,30.4,22,0.0,8500.0
2023-05-22 00:00:00,33.5,24,0.0,8500.0
2023-05-22 01:00:00,33.1,26,47.7,8500.0
2023-05-22 02:00:00,34.3,27,183.5,8500.0
2023-05-22 03:00:00,35.9,25,342.4,8500.0
2023-05-22 04:00:00,37.6,23,457.3,8500.0
2023-05-22 05:00:00,39.6,21,530.2,8500.0
2023-05-22 06:00:00,41.1,19,573.2,8500.0
2023-05-22 07:00:00,42.1,18,590.0,8500.0
2023-05-22 08:00:00,41.2,16,488.9,8500.0
2023-05-22 09:00:00,39.7,18,183.0,8500.0
2023-05-22 10:00:00,40.2,17,110.1,8500.0
2023-05-22 11:00:00,40.5,16,141.0,8500.0
2023-05-22 12:00:00,41.6,13,109.0,8500.0
2023-05-22 13:00:00,39.1,16,13.0,8500.0
2023-05-22 14:00:00,36.5,18,0.0,8500.0
2023-05-22 15:00:00,34.0,21,0.0,8500.0
2023-05-22 16:00:00,33.8,22,0.0,8500.0
2023-05-22 17:00:00,34.5,21,0.0,8500.0
2023-05-22 18:00:00,34.3,21,0.0,8500.0
2023-05-22 19:00:00,32.9,22,0.0,8500.0
2023-05-22 20:00:00,31.7,24,0.0,8500.0
2023-05-22 21:00:00,31.9,24,0.0,8500.0
2023-05-22 22:00:00,32.4,23,0.0,8500.0
2023-05-22 23:00:00,31.7,24,0.0,8500.0
2023-05-23 00:00:00,32.4,25,0.0,8500.0
2023-05-23 01:00:00,33.1,26,47.5,8500.0
2023-05-23 02:00:00,34.4,27,176.6,8500.0
2023-05-23 03:00:00,36.0,27,326.5,8500.0
2023-05-23 04:00:00,37.8,27,436.9,8500.0
2023-05-23 05:00:00,39.7,26,519.2,8500.0
2023-05-23 06:00:00,41.4,23,553.8,8500.0
2023-05-23 07:00:00,42.5,19,452.7,8500.0
2023-05-23 08:00:00,43.6,15,473.3,8500.0
2023-05-23 09:00:00,42.4,15,192.7,8500.0
2023-05-23 10:00:00,41.8,14,149.1,8500.0
2023-05-23 11:00:00,40.2,17,41.1,8500.0
2023-05-23 12:00:00,31.6,41,40.7,8500.0
2023-05-23 13:00:00,30.0,52,0.0,8500.0
2023-05-23 14:00:00,31.8,43,0.0,8500.0
2023-05-23 15:00:00,32.1,38,0.0,8500.0
2023-05-23 16:00:00,32.1,36,0.0,8500.0
2023-05-23 17:00:00,32.1,35,0.0,8500.0
2023-05-23 18:00:00,31.5,37,0.0,8500.0
2023-05-23 19:00:00,30.5,40,0.0,8500.0
2023-05-23 20:00:00,29.1,45,0.0,8500.0
2023-05-23 21:00:00,28.0,48,0.0,7808.64322726141
2023-05-23 22:00:00,27.9,48,0.0,7486.847040506236
2023-05-23 23:00:00,28.6,45,0.0,8500.0
2023-05-24 00:00:00,27.6,54,0.0,7273.412824310783
2023-05-24 01:00:00,27.7,54,39.4,7143.440707242526
2023-05-24 02:00:00,29.2,50,138.3,8500.0
2023-05-24 03:00:00,29.7,46,74.8,8500.0
2023-05-24 04:00:00,31.2,41,175.5,8500.0
2023-05-24 05:00:00,34.1,37,424.1,8500.0
2023-05-24 06:00:00,36.4,32,533.4,8500.0
2023-05-24 07:00:00,37.3,28,458.5,8500.0
2023-05-24 08:00:00,37.7,26,291.4,8500.0
2023-05-24 09:00:00,37.2,26,160.7,8500.0
2023-05-24 10:00:00,36.3,27,68.2,8500.0
2023-05-24 11:00:00,35.8,26,42.6,8500.0
2023-05-24 12:00:00,30.1,55,47.4,8500.0
2023-05-24 13:00:00,29.7,54,0.0,8500.0
2023-05-24 14:00:00,28.7,57,0.0,8500.0
2023-05-24 15:00:00,27.8,64,0.0,8500.0
2023-05-24 16:00:00,27.2,67,0.0,7942.3559928634995
2023-05-24 17:00:00,26.8,69,0.0,6961.920854010481
2023-05-24 18:00:00,26.3,77,0.0,6079.535244597794
2023-05-24 19:00:00,25.8,76,0.0,5167.122440600024
2023-05-24 20:00:00,25.6,77,0.0,4831.180452262544
2023-05-24 21:00:00,25.3,79,0.0,4456.659975685423
2023-05-24 22:00:00,24.9,79,0.0,4061.9722252268493
2023-05-24 23:00:00,25.0,79,0.0,4164.250607832773
2023-05-25 00:00:00,23.4,75,0.0,2670.0236337145184
2023-05-25 01:00:00,25.3,64,23.6,4137.156060840499
2023-05-25 02:00:00,26.8,58,116.0,6002.68282780497
2023-05-25 03:00:00,28.9,52,323.6,8500.0
2023-05-25 04:00:00,29.8,48,420.6,8500.0
2023-05-25 05:00:00,27.2,60,36.7,6973.443780076227
2023-05-25 06:00:00,30.6,46,419.5,8500.0
2023-05-25 07:00:00,32.1,43,546.6,8500.0
2023-05-25 08:00:00,33.1,41,555.8,8500.0
2023-05-25 09:00:00,33.8,40,534.4,8500.0
2023-05-25 10:00:00,33.9,39,408.5,8500.0
2023-05-25 11:00:00,32.4,43,264.7,8500.0
2023-05-25 12:00:00,29.1,48,99.0,8500.0
2023-05-25 13:00:00,29.4,47,97.5,8500.0
2023-05-25 14:00:00,27.9,57,11.7,8500.0
2023-05-25 15:00:00,27.1,59,0.0,7592.740401683584
2023-05-25 16:00:00,26.5,61,0.0,6861.578027348126
2023-05-25 17:00:00,26.6,62,0.0,6869.849336161661
2023-05-25 18:00:00,25.8,67,0.0,5723.021399987699
2023-05-25 19:00:00,25.3,69,0.0,5053.254626208373
2023-05-25 20:00:00,24.9,72,0.0,4558.217716151578
2023-05-25 21:00:00,24.3,75,0.0,3669.5006719432877
2023-05-25 22:00:00,23.4,79,0.0,3320.536659644381
2023-05-25 23:00:00,23.6,77,0.0,3080.34234840073
2023-05-26 00:00:00,22.7,82,0.0,2942.4112670894347
2023-05-26 01:00:00,23.0,81,0.0,3018.143617991983
2023-05-26 02:00:00,24.2,76,100.1,3848.2542385061156
2023-05-26 03:00:00,26.1,65,327.1,5282.999685345707
2023-05-26 04:00:00,28.2,55,434.6,8444.166388504436
2023-05-26 05:00:00,29.9,49,507.8,8500.0
2023-05-26 06:00:00,31.4,43,547.8,8500.0
2023-05-26 07:00:00,32.6,39,558.5,8500.0
2023-05-26 08:00:00,33.6,36,546.3,8500.0
2023-05-26 09:00:00,34.2,34,535.1,8500.0
2023-05-26 10:00:00,34.5,33,454.6,8500.0
2023-05-26 11:00:00,34.5,33,383.7,8500.0
2023-05-26 12:00:00,32.9,35,219.7,8500.0
2023-05-26 13:00:00,32.1,37,109.4,8500.0
2023-05-26 14:00:00,30.3,42,11.6,8500.0
2023-05-26 15:00:00,29.5,45,0.0,8500.0
2023-05-26 16:00:00,28.4,48,0.0,8500.0
2023-05-26 17:00:00,27.6,51,0.0,8156.789611558999
2023-05-26 18:00:00,27.1,55,0.0,7216.48441356167
2023-05-26 19:00:00,26.7,58,0.0,6472.192530169747
2023-05-26 20:00:00,26.4,61,0.0,6015.397368540338
2023-05-26 21:00:00,21.0,90,0.0,2617.8149356807717
2023-05-26 22:00:00,22.2,83,0.0,2729.3762129097177
2023-05-26 23:00:00,22.4,80,0.0,2824.4415330183106
2023-05-27 00:00:00,21.4,90,0.0,2501.809108314115
2023-05-27 01:00:00,22.5,85,0.0,2890.9226135120375
2023-05-27 02:00:00,22.1,84,0.0,3017.475863129594
2023-05-27 03:00:00,22.6,84,1.9,2902.369127543852
2023-05-27 04:00:00,22.4,91,0.0,3225.5080514422784
2023-05-27 05:00:00,25.0,81,24.8,4632.006256269828
2023-05-27 06:00:00,30.3,49,401.2,8500.0
2023-05-27 07:00:00,32.4,39,472.2,8500.0
2023-05-27 08:00:00,33.2,37,538.9,8500.0
2023-05-27 09:00:00,33.6,37,556.7,8500.0
2023-05-27 10:00:00,33.8,36,499.4,8500.0
2023-05-27 11:00:00,33.6,37,409.7,8500.0
2023-05-27 12:00:00,31.7,47,279.3,8500.0
2023-05-27 13:00:00,30.9,51,58.5,8500.0
2023-05-27 14:00:00,29.3,58,11.5,8500.0
2023-05-27 15:00:00,28.1,63,0.0,8500.0
2023-05-27 16:00:00,27.2,61,0.0,7974.983478923049
2023-05-27 17:00:00,26.7,62,0.0,6765.687773305465
2023-05-27 18:00:00,26.4,64,0.0,6324.0814150350525
2023-05-27 19:00:00,25.9,66,0.0,5229.001651110894
2023-05-27 20:00:00,25.4,69,0.0,4795.493602924296
2023-05-27 21:00:00,25.2,70,0.0,4482.340027150089
2023-05-27 22:00:00,25.0,71,0.0,4328.528503822457
2023-05-27 23:00:00,24.7,71,0.0,3923.7696185428726
2023-05-28 00:00:00,24.3,79,0.0,3670.3163061599735
2023-05-28 01:00:00,25.2,76,38.9,4233.085149449886
2023-05-28 02:00:00,27.1,68,112.1,6548.17759390391
2023-05-28 03:00:00,24.0,75,106.9,3453.2847393340676
2023-05-28 04:00:00,27.2,65,251.9,6788.7014968717485
2023-05-28 05:00:00,29.9,57,509.8,8500.0
2023-05-28 06:00:00,31.5,53,558.1,8500.0
2023-05-28 07:00:00,32.7,49,568.3,8500.0
2023-05-28 08:00:00,33.6,46,520.2,8500.0
2023-05-28 09:00:00,33.8,44,399.4,8500.0
2023-05-28 10:00:00,33.6,44,119.4,8500.0
2023-05-28 11:00:00,33.6,44,203.7,8500.0
2023-05-28 12:00:00,26.2,70,258.4,6919.343303265133
2023-05-28 13:00:00,26.7,69,107.9,7188.489968917204
2023-05-28 14:00:00,25.8,70,0.0,6351.831170333888
2023-05-28 15:00:00,24.9,76,0.0,5464.21430533155
2023-05-28 16:00:00,24.1,82,0.0,4648.509365072983
2023-05-28 17:00:00,24.2,82,0.0,4518.120952424766
2023-05-28 18:00:00,24.5,80,0.0,4501.22567946107
2023-05-28 19:00:00,24.4,83,0.0,4065.1053522552374
2023-05-28 20:00:00,24.4,84,0.0,3826.607574042
2023-05-28 21:00:00,24.4,84,0.0,3696.493568983158
2023-05-28 22:00:00,23.5,90,0.0,3185.7572821060457
2023-05-28 23:00:00,23.4,89,0.0,3378.471940422279
2023-05-29 00:00:00,22.5,88,0.0,2758.490280026878
2023-05-29 01:00:00,23.6,87,15.5,3609.9756840994623
2023-05-29 02:00:00,25.5,80,167.7,4629.74432052828
2023-05-29 03:00:00,27.1,71,213.6,6774.439295450778
2023-05-29 04:00:00,29.3,63,324.3,8500.0
2023-05-29 05:00:00,30.9,56,448.2,8500.0
2023-05-29 06:00:00,32.7,49,490.1,8500.0
2023-05-29 07:00:00,34.1,44,547.8,8500.0
2023-05-29 08:00:00,28.4,65,303.0,8500.0
2023-05-29 09:00:00,29.9,55,161.2,8500.0
2023-05-29 10:00:00,31.1,53,274.9,8500.0
2023-05-29 11:00:00,29.7,54,186.1,8500.0
2023-05-29 12:00:00,29.0,60,60.0,8500.0
2023-05-29 13:00:00,28.1,62,28.9,8500.0
2023-05-29 14:00:00,26.6,70,11.2,7458.79751338013
2023-05-29 15:00:00,25.6,79,0.0,5983.575300629117
2023-05-29 16:00:00,25.1,79,0.0,5675.854066392059
2023-05-29 17:00:00,25.6,74,0.0,5714.6629071855505
2023-05-29 18:00:00,25.4,73,0.0,5080.646159542538
2023-05-29 19:00:00,25.2,73,0.0,4731.545141738816
2023-05-29 20:00:00,24.5,75,0.0,4078.104768945875
2023-05-29 21:00:00,23.8,76,0.0,3364.8918464851768
2023-05-29 22:00:00,23.2,79,0.0,3136.1957537835974
2023-05-29 23:00:00,22.7,82,0.0,2901.1039313620977
2023-05-30 00:00:00,23.2,84,0.0,2966.7456622707437
2023-05-30 01:00:00,24.0,79,38.7,3717.0747717165855
2023-05-30 02:00:00,25.2,71,139.5,4225.709794051672
2023-05-30 03:00:00,27.0,64,308.7,6469.961578346373
2023-05-30 04:00:00,29.1,57,426.6,8500.0
2023-05-30 05:00:00,31.0,52,501.3,8500.0
2023-05-30 06:00:00,32.4,46,539.8,8500.0
2023-05-30 07:00:00,33.0,43,530.5,8500.0
2023-05-30 08:00:00,33.7,42,518.7,8500.0
2023-05-30 09:00:00,34.1,40,475.6,8500.0
2023-05-30 10:00:00,34.0,39,391.2,8500.0
2023-05-30 11:00:00,33.6,39,292.0,8500.0
2023-05-30 12:00:00,27.2,66,161.6,7870.076490405978
2023-05-30 13:00:00,26.3,69,32.8,7066.170509728814
2023-05-30 14:00:00,25.3,72,0.0,5896.859067044599
2023-05-30 15:00:00,25.0,74,0.0,5276.741041695787
2023-05-30 16:00:00,24.6,78,0.0,4822.113454611635
2023-05-30 17:00:00,23.8,85,0.0,4425.282044485786
2023-05-30 18:00:00,23.3,84,0.0,3845.9089474472944
2023-05-30 19:00:00,23.2,84,0.0,3582.838069102884
2023-05-30 20:00:00,23.1,85,0.0,3475.638204404007
2023-05-30 21:00:00,22.5,90,0.0,3229.783319751532
2023-05-30 22:00:00,22.3,91,0.0,2920.8653553239974
2023-05-30 23:00:00,22.0,92,0.0,2756.4580832590946
2023-05-31 00:00:00,21.6,91,0.0,2725.535565763197
2023-05-31 01:00:00,21.9,90,15.4,3057.9804511216585
2023-05-31 02:00:00,23.0,84,92.9,2915.600753950183
2023-05-31 03:00:00,23.9,77,156.2,3750.5318006645825
2023-05-31 04:00:00,25.4,70,218.9,4732.0184323802605
2023-05-31 05:00:00,26.4,66,403.1,5897.428683914705
2023-05-31 06:00:00,27.9,60,388.1,8231.384402019974
2023-05-31 07:00:00,29.1,54,475.7,8500.0
2023-05-31 08:00:00,29.9,51,459.2,8500.0
2023-05-31 09:00:00,30.1,49,375.6,8500.0
2023-05-31 10:00:00,30.9,44,354.4,8500.0
2023-05-31 11:00:00,29.6,47,87.3,8500.0
2023-05-31 12:00:00,26.2,72,92.7,6629.325256854449
2023-05-31 13:00:00,25.1,70,69.2,5919.44537255961
2023-05-31 14:00:00,24.3,72,11.0,4849.254238656564
2023-05-31 15:00:00,23.4,78,0.0,4378.301660786014
2023-05-31 16:00:00,22.8,82,0.0,3997.716838483093
2023-05-31 17:00:00,22.0,87,0.0,3658.2296121135673
2023-05-31 18:00:00,21.8,85,0.0,3523.5090368395117
2023-05-31 19:00:00,21.7,85,0.0,3532.171975393065
2023-05-31 20:00:00,21.1,90,0.0,2938.450143118297
2023-05-31 21:00:00,20.5,93,0.0,3140.433361786655
2023-05-31 22:00:00,20.3,94,0.0,2949.069613152722
2023-05-31 23:00:00,20.0,95,0.0,2703.967147464088
2023-06-01 00:00:00,19.9,94,0.0,2552.355424333983
2023-06-01 01:00:00,21.6,86,46.3,2789.8000345915366
2023-06-01 02:00:00,23.4,78,176.2,3420.4473927755826
2023-06-01 03:00:00,25.9,66,323.6,5208.532100830819
2023-06-01 04:00:00,28.1,52,365.3,8500.0
2023-06-01 05:00:00,29.8,45,417.2,8500.0
2023-06-01 06:00:00,31.2,41,533.2,8500.0
2023-06-01 07:00:00,32.3,39,526.1,8500.0
2023-06-01 08:00:00,33.2,38,555.1,8500.0
2023-06-01 09:00:00,33.6,37,527.5,8500.0
2023-06-01 10:00:00,31.4,42,381.6,8500.0
2023-06-01 11:00:00,32.0,39,333.0,8500.0
2023-06-01 12:00:00,29.7,50,233.3,8500.0
2023-06-01 13:00:00,28.0,61,93.0,8500.0
2023-06-01 14:00:00,26.7,68,10.9,7271.047327015029
2023-06-01 15:00:00,26.2,70,0.0,6748.587363596352
2023-06-01 16:00:00,26.2,69,0.0,6565.854659940647
2023-06-01 17:00:00,25.9,68,0.0,5999.4009038683635
2023-06-01 18:00:00,25.0,71,0.0,5007.224271129599
2023-06-01 19:00:00,24.3,72,0.0,4106.215419562247
2023-06-01 20:00:00,24.1,71,0.0,3843.6543898312625
2023-06-01 21:00:00,22.9,76,0.0,3139.631196597329
2023-06-01 22:00:00,22.5,83,0.0,2916.0861988346105
2023-06-01 23:00:00,22.0,86,0.0,2595.586547602152
2023-06-02 00:00:00,23.2,75,0.0,2876.3282312888446
2023-06-02 01:00:00,23.8,74,46.2,3232.312793184371
2023-06-02 02:00:00,24.7,62,163.7,4129.841699299379
2023-06-02 03:00:00,26.1,55,239.7,5350.896205800481
2023-06-02 04:00:00,27.9,47,417.8,8048.173163317404
2023-06-02 05:00:00,29.7,41,495.1,8500.0
2023-06-02 06:00:00,31.1,38,545.9,8500.0
2023-06-02 07:00:00,32.0,38,566.5,8500.0
2023-06-02 08:00:00,32.6,37,561.0,8500.0
2023-06-02 09:00:00,33.0,37,533.7,8500.0
2023-06-02 10:00:00,32.9,37,482.5,8500.0
2023-06-02 11:00:00,32.4,39,385.3,8500.0
2023-06-02 12:00:00,30.6,46,263.4,8500.0
2023-06-02 13:00:00,30.3,47,88.4,8500.0
2023-06-02 14:00:00,28.5,55,10.9,8500.0
2023-06-02 15:00:00,27.7,58,0.0,8487.346598880293
2023-06-02 16:00:00,27.0,58,0.0,7667.848921339191
2023-06-02 17:00:00,25.8,62,0.0,6060.984674393764
2023-06-02 18:00:00,24.5,69,0.0,4235.653204326229
2023-06-02 19:00:00,24.7,67,0.0,4446.059322255532
2023-06-02 20:00:00,23.7,70,0.0,3550.786192727571
2023-06-02 21:00:00,23.3,71,0.0,3163.5522632988814
2023-06-02 22:00:00,23.0,72,0.0,3160.658815795384
2023-06-02 23:00:00,22.7,72,0.0,2844.1582483043094
2023-06-03 00:00:00,23.7,70,0.0,3304.5357025112157
2023-06-03 01:00:00,25.0,66,46.1,4099.513700362561
2023-06-03 02:00:00,26.5,61,141.9,5799.183176512854
2023-06-03 03:00:00,28.8,53,291.0,8500.0
2023-06-03 04:00:00,30.7,46,409.2,8500.0
2023-06-03 05:00:00,31.9,44,501.0,8500.0
2023-06-03 06:00:00,33.0,41,546.9,8500.0
2023-06-03 07:00:00,33.9,37,576.5,8500.0
2023-06-03 08:00:00,34.5,35,576.1,8500.0
2023-06-03 09:00:00,34.9,33,550.9,8500.0
2023-06-03 10:00:00,34.8,33,499.5,8500.0
2023-06-03 11:00:00,34.4,34,412.7,8500.0
2023-06-03 12:00:00,34.7,34,284.6,8500.0
2023-06-03 13:00:00,33.3,39,119.8,8500.0
2023-06-03 14:00:00,31.2,45,10.8,8500.0
2023-06-03 15:00:00,30.1,48,0.0,8500.0
2023-06-03 16:00:00,28.8,51,0.0,8500.0
2023-06-03 17:00:00,27.4,55,0.0,7767.7990729366265
2023-06-03 18:00:00,26.9,61,0.0,6906.93556100011
2023-06-03 19:00:00,26.0,67,0.0,5791.77831888925
2023-06-03 20:00:00,24.6,74,0.0,4181.578904235357
2023-06-03 21:00:00,24.5,75,0.0,3988.021488613709
2023-06-03 22:00:00,24.3,75,0.0,3837.119231005568
2023-06-03 23:00:00,23.9,77,0.0,3346.5367047277828
2023-06-04 00:00:00,25.1,72,0.0,4169.4803471116675
2023-06-04 01:00:00,25.8,70,0.0,4832.504646311676
2023-06-04 02:00:00,27.2,64,43.2,6594.288786779899
2023-06-04 03:00:00,29.5,54,116.0,8500.0
2023-06-04 04:00:00,31.6,46,211.7,8500.0
2023-06-04 05:00:00,33.5,38,314.3,8500.0
2023-06-04 06:00:00,34.8,34,427.1,8500.0
2023-06-04 07:00:00,35.8,33,546.0,8500.0
2023-06-04 08:00:00,36.2,32,523.8,8500.0
2023-06-04 09:00:00,31.6,49,343.0,8500.0
2023-06-04 10:00:00,33.5,41,267.0,8500.0
2023-06-04 11:00:00,33.8,39,281.9,8500.0
2023-06-04 12:00:00,30.7,59,242.3,8500.0
2023-06-04 13:00:00,30.7,59,39.7,8500.0
2023-06-04 14:00:00,29.8,63,10.7,8500.0
2023-06-04 15:00:00,28.9,65,0.0,8500.0
2023-06-04 16:00:00,27.8,65,0.0,8500.0
2023-06-04 17:00:00,26.9,65,0.0,7353.161765823256
2023-06-04 18:00:00,26.4,67,0.0,6336.322946899603
2023-06-04 19:00:00,26.2,69,0.0,5738.323937703772
2023-06-04 20:00:00,25.8,71,0.0,5265.676145435849
2023-06-04 21:00:00,25.5,73,0.0,4502.423727158686
2023-06-04 22:00:00,25.3,75,0.0,4530.547093936432
2023-06-04 23:00:00,25.1,76,0.0,4071.37638777541
2023-06-05 00:00:00,25.9,73,0.0,4935.260259032252
2023-06-05 01:00:00,27.0,70,46.0,6035.082242001334
2023-06-05 02:00:00,28.6,62,138.6,8500.0
2023-06-05 03:00:00,30.6,54,290.9,8500.0
2023-06-05 04:00:00,32.9,44,430.4,8500.0
2023-06-05 05:00:00,34.7,35,505.7,8500.0
2023-06-05 06:00:00,35.9,31,530.9,8500.0
2023-06-05 07:00:00,36.6,28,516.6,8500.0
2023-06-05 08:00:00,36.9,28,519.6,8500.0
2023-06-05 09:00:00,37.1,26,521.9,8500.0
2023-06-05 10:00:00,36.9,27,366.4,8500.0
2023-06-05 11:00:00,36.5,27,281.5,8500.0
2023-06-05 12:00:00,36.6,27,185.1,8500.0
2023-06-05 13:00:00,27.8,57,83.0,8500.0
2023-06-05 14:00:00,28.0,57,10.6,8500.0
2023-06-05 15:00:00,28.2,57,0.0,8500.0
2023-06-05 16:00:00,27.5,59,0.0,7935.534305219337
2023-06-05 17:00:00,27.2,59,0.0,7520.241864387744
2023-06-05 18:00:00,27.3,55,0.0,7387.1635444919175
2023-06-05 19:00:00,26.8,55,0.0,6666.839404282105
2023-06-05 20:00:00,26.4,55,0.0,5520.759776257506
2023-06-05 21:00:00,26.0,57,0.0,4983.81347394062
2023-06-05 22:00:00,25.7,58,0.0,5126.308517755107
2023-06-05 23:00:00,25.2,61,0.0,4511.797522127359
2023-06-06 00:00:00,24.1,70,0.0,3297.3756882277003
2023-06-06 01:00:00,26.3,61,46.0,5122.94713796006
2023-06-06 02:00:00,28.3,55,175.5,8231.955511739821
2023-06-06 03:00:00,31.2,46,328.9,8500.0
2023-06-06 04:00:00,34.2,36,441.8,8500.0
2023-06-06 05:00:00,36.2,30,515.1,8500.0
2023-06-06 06:00:00,37.5,25,553.1,8500.0
2023-06-06 07:00:00,38.2,22,492.3,8500.0
2023-06-06 08:00:00,38.8,20,491.8,8500.0
2023-06-06 09:00:00,37.8,20,292.4,8500.0
2023-06-06 10:00:00,37.4,21,320.0,8500.0
2023-06-06 11:00:00,37.3,20,342.9,8500.0
2023-06-06 12:00:00,35.2,32,284.6,8500.0
2023-06-06 13:00:00,33.0,38,66.8,8500.0
2023-06-06 14:00:00,32.5,39,10.5,8500.0
2023-06-06 15:00:00,30.5,45,0.0,8500.0
2023-06-06 16:00:00,29.1,52,0.0,8500.0
2023-06-06 17:00:00,28.5,53,0.0,8500.0
2023-06-06 18:00:00,27.7,55,0.0,8085.432352314935
2023-06-06 19:00:00,27.2,57,0.0,7471.206672305837
2023-06-06 20:00:00,26.7,54,0.0,6414.731969512483
2023-06-06 21:00:00,25.9,56,0.0,5232.854557668031
2023-06-06 22:00:00,25.4,57,0.0,4633.2713339272095
2023-06-06 23:00:00,25.0,59,0.0,3799.737452572734
2023-06-07 00:00:00,25.7,58,0.0,4742.924350345538
2023-06-07 01:00:00,27.1,52,46.0,6421.75818983938
2023-06-07 02:00:00,29.3,46,175.4,8500.0
2023-06-07 03:00:00,32.0,39,325.1,8500.0
2023-06-07 04:00:00,34.4,33,437.6,8500.0
2023-06-07 05:00:00,36.1,28,511.6,8500.0
2023-06-07 06:00:00,37.4,24,545.7,8500.0
2023-06-07 07:00:00,38.1,21,576.1,8500.0
2023-06-07 08:00:00,38.2,20,479.5,8500.0
2023-06-07 09:00:00,38.4,20,518.0,8500.0
2023-06-07 10:00:00,37.3,22,419.3,8500.0
2023-06-07 11:00:00,36.6,23,385.6,8500.0
2023-06-07 12:00:00,37.5,21,288.2,8500.0
2023-06-07 13:00:00,36.1,24,129.0,8500.0
2023-06-07 14:00:00,33.9,28,20.9,8500.0
2023-06-07 15:00:00,32.4,32,0.0,8500.0
2023-06-07 16:00:00,30.8,36,0.0,8500.0
2023-06-07 17:00:00,29.7,39,0.0,8500.0
2023-06-07 18:00:00,29.1,40,0.0,8500.0
2023-06-07 19:00:00,28.2,42,0.0,8500.0
2023-06-07 20:00:00,26.9,46,0.0,6628.425101386735
2023-06-07 21:00:00,26.3,49,0.0,5443.068024141128
2023-06-07 22:00:00,25.7,50,0.0,4770.337595078388
2023-06-07 23:00:00,25.1,52,0.0,4107.299564209819
2023-06-08 00:00:00,25.8,55,0.0,5012.861802732403
2023-06-08 01:00:00,27.7,51,46.0,7173.993180888295
2023-06-08 02:00:00,29.6,49,175.4,8500.0
2023-06-08 03:00:00,32.3,43,332.7,8500.0
2023-06-08 04:00:00,34.8,35,417.8,8500.0
2023-06-08 05:00:00,36.5,29,471.5,8500.0
2023-06-08 06:00:00,38.0,25,534.1,8500.0
2023-06-08 07:00:00,38.8,23,515.4,8500.0
2023-06-08 08:00:00,39.3,22,484.4,8500.0
2023-06-08 09:00:00,39.3,22,501.4,8500.0
2023-06-08 10:00:00,38.9,22,420.2,8500.0
2023-06-08 11:00:00,38.2,23,308.0,8500.0
2023-06-08 12:00:00,37.4,23,244.3,8500.0
2023-06-08 13:00:00,37.4,21,112.8,8500.0
2023-06-08 14:00:00,34.9,25,20.8,8500.0
2023-06-08 15:00:00,33.6,28,0.0,8500.0
2023-06-08 16:00:00,31.7,31,0.0,8500.0
2023-06-08 17:00:00,29.9,36,0.0,8500.0
2023-06-08 18:00:00,29.4,37,0.0,8500.0
2023-06-08 19:00:00,28.9,37,0.0,8500.0
2023-06-08 20:00:00,28.4,39,0.0,8500.0
2023-06-08 21:00:00,27.8,41,0.0,7275.997587689753
2023-06-08 22:00:00,27.0,45,0.0,6359.962701765921
2023-06-08 23:00:00,26.4,47,0.0,5526.1994782415395
2023-06-09 00:00:00,26.0,49,0.0,4854.462322951265
2023-06-09 01:00:00,29.1,51,38.3,8500.0
2023-06-09 02:00:00,31.5,44,157.0,8500.0
2023-06-09 03:00:00,33.7,38,304.3,8500.0
2023-06-09 04:00:00,36.0,33,422.1,8500.0
2023-06-09 05:00:00,37.8,29,501.1,8500.0
2023-06-09 06:00:00,39.1,27,542.6,8500.0
2023-06-09 07:00:00,40.1,24,545.7,8500.0
2023-06-09 08:00:00,40.8,22,556.7,8500.0
2023-06-09 09:00:00,40.4,22,411.8,8500.0
2023-06-09 10:00:00,40.7,22,470.7,8500.0
2023-06-09 11:00:00,40.7,21,355.3,8500.0
2023-06-09 12:00:00,39.7,21,265.3,8500.0
2023-06-09 13:00:00,38.4,27,85.2,8500.0
2023-06-09 14:00:00,36.0,32,10.3,8500.0
2023-06-09 15:00:00,34.5,35,0.0,8500.0
2023-06-09 16:00:00,33.3,38,0.0,8500.0
2023-06-09 17:00:00,32.5,41,0.0,8500.0
2023-06-09 18:00:00,32.1,41,0.0,8500.0
2023-06-09 19:00:00,31.3,42,0.0,8500.0
2023-06-09 20:00:00,30.7,43,0.0,8500.0
2023-06-09 21:00:00,30.0,46,0.0,8500.0
2023-06-09 22:00:00,29.3,48,0.0,8500.0
2023-06-09 23:00:00,28.8,50,0.0,8500.0
2023-06-10 00:00:00,30.7,48,0.0,8500.0
2023-06-10 01:00:00,26.5,65,38.3,5766.0451508094375
2023-06-10 02:00:00,30.1,52,104.7,8500.0
2023-06-10 03:00:00,34.7,37,228.3,8500.0
2023-06-10 04:00:00,36.5,34,359.7,8500.0
2023-06-10 05:00:00,37.7,34,448.0,8500.0
2023-06-10 06:00:00,39.5,29,520.3,8500.0
2023-06-10 07:00:00,40.4,26,530.5,8500.0
2023-06-10 08:00:00,39.8,26,468.9,8500.0
2023-06-10 09:00:00,39.1,29,292.9,8500.0
2023-06-10 10:00:00,39.4,26,388.4,8500.0
2023-06-10 11:00:00,38.9,27,360.9,8500.0
2023-06-10 12:00:00,39.1,23,245.3,8500.0
2023-06-10 13:00:00,37.6,28,77.1,8500.0
2023-06-10 14:00:00,36.1,32,20.5,8500.0
2023-06-10 15:00:00,34.6,36,0.0,8500.0
2023-06-10 16:00:00,32.7,42,0.0,8500.0
2023-06-10 17:00:00,31.6,49,0.0,8500.0
2023-06-10 18:00:00,31.0,53,0.0,8500.0
2023-06-10 19:00:00,30.2,56,0.0,8500.0
2023-06-10 20:00:00,29.5,59,0.0,8500.0
2023-06-10 21:00:00,29.1,60,0.0,8500.0
2023-06-10 22:00:00,28.8,61,0.0,8500.0
2023-06-10 23:00:00,28.9,56,0.0,8500.0
2023-06-11 00:00:00,28.2,65,0.0,7945.01577456753
2023-06-11 01:00:00,28.9,63,46.0,8500.0
2023-06-11 02:00:00,30.5,58,147.9,8500.0
2023-06-11 03:00:00,33.1,51,312.2,8500.0
2023-06-11 04:00:00,34.8,43,421.0,8500.0
2023-06-11 05:00:00,36.5,36,491.9,8500.0
2023-06-11 06:00:00,37.8,33,533.1,8500.0
2023-06-11 07:00:00,38.6,32,548.6,8500.0
2023-06-11 08:00:00,39.0,31,527.9,8500.0
2023-06-11 09:00:00,39.2,31,481.1,8500.0
2023-06-11 10:00:00,39.1,31,440.2,8500.0
2023-06-11 11:00:00,38.9,31,375.8,8500.0
2023-06-11 12:00:00,37.2,33,242.6,8500.0
2023-06-11 13:00:00,36.4,34,118.9,8500.0
2023-06-11 14:00:00,35.1,37,20.4,8500.0
2023-06-11 15:00:00,34.2,41,0.0,8500.0
2023-06-11 16:00:00,33.3,45,0.0,8500.0
2023-06-11 17:00:00,32.6,48,0.0,8500.0
2023-06-11 18:00:00,32.0,51,0.0,8500.0
2023-06-11 19:00:00,31.3,54,0.0,8500.0
2023-06-11 20:00:00,30.5,57,0.0,8500.0
2023-06-11 21:00:00,29.9,59,0.0,8500.0
2023-06-11 22:00:00,29.4,62,0.0,8500.0
2023-06-11 23:00:00,29.0,63,0.0,8500.0
2023-06-12 00:00:00,29.0,65,0.0,8500.0
2023-06-12 01:00:00,29.8,63,38.4,8500.0
2023-06-12 02:00:00,31.5,58,151.1,8500.0
2023-06-12 03:00:00,33.8,51,310.4,8500.0
2023-06-12 04:00:00,35.8,44,424.0,8500.0
2023-06-12 05:00:00,37.3,39,500.3,8500.0
2023-06-12 06:00:00,38.4,35,475.9,8500.0
2023-06-12 07:00:00,39.3,33,498.1,8500.0
2023-06-12 08:00:00,40.4,29,527.7,8500.0
2023-06-12 09:00:00,41.0,27,528.7,8500.0
2023-06-12 10:00:00,40.9,26,468.3,8500.0
2023-06-12 11:00:00,40.5,25,381.4,8500.0
2023-06-12 12:00:00,38.1,31,265.6,8500.0
2023-06-12 13:00:00,37.8,31,76.4,8500.0
2023-06-12 14:00:00,36.5,34,20.2,8500.0
2023-06-12 15:00:00,35.4,40,0.0,8500.0
2023-06-12 16:00:00,34.7,44,0.0,8500.0
2023-06-12 17:00:00,34.0,46,0.0,8500.0
2023-06-12 18:00:00,33.3,47,0.0,8500.0
2023-06-12 19:00:00,32.6,48,0.0,8500.0
2023-06-12 20:00:00,31.8,50,0.0,8500.0
2023-06-12 21:00:00,31.2,51,0.0,8500.0
2023-06-12 22:00:00,30.4,53,0.0,8500.0
2023-06-12 23:00:00,30.2,50,0.0,8500.0
2023-06-13 00:00:00,30.6,60,0.0,8500.0
2023-06-13 01:00:00,31.8,54,46.1,8500.0
2023-06-13 02:00:00,33.6,46,160.5,8500.0
2023-06-13 03:00:00,36.0,37,320.2,8500.0
2023-06-13 04:00:00,37.1,34,432.7,8500.0
2023-06-13 05:00:00,38.3,32,509.9,8500.0
2023-06-13 06:00:00,39.8,29,552.3,8500.0
2023-06-13 07:00:00,41.1,25,551.6,8500.0
2023-06-13 08:00:00,41.5,23,469.5,8500.0
2023-06-13 09:00:00,41.9,20,458.8,8500.0
2023-06-13 10:00:00,41.6,18,434.5,8500.0
2023-06-13 11:00:00,41.0,18,353.4,8500.0
2023-06-13 12:00:00,41.1,20,245.8,8500.0
2023-06-13 13:00:00,39.9,22,117.8,8500.0
2023-06-13 14:00:00,37.7,26,20.1,8500.0
2023-06-13 15:00:00,36.2,29,0.0,8500.0
2023-06-13 16:00:00,35.3,29,0.0,8500.0
2023-06-13 17:00:00,35.0,30,0.0,8500.0
2023-06-13 18:00:00,34.5,32,0.0,8500.0
2023-06-13 19:00:00,33.7,36,0.0,8500.0
2023-06-13 20:00:00,33.0,39,0.0,8500.0
2023-06-13 21:00:00,32.0,41,0.0,8500.0
2023-06-13 22:00:00,31.4,41,0.0,8500.0
2023-06-13 23:00:00,31.4,41,0.0,8500.0
2023-06-14 00:00:00,30.7,49,0.0,8500.0
2023-06-14 01:00:00,31.5,46,46.2,8500.0
2023-06-14 02:00:00,33.1,42,160.7,8500.0
2023-06-14 03:00:00,34.8,41,278.5,8500.0
2023-06-14 04:00:00,36.6,40,425.9,8500.0
2023-06-14 05:00:00,38.2,35,501.8,8500.0
2023-06-14 06:00:00,39.2,31,538.6,8500.0
2023-06-14 07:00:00,40.2,27,567.8,8500.0
2023-06-14 08:00:00,40.5,26,533.6,8500.0
2023-06-14 09:00:00,40.4,26,473.8,8500.0
2023-06-14 10:00:00,40.2,25,397.1,8500.0
2023-06-14 11:00:00,39.2,27,281.1,8500.0
2023-06-14 12:00:00,38.0,31,187.7,8500.0
2023-06-14 13:00:00,37.5,32,87.1,8500.0
2023-06-14 14:00:00,37.2,32,20.0,8500.0
2023-06-14 15:00:00,35.8,35,0.0,8500.0
2023-06-14 16:00:00,35.0,37,0.0,8500.0
2023-06-14 17:00:00,33.7,42,0.0,8500.0
2023-06-14 18:00:00,32.9,44,0.0,8500.0
2023-06-14 19:00:00,32.2,46,0.0,8500.0
2023-06-14 20:00:00,31.6,48,0.0,8500.0
2023-06-14 21:00:00,31.3,48,0.0,8500.0
2023-06-14 22:00:00,31.2,47,0.0,8500.0
2023-06-14 23:00:00,31.7,45,0.0,8500.0
2023-06-15 00:00:00,31.0,52,0.0,8500.0
2023-06-15 01:00:00,32.0,48,38.6,8500.0
2023-06-15 02:00:00,33.3,43,139.3,8500.0
2023-06-15 03:00:00,32.3,48,246.3,8500.0
2023-06-15 04:00:00,33.5,45,342.0,8500.0
2023-06-15 05:00:00,35.2,41,425.0,8500.0
2023-06-15 06:00:00,36.3,38,463.4,8500.0
2023-06-15 07:00:00,36.3,38,446.5,8500.0
2023-06-15 08:00:00,37.0,36,471.4,8500.0
2023-06-15 09:00:00,37.2,36,469.3,8500.0
2023-06-15 10:00:00,37.4,36,442.5,8500.0
2023-06-15 11:00:00,37.0,35,369.3,8500.0
2023-06-15 12:00:00,34.3,43,261.8,8500.0
2023-06-15 13:00:00,33.4,51,94.2,8500.0
2023-06-15 14:00:00,32.1,58,9.9,8500.0
2023-06-15 15:00:00,31.1,62,0.0,8500.0
2023-06-15 16:00:00,30.5,64,0.0,8500.0
2023-06-15 17:00:00,30.3,63,0.0,8500.0
2023-06-15 18:00:00,30.3,56,0.0,8500.0
2023-06-15 19:00:00,29.8,55,0.0,8500.0
2023-06-15 20:00:00,29.4,56,0.0,8500.0
2023-06-15 21:00:00,29.0,58,0.0,8500.0
2023-06-15 22:00:00,28.6,60,0.0,8490.251683236978
2023-06-15 23:00:00,28.8,60,0.0,8500.0
2023-06-16 00:00:00,27.4,66,0.0,6800.111799747733
2023-06-16 01:00:00,27.4,70,30.9,6931.537186034196
2023-06-16 02:00:00,30.2,58,164.3,8500.0
2023-06-16 03:00:00,32.4,50,298.1,8500.0
2023-06-16 04:00:00,33.9,45,405.0,8500.0
2023-06-16 05:00:00,35.6,39,489.2,8500.0
2023-06-16 06:00:00,36.8,36,443.4,8500.0
2023-06-16 07:00:00,37.7,34,542.5,8500.0
2023-06-16 08:00:00,38.7,32,490.6,8500.0
2023-06-16 09:00:00,33.4,47,523.4,8500.0
2023-06-16 10:00:00,30.4,64,0.0,8500.0
2023-06-16 11:00:00,32.5,55,112.8,8500.0
2023-06-16 12:00:00,35.5,42,225.1,8500.0
2023-06-16 13:00:00,34.7,44,60.1,8500.0
2023-06-16 14:00:00,33.3,48,19.8,8500.0
2023-06-16 15:00:00,32.6,51,0.0,8500.0
2023-06-16 16:00:00,32.3,52,0.0,8500.0
2023-06-16 17:00:00,32.2,54,0.0,8500.0
2023-06-16 18:00:00,31.5,57,0.0,8500.0
2023-06-16 19:00:00,30.7,60,0.0,8500.0
2023-06-16 20:00:00,30.2,61,0.0,8500.0
2023-06-16 21:00:00,29.6,63,0.0,8500.0
2023-06-16 22:00:00,29.2,65,0.0,8500.0
2023-06-16 23:00:00,29.1,67,0.0,8500.0
2023-06-17 00:00:00,26.3,82,0.0,5517.210849940654
2023-06-17 01:00:00,28.0,78,15.5,7753.416683851889
2023-06-17 02:00:00,29.4,70,68.3,8500.0
2023-06-17 03:00:00,32.2,56,290.8,8500.0
2023-06-17 04:00:00,34.5,45,373.9,8500.0
2023-06-17 05:00:00,36.1,40,449.1,8500.0
2023-06-17 06:00:00,37.3,37,512.5,8500.0
2023-06-17 07:00:00,38.2,35,532.4,8500.0
2023-06-17 08:00:00,38.7,33,477.3,8500.0
2023-06-17 09:00:00,39.1,32,436.3,8500.0
2023-06-17 10:00:00,39.3,31,414.7,8500.0
2023-06-17 11:00:00,38.4,33,118.7,8500.0
2023-06-17 12:00:00,33.8,49,14.8,8500.0
2023-06-17 13:00:00,34.3,46,18.7,8500.0
2023-06-17 14:00:00,33.8,47,0.0,8500.0
2023-06-17 15:00:00,32.7,53,0.0,8500.0
2023-06-17 16:00:00,30.6,65,0.0,8500.0
2023-06-17 17:00:00,30.1,66,0.0,8500.0
2023-06-17 18:00:00,29.2,71,0.0,8500.0
2023-06-17 19:00:00,28.8,72,0.0,8500.0
2023-06-17 20:00:00,28.8,70,0.0,8500.0
2023-06-17 21:00:00,28.8,70,0.0,8500.0
2023-06-17 22:00:00,28.9,70,0.0,8500.0
2023-06-17 23:00:00,28.6,72,0.0,8500.0
2023-06-18 00:00:00,28.4,83,0.0,8232.692589442775
2023-06-18 01:00:00,29.6,76,31.0,8500.0
2023-06-18 02:00:00,30.2,71,74.7,8500.0
2023-06-18 03:00:00,30.5,71,227.9,8500.0
2023-06-18 04:00:00,32.2,62,272.8,8500.0
2023-06-18 05:00:00,33.8,55,282.1,8500.0
2023-06-18 06:00:00,35.2,50,436.2,8500.0
2023-06-18 07:00:00,36.5,45,479.9,8500.0
2023-06-18 08:00:00,37.4,41,436.5,8500.0
2023-06-18 09:00:00,37.9,38,469.7,8500.0
2023-06-18 10:00:00,38.7,35,430.4,8500.0
2023-06-18 11:00:00,34.4,48,266.1,8500.0
2023-06-18 12:00:00,32.6,55,215.8,8500.0
2023-06-18 13:00:00,32.6,55,93.2,8500.0
2023-06-18 14:00:00,32.1,58,19.6,8500.0
2023-06-18 15:00:00,31.6,60,0.0,8500.0
2023-06-18 16:00:00,31.3,60,0.0,8500.0
2023-06-18 17:00:00,30.7,59,0.0,8500.0
2023-06-18 18:00:00,30.1,61,0.0,8500.0
2023-06-18 19:00:00,29.5,64,0.0,8500.0
2023-06-18 20:00:00,29.1,64,0.0,8500.0
2023-06-18 21:00:00,28.8,65,0.0,8500.0
2023-06-18 22:00:00,28.7,66,0.0,8500.0
2023-06-18 23:00:00,28.7,66,0.0,8500.0
2023-06-19 00:00:00,28.4,75,0.0,8323.25730473421
2023-06-19 01:00:00,28.9,73,0.0,8500.0
2023-06-19 02:00:00,27.7,88,0.0,7363.450634175866
2023-06-19 03:00:00,27.6,88,0.0,7268.605622049036
2023-06-19 04:00:00,27.4,89,2.9,7423.787164904954
2023-06-19 05:00:00,27.6,89,0.0,7693.819281777654
2023-06-19 06:00:00,27.6,88,0.0,7760.257635292946
2023-06-19 07:00:00,28.6,78,1.0,8500.0
2023-06-19 08:00:00,29.6,72,7.1,8500.0
2023-06-19 09:00:00,30.5,67,15.2,8500.0
2023-06-19 10:00:00,32.3,60,267.4,8500.0
2023-06-19 11:00:00,32.2,58,162.5,8500.0
2023-06-19 12:00:00,31.7,62,86.6,8500.0
2023-06-19 13:00:00,32.1,61,78.0,8500.0
2023-06-19 14:00:00,31.5,65,0.0,8500.0
2023-06-19 15:00:00,31.1,67,0.0,8500.0
2023-06-19 16:00:00,30.6,69,0.0,8500.0
2023-06-19 17:00:00,30.4,68,0.0,8500.0
2023-06-19 18:00:00,30.4,67,0.0,8500.0
2023-06-19 19:00:00,30.0,67,0.0,8500.0
2023-06-19 20:00:00,29.1,69,0.0,8500.0
2023-06-19 21:00:00,26.2,87,0.0,5732.410877983681
2023-06-19 22:00:00,26.8,85,0.0,5899.590927995542
2023-06-19 23:00:00,27.2,83,0.0,6534.351235867061
2023-06-20 00:00:00,27.0,81,0.0,6454.563800816464
2023-06-20 01:00:00,27.2,83,0.0,6629.317335650586
2023-06-20 02:00:00,26.1,87,0.0,5355.128946265288
2023-06-20 03:00:00,26.4,83,111.3,5658.333395975977
2023-06-20 04:00:00,28.7,73,177.4,8500.0
2023-06-20 05:00:00,31.7,61,372.6,8500.0
2023-06-20 06:00:00,33.6,55,434.3,8500.0
2023-06-20 07:00:00,34.3,53,407.2,8500.0
2023-06-20 08:00:00,34.6,51,448.6,8500.0
2023-06-20 09:00:00,35.7,47,504.1,8500.0
2023-06-20 10:00:00,36.5,43,461.8,8500.0
2023-06-20 11:00:00,36.4,42,386.9,8500.0
2023-06-20 12:00:00,34.1,52,253.0,8500.0
2023-06-20 13:00:00,33.4,57,70.3,8500.0
2023-06-20 14:00:00,31.8,70,9.7,8500.0
2023-06-20 15:00:00,30.8,66,0.0,8500.0
2023-06-20 16:00:00,29.8,68,0.0,8500.0
2023-06-20 17:00:00,29.0,72,0.0,8500.0
2023-06-20 18:00:00,28.6,74,0.0,8500.0
2023-06-20 19:00:00,28.0,76,0.0,8385.231614000613
2023-06-20 20:00:00,27.7,78,0.0,7522.9205747781425
2023-06-20 21:00:00,26.8,84,0.0,6305.019418204465
2023-06-20 22:00:00,26.8,85,0.0,6024.195964557498
2023-06-20 23:00:00,26.3,86,0.0,5143.495539480661
2023-06-21 00:00:00,28.1,78,0.0,7791.049701463551
2023-06-21 01:00:00,27.6,79,31.3,7084.456012286718
2023-06-21 02:00:00,25.9,91,53.2,5085.270127335879
2023-06-21 03:00:00,26.1,89,0.0,5199.741347810844
2023-06-21 04:00:00,26.4,89,54.4,6072.9401381324315
2023-06-21 05:00:00,25.7,93,13.1,5270.2760301734015
2023-06-21 06:00:00,27.1,86,0.0,6993.309091620633
2023-06-21 07:00:00,30.2,75,221.3,8500.0
2023-06-21 08:00:00,31.7,70,197.3,8500.0
2023-06-21 09:00:00,32.9,67,267.7,8500.0
2023-06-21 10:00:00,33.7,64,265.8,8500.0
2023-06-21 11:00:00,34.0,62,242.5,8500.0
2023-06-21 12:00:00,35.6,53,239.9,8500.0
2023-06-21 13:00:00,33.2,61,99.6,8500.0
2023-06-21 14:00:00,30.6,73,19.3,8500.0
2023-06-21 15:00:00,30.1,77,0.0,8500.0
2023-06-21 16:00:00,30.3,73,0.0,8500.0
2023-06-21 17:00:00,30.0,76,0.0,8500.0
2023-06-21 18:00:00,29.9,76,0.0,8500.0
2023-06-21 19:00:00,29.7,77,0.0,8500.0
2023-06-21 20:00:00,29.5,77,0.0,8500.0
2023-06-21 21:00:00,29.3,76,0.0,8500.0
2023-06-21 22:00:00,28.4,81,0.0,8329.187078475506
2023-06-21 23:00:00,28.2,85,0.0,7935.126544764302
2023-06-22 00:00:00,28.9,83,0.0,8500.0
2023-06-22 01:00:00,27.3,88,15.7,6642.830449444261
2023-06-22 02:00:00,27.1,89,28.2,6468.330383347647
2023-06-22 03:00:00,30.1,79,165.5,8500.0
2023-06-22 04:00:00,31.7,72,192.0,8500.0
2023-06-22 05:00:00,32.4,68,174.6,8500.0
2023-06-22 06:00:00,32.5,68,167.9,8500.0
2023-06-22 07:00:00,32.6,68,127.3,8500.0
2023-06-22 08:00:00,33.2,67,198.3,8500.0
2023-06-22 09:00:00,34.0,64,318.5,8500.0
2023-06-22 10:00:00,34.5,61,302.6,8500.0
2023-06-22 11:00:00,33.9,62,193.8,8500.0
2023-06-22 12:00:00,36.1,52,195.5,8500.0
2023-06-22 13:00:00,34.9,60,106.7,8500.0
2023-06-22 14:00:00,33.5,62,9.6,8500.0
2023-06-22 15:00:00,32.3,67,0.0,8500.0
2023-06-22 16:00:00,31.5,72,0.0,8500.0
2023-06-22 17:00:00,31.3,71,0.0,8500.0
2023-06-22 18:00:00,30.8,72,0.0,8500.0
2023-06-22 19:00:00,30.2,74,0.0,8500.0
2023-06-22 20:00:00,29.8,73,0.0,8500.0
2023-06-22 21:00:00,29.7,73,0.0,8500.0
2023-06-22 22:00:00,26.1,94,0.0,5066.515466126724
2023-06-22 23:00:00,27.2,87,0.0,6675.805320990415
2023-06-23 00:00:00,27.8,92,0.0,7236.571221401923
2023-06-23 01:00:00,27.5,91,0.0,6992.893086817318
2023-06-23 02:00:00,27.9,89,0.0,7806.418169249613
2023-06-23 03:00:00,29.0,84,23.1,8500.0
2023-06-23 04:00:00,29.9,80,57.4,8500.0
2023-06-23 05:00:00,30.9,74,64.2,8500.0
2023-06-23 06:00:00,32.7,67,267.8,8500.0
2023-06-23 07:00:00,33.9,63,313.3,8500.0
2023-06-23 08:00:00,34.7,60,372.1,8500.0
2023-06-23 09:00:00,34.9,60,330.3,8500.0
2023-06-23 10:00:00,35.3,58,245.9,8500.0
2023-06-23 11:00:00,35.4,57,160.4,8500.0
2023-06-23 12:00:00,33.6,68,174.2,8500.0
2023-06-23 13:00:00,32.6,78,14.7,8500.0
2023-06-23 14:00:00,30.8,85,0.0,8500.0
2023-06-23 15:00:00,30.7,83,0.0,8500.0
2023-06-23 16:00:00,30.3,80,0.0,8500.0
2023-06-23 17:00:00,29.9,80,0.0,8500.0
2023-06-23 18:00:00,29.3,85,0.0,8500.0
2023-06-23 19:00:00,29.1,84,0.0,8500.0
2023-06-23 20:00:00,29.0,84,0.0,8500.0
2023-06-23 21:00:00,28.4,88,0.0,8462.561812862774
2023-06-23 22:00:00,28.2,89,0.0,8055.544498870182
2023-06-23 23:00:00,27.7,90,0.0,7288.853982143878
2023-06-24 00:00:00,28.9,79,0.0,8500.0
2023-06-24 01:00:00,27.9,83,0.0,7417.294164295511
2023-06-24 02:00:00,28.2,85,0.0,8055.177545886746
2023-06-24 03:00:00,29.0,81,0.0,8500.0
2023-06-24 04:00:00,29.4,82,10.0,8500.0
2023-06-24 05:00:00,30.8,75,93.9,8500.0
2023-06-24 06:00:00,32.2,69,165.8,8500.0
2023-06-24 07:00:00,32.7,67,116.2,8500.0
2023-06-24 08:00:00,33.7,63,207.4,8500.0
2023-06-24 09:00:00,34.3,62,232.8,8500.0
2023-06-24 10:00:00,34.5,60,183.1,8500.0
2023-06-24 11:00:00,34.5,61,223.7,8500.0
2023-06-24 12:00:00,34.4,59,165.6,8500.0
2023-06-24 13:00:00,33.5,63,109.9,8500.0
2023-06-24 14:00:00,32.3,69,9.6,8500.0
2023-06-24 15:00:00,31.5,73,0.0,8500.0
2023-06-24 16:00:00,31.0,75,0.0,8500.0
2023-06-24 17:00:00,30.5,77,0.0,8500.0
2023-06-24 18:00:00,30.2,79,0.0,8500.0
2023-06-24 19:00:00,29.6,83,0.0,8500.0
2023-06-24 20:00:00,29.0,86,0.0,8500.0
2023-06-24 21:00:00,28.6,89,0.0,8500.0
2023-06-24 22:00:00,26.6,94,0.0,5743.858776486144
2023-06-24 23:00:00,26.7,96,0.0,5988.5039163080255
2023-06-25 00:00:00,26.1,94,0.0,5018.93951570118
2023-06-25 01:00:00,26.2,95,0.0,5099.707518443503
2023-06-25 02:00:00,26.1,95,3.2,5372.2911955298
2023-06-25 03:00:00,26.5,93,0.0,5666.520714889495
2023-06-25 04:00:00,27.0,93,0.0,6444.2441812143525
2023-06-25 05:00:00,27.7,88,8.3,7861.680631672338
2023-06-25 06:00:00,28.7,83,33.0,8500.0
2023-06-25 07:00:00,29.8,77,56.6,8500.0
2023-06-25 08:00:00,30.6,74,131.1,8500.0
2023-06-25 09:00:00,31.3,69,102.8,8500.0
2023-06-25 10:00:00,32.0,65,164.6,8500.0
2023-06-25 11:00:00,32.3,63,104.2,8500.0
2023-06-25 12:00:00,28.6,81,48.2,8500.0
2023-06-25 13:00:00,27.9,85,62.1,8500.0
2023-06-25 14:00:00,26.8,91,9.6,7575.800630681141
2023-06-25 15:00:00,26.3,94,0.0,6742.650076661809
2023-06-25 16:00:00,26.1,95,0.0,6283.04583040455
2023-06-25 17:00:00,26.0,96,0.0,6032.311769233969
2023-06-25 18:00:00,25.8,96,0.0,5544.595033547049
2023-06-25 19:00:00,25.6,97,0.0,4990.269686866202
2023-06-25 20:00:00,25.7,96,0.0,5097.581768830051
2023-06-25 21:00:00,25.5,97,0.0,4816.77992079601
2023-06-25 22:00:00,25.4,97,0.0,4503.732717445885
2023-06-25 23:00:00,25.1,97,0.0,3908.034523467892
2023-06-26 00:00:00,25.3,95,0.0,4251.450555893749
2023-06-26 01:00:00,25.7,93,15.9,4596.57155463943
2023-06-26 02:00:00,26.3,89,60.2,5287.617229382145
2023-06-26 03:00:00,26.8,86,36.8,6188.524457357139
2023-06-26 04:00:00,28.4,78,247.3,8500.0
2023-06-26 05:00:00,30.2,70,386.9,8500.0
2023-06-26 06:00:00,31.2,66,330.8,8500.0
2023-06-26 07:00:00,32.2,63,491.3,8500.0
2023-06-26 08:00:00,32.4,62,416.8,8500.0
2023-06-26 09:00:00,32.7,61,444.7,8500.0
2023-06-26 10:00:00,32.8,59,325.3,8500.0
2023-06-26 11:00:00,32.8,60,353.2,8500.0
2023-06-26 12:00:00,27.4,89,152.7,8287.167072570921
2023-06-26 13:00:00,27.6,88,43.8,8500.0
2023-06-26 14:00:00,27.1,91,9.5,7745.441738612122
2023-06-26 15:00:00,27.0,92,0.0,7598.327399120578
2023-06-26 16:00:00,27.0,92,0.0,7202.365597769327
2023-06-26 17:00:00,26.5,94,0.0,6713.624310182326
2023-06-26 18:00:00,26.2,95,0.0,6268.634476468045
2023-06-26 19:00:00,26.0,94,0.0,5711.194468670507
2023-06-26 20:00:00,25.4,96,0.0,4661.470319541485
2023-06-26 21:00:00,25.3,96,0.0,4680.755451666409
2023-06-26 22:00:00,25.2,97,0.0,4166.405447228811
2023-06-26 23:00:00,25.4,96,0.0,4409.557113821455
2023-06-27 00:00:00,25.6,94,0.0,4761.01163025243
2023-06-27 01:00:00,25.7,94,0.0,4600.884758936585
2023-06-27 02:00:00,26.6,91,47.7,5892.929747632036
2023-06-27 03:00:00,27.7,88,151.2,7429.136122150721
2023-06-27 04:00:00,29.4,79,184.2,8500.0
2023-06-27 05:00:00,30.8,75,382.4,8500.0
2023-06-27 06:00:00,31.9,72,461.8,8500.0
2023-06-27 07:00:00,32.7,68,479.3,8500.0
2023-06-27 08:00:00,33.5,63,463.5,8500.0
2023-06-27 09:00:00,33.6,62,454.4,8500.0
2023-06-27 10:00:00,33.6,62,417.2,8500.0
2023-06-27 11:00:00,32.7,66,350.0,8500.0
2023-06-27 12:00:00,29.5,77,196.4,8500.0
2023-06-27 13:00:00,29.2,77,98.4,8500.0
2023-06-27 14:00:00,28.6,81,19.0,8500.0
2023-06-27 15:00:00,28.0,83,0.0,8500.0
2023-06-27 16:00:00,27.7,84,0.0,8500.0
2023-06-27 17:00:00,27.4,86,0.0,7903.983744605917
2023-06-27 18:00:00,27.2,88,0.0,7218.591752562825
2023-06-27 19:00:00,26.9,90,0.0,6800.758145577745
2023-06-27 20:00:00,26.8,91,0.0,6401.328934009027
2023-06-27 21:00:00,26.7,91,0.0,5856.685445412317
2023-06-27 22:00:00,26.6,91,0.0,5863.585893417328
2023-06-27 23:00:00,26.5,92,0.0,5576.54593126376
2023-06-28 00:00:00,26.6,89,0.0,5929.125189230676
2023-06-28 01:00:00,26.1,90,24.0,4991.97521893343
2023-06-28 02:00:00,26.0,88,38.3,5125.076188834969
2023-06-28 03:00:00,27.1,86,112.6,6745.6857256669055
2023-06-28 04:00:00,28.7,81,265.1,8500.0
2023-06-28 05:00:00,31.0,71,488.7,8500.0
2023-06-28 06:00:00,32.2,67,476.9,8500.0
2023-06-28 07:00:00,33.0,66,497.5,8500.0
2023-06-28 08:00:00,33.5,64,477.7,8500.0
2023-06-28 09:00:00,34.0,61,452.1,8500.0
2023-06-28 10:00:00,34.0,60,397.4,8500.0
2023-06-28 11:00:00,32.3,67,328.7,8500.0
2023-06-28 12:00:00,29.2,79,171.2,8500.0
2023-06-28 13:00:00,29.5,81,32.7,8500.0
2023-06-28 14:00:00,29.1,84,0.0,8500.0
2023-06-28 15:00:00,28.7,87,0.0,8500.0
2023-06-28 16:00:00,28.5,88,0.0,8500.0
2023-06-28 17:00:00,28.3,88,0.0,8500.0
2023-06-28 18:00:00,27.9,89,0.0,8311.675808773176
2023-06-28 19:00:00,27.5,89,0.0,7264.322210639362
2023-06-28 20:00:00,27.3,89,0.0,6790.689957362754
2023-06-28 21:00:00,27.2,89,0.0,6877.655781733694
2023-06-28 22:00:00,27.1,90,0.0,6815.837903063945
2023-06-28 23:00:00,27.0,91,0.0,6036.698715696999
2023-06-29 00:00:00,26.7,91,0.0,6027.575733411661
2023-06-29 01:00:00,25.8,93,0.0,4980.482074998889
2023-06-29 02:00:00,26.6,90,64.0,6002.00607298239
2023-06-29 03:00:00,26.2,90,116.7,5577.824639609245
2023-06-29 04:00:00,26.2,89,13.0,5570.399490192224
2023-06-29 05:00:00,28.8,79,275.5,8500.0
2023-06-29 06:00:00,29.8,76,203.4,8500.0
2023-06-29 07:00:00,30.8,70,147.7,8500.0
2023-06-29 08:00:00,32.0,65,283.6,8500.0
2023-06-29 09:00:00,32.4,64,355.8,8500.0
2023-06-29 10:00:00,32.3,65,325.0,8500.0
2023-06-29 11:00:00,32.1,64,256.2,8500.0
2023-06-29 12:00:00,30.6,74,229.5,8500.0
2023-06-29 13:00:00,29.6,79,36.3,8500.0
2023-06-29 14:00:00,28.8,83,0.0,8500.0
2023-06-29 15:00:00,28.2,88,0.0,8500.0
2023-06-29 16:00:00,27.7,90,0.0,8436.080012083012
2023-06-29 17:00:00,27.4,92,0.0,7971.105360901344
2023-06-29 18:00:00,27.1,92,0.0,7331.815951233138
2023-06-29 19:00:00,26.2,93,0.0,5839.008021098543
2023-06-29 20:00:00,26.1,93,0.0,5372.054149732858
2023-06-29 21:00:00,25.8,95,0.0,4993.427660849027
2023-06-29 22:00:00,25.3,96,0.0,4549.454229632412
2023-06-29 23:00:00,25.4,95,0.0,4234.028275670061
2023-06-30 00:00:00,26.8,91,0.0,6086.835216611034
2023-06-30 01:00:00,27.3,89,16.2,6644.905964078977
2023-06-30 02:00:00,27.4,88,12.8,7035.609741810308
2023-06-30 03:00:00,28.5,82,87.7,8500.0
2023-06-30 04:00:00,30.1,73,177.6,8500.0
2023-06-30 05:00:00,31.8,66,354.5,8500.0
2023-06-30 06:00:00,32.8,62,334.5,8500.0
2023-06-30 07:00:00,33.5,60,494.7,8500.0
2023-06-30 08:00:00,33.8,59,442.2,8500.0
2023-06-30 09:00:00,33.9,60,462.8,8500.0
2023-06-30 10:00:00,33.8,60,431.5,8500.0
2023-06-30 11:00:00,31.5,70,351.0,8500.0
2023-06-30 12:00:00,28.3,83,166.8,8500.0
2023-06-30 13:00:00,28.2,84,7.3,8500.0
2023-06-30 14:00:00,27.8,86,0.0,8500.0
2023-06-30 15:00:00,27.5,87,0.0,8457.515254297588
2023-06-30 16:00:00,27.2,89,0.0,7640.375297118713
2023-06-30 17:00:00,27.0,90,0.0,7325.629193799015
2023-06-30 18:00:00,26.8,90,0.0,7057.18717138497
2023-06-30 19:00:00,26.6,90,0.0,6241.1216148019475
2023-06-30 20:00:00,26.3,90,0.0,5723.3992154671205
2023-06-30 21:00:00,26.0,91,0.0,5125.0386250794245
2023-06-30 22:00:00,25.8,92,0.0,5228.430318822322
2023-06-30 23:00:00,25.5,92,0.0,4489.520402651833
2023-07-01 00:00:00,24.8,92,0.0,4054.9500580271524
2023-07-01 01:00:00,24.6,92,16.2,3826.764982654735
2023-07-01 02:00:00,26.4,85,141.7,5783.063647355147
2023-07-01 03:00:00,28.8,76,292.8,8500.0
2023-07-01 04:00:00,30.4,69,290.5,8500.0
2023-07-01 05:00:00,31.7,65,391.7,8500.0
2023-07-01 06:00:00,32.7,62,496.6,8500.0
2023-07-01 07:00:00,33.5,59,546.4,8500.0
2023-07-01 08:00:00,33.5,60,441.1,8500.0
2023-07-01 09:00:00,33.7,59,445.4,8500.0
2023-07-01 10:00:00,32.8,61,329.7,8500.0
2023-07-01 11:00:00,32.9,60,344.8,8500.0
2023-07-01 12:00:00,30.7,74,256.4,8500.0
2023-07-01 13:00:00,30.0,76,108.9,8500.0
2023-07-01 14:00:00,29.3,80,18.9,8500.0
2023-07-01 15:00:00,28.6,83,0.0,8500.0
2023-07-01 16:00:00,28.3,85,0.0,8500.0
2023-07-01 17:00:00,27.9,87,0.0,8329.936731730768
2023-07-01 18:00:00,27.7,88,0.0,8079.161040945882
2023-07-01 19:00:00,27.4,89,0.0,7227.01847629466
2023-07-01 20:00:00,27.1,90,0.0,6888.191174194106
2023-07-01 21:00:00,26.8,91,0.0,5724.269601210393
2023-07-01 22:00:00,26.4,93,0.0,5601.778547671147
2023-07-01 23:00:00,25.9,93,0.0,4952.536393580869
2023-07-02 00:00:00,26.5,94,0.0,5531.475807720489
2023-07-02 01:00:00,26.9,90,40.7,6027.032884099481
2023-07-02 02:00:00,27.9,85,168.1,7496.694127086062
2023-07-02 03:00:00,29.3,79,322.7,8500.0
2023-07-02 04:00:00,30.7,73,434.1,8500.0
2023-07-02 05:00:00,32.1,66,499.6,8500.0
2023-07-02 06:00:00,33.1,61,474.4,8500.0
2023-07-02 07:00:00,33.9,57,508.0,8500.0
2023-07-02 08:00:00,34.3,55,490.0,8500.0
2023-07-02 09:00:00,35.0,53,521.0,8500.0
2023-07-02 10:00:00,35.3,51,499.9,8500.0
2023-07-02 11:00:00,35.2,51,397.4,8500.0
2023-07-02 12:00:00,34.2,57,295.8,8500.0
2023-07-02 13:00:00,33.5,62,134.2,8500.0
2023-07-02 14:00:00,31.7,69,28.4,8500.0
2023-07-02 15:00:00,30.9,72,0.0,8500.0
2023-07-02 16:00:00,30.2,73,0.0,8500.0
2023-07-02 17:00:00,29.6,75,0.0,8500.0
2023-07-02 18:00:00,29.1,77,0.0,8500.0
2023-07-02 19:00:00,28.7,79,0.0,8500.0
2023-07-02 20:00:00,28.4,80,0.0,8500.0
2023-07-02 21:00:00,28.1,80,0.0,7847.297206594349
2023-07-02 22:00:00,27.8,82,0.0,7218.395844534887
2023-07-02 23:00:00,27.6,83,0.0,6848.43918642254
2023-07-03 00:00:00,27.1,89,0.0,6375.956181387419
2023-07-03 01:00:00,27.9,86,40.9,7561.656343426813
2023-07-03 02:00:00,29.5,79,178.5,8500.0
2023-07-03 03:00:00,30.2,76,299.8,8500.0
2023-07-03 04:00:00,31.4,71,372.3,8500.0
2023-07-03 05:00:00,32.5,68,500.0,8500.0
2023-07-03 06:00:00,33.8,62,519.4,8500.0
2023-07-03 07:00:00,34.7,58,532.4,8500.0
2023-07-03 08:00:00,35.3,55,496.1,8500.0
2023-07-03 09:00:00,35.8,53,504.8,8500.0
2023-07-03 10:00:00,36.1,51,472.8,8500.0
2023-07-03 11:00:00,36.2,49,407.8,8500.0
2023-07-03 12:00:00,36.6,50,291.5,8500.0
2023-07-03 13:00:00,35.0,60,137.8,8500.0
2023-07-03 14:00:00,30.1,77,18.9,8500.0
2023-07-03 15:00:00,28.6,84,0.0,8500.0
2023-07-03 16:00:00,27.9,85,0.0,8500.0
2023-07-03 17:00:00,28.5,81,0.0,8500.0
2023-07-03 18:00:00,28.3,82,0.0,8500.0
2023-07-03 19:00:00,27.8,83,0.0,7841.10469039384
2023-07-03 20:00:00,26.7,87,0.0,6509.6452554981615
2023-07-03 21:00:00,26.8,86,0.0,6088.401895593763
2023-07-03 22:00:00,26.5,88,0.0,5834.5959489722
2023-07-03 23:00:00,26.1,93,0.0,5219.163084758702
2023-07-04 00:00:00,28.9,84,0.0,8500.0
2023-07-04 01:00:00,27.6,88,32.9,6963.919223148249
2023-07-04 02:00:00,27.4,84,153.1,6849.280912602191
2023-07-04 03:00:00,29.6,75,304.4,8500.0
2023-07-04 04:00:00,31.8,67,423.5,8500.0
2023-07-04 05:00:00,33.4,63,515.9,8500.0
2023-07-04 06:00:00,34.7,59,559.1,8500.0
2023-07-04 07:00:00,35.6,56,580.1,8500.0
2023-07-04 08:00:00,36.3,53,562.2,8500.0
2023-07-04 09:00:00,36.7,51,496.1,8500.0
2023-07-04 10:00:00,36.7,50,448.3,8500.0
2023-07-04 11:00:00,36.1,51,394.1,8500.0
2023-07-04 12:00:00,31.5,72,258.1,8500.0
2023-07-04 13:00:00,31.8,70,126.9,8500.0
2023-07-04 14:00:00,30.8,75,28.4,8500.0
2023-07-04 15:00:00,29.8,81,0.0,8500.0
2023-07-04 16:00:00,29.0,83,0.0,8500.0
2023-07-04 17:00:00,28.4,84,0.0,8500.0
2023-07-04 18:00:00,28.1,85,0.0,8468.325513829031
2023-07-04 19:00:00,27.9,86,0.0,8196.418086393493
2023-07-04 20:00:00,27.8,86,0.0,7702.857552057422
2023-07-04 21:00:00,27.7,88,0.0,7647.050111627495
2023-07-04 22:00:00,27.6,89,0.0,7224.697260683955
2023-07-04 23:00:00,27.3,90,0.0,6603.374105804563
2023-07-05 00:00:00,27.5,91,0.0,6846.903043577645
2023-07-05 01:00:00,25.7,96,24.8,4922.601763308066
2023-07-05 02:00:00,24.4,96,32.7,3785.0847452980042
2023-07-05 03:00:00,25.4,94,0.0,4700.323575703901
2023-07-05 04:00:00,27.7,85,122.0,7805.777486068484
2023-07-05 05:00:00,29.7,77,245.6,8500.0
2023-07-05 06:00:00,31.4,71,273.3,8500.0
2023-07-05 07:00:00,31.7,70,190.4,8500.0
2023-07-05 08:00:00,32.2,67,150.5,8500.0
2023-07-05 09:00:00,32.9,63,333.9,8500.0
2023-07-05 10:00:00,33.6,60,471.5,8500.0
2023-07-05 11:00:00,33.3,61,400.1,8500.0
2023-07-05 12:00:00,29.8,80,299.7,8500.0
2023-07-05 13:00:00,30.3,76,72.5,8500.0
2023-07-05 14:00:00,29.8,78,18.9,8500.0
2023-07-05 15:00:00,29.2,81,0.0,8500.0
2023-07-05 16:00:00,28.8,82,0.0,8500.0
2023-07-05 17:00:00,28.4,82,0.0,8500.0
2023-07-05 18:00:00,28.1,84,0.0,8500.0
2023-07-05 19:00:00,27.8,85,0.0,7949.9133527023405
2023-07-05 20:00:00,27.4,87,0.0,7003.209960970915
2023-07-05 21:00:00,27.0,89,0.0,6477.120232179886
2023-07-05 22:00:00,26.7,91,0.0,5648.527382358844
2023-07-05 23:00:00,26.4,92,0.0,5763.900394004343
2023-07-06 00:00:00,25.6,93,0.0,4378.287009808137
2023-07-06 01:00:00,25.3,90,33.3,4703.315027711188
2023-07-06 02:00:00,26.4,86,85.4,5770.377980711072
2023-07-06 03:00:00,27.2,80,181.4,6663.248669737424
2023-07-06 04:00:00,29.0,74,228.3,8500.0
2023-07-06 05:00:00,29.7,73,140.3,8500.0
2023-07-06 06:00:00,31.0,69,271.3,8500.0
2023-07-06 07:00:00,32.3,62,429.5,8500.0
2023-07-06 08:00:00,33.1,59,478.9,8500.0
2023-07-06 09:00:00,33.0,59,394.4,8500.0
2023-07-06 10:00:00,33.0,58,391.8,8500.0
2023-07-06 11:00:00,33.1,59,388.0,8500.0
2023-07-06 12:00:00,30.1,72,301.8,8500.0
2023-07-06 13:00:00,29.7,73,116.0,8500.0
2023-07-06 14:00:00,29.3,74,18.9,8500.0
2023-07-06 15:00:00,29.0,76,0.0,8500.0
2023-07-06 16:00:00,28.7,77,0.0,8500.0
2023-07-06 17:00:00,28.4,79,0.0,8500.0
2023-07-06 18:00:00,28.4,79,0.0,8500.0
2023-07-06 19:00:00,28.1,81,0.0,8464.564429584047
2023-07-06 20:00:00,27.8,83,0.0,7886.309410753264
2023-07-06 21:00:00,27.6,84,0.0,7361.958057853905
2023-07-06 22:00:00,25.9,93,0.0,4950.165886195736
2023-07-06 23:00:00,26.0,91,0.0,5199.3612395030605
2023-07-07 00:00:00,26.0,93,0.0,5162.9105634126045
2023-07-07 01:00:00,25.2,95,0.0,4088.9564117187483
2023-07-07 02:00:00,24.9,95,29.7,4238.447554242133
2023-07-07 03:00:00,27.1,85,189.7,6776.200532833355
2023-07-07 04:00:00,29.1,79,157.2,8500.0
2023-07-07 05:00:00,29.6,78,86.4,8500.0
2023-07-07 06:00:00,30.9,72,195.5,8500.0
2023-07-07 07:00:00,31.5,70,99.3,8500.0
2023-07-07 08:00:00,31.9,68,114.9,8500.0
2023-07-07 09:00:00,32.8,65,333.9,8500.0
2023-07-07 10:00:00,33.3,60,94.3,8500.0
2023-07-07 11:00:00,32.8,62,222.6,8500.0
2023-07-07 12:00:00,29.1,83,201.9,8500.0
2023-07-07 13:00:00,27.5,89,7.3,8500.0
2023-07-07 14:00:00,27.8,90,0.0,8500.0
2023-07-07 15:00:00,27.7,91,0.0,8500.0
2023-07-07 16:00:00,27.6,92,0.0,8500.0
2023-07-07 17:00:00,27.6,93,0.0,7865.196635246204
2023-07-07 18:00:00,27.5,93,0.0,7663.901514940623
2023-07-07 19:00:00,27.4,95,0.0,7162.3613111291515
2023-07-07 20:00:00,27.1,96,0.0,6638.389379880497
2023-07-07 21:00:00,26.9,96,0.0,6214.419245758876
2023-07-07 22:00:00,26.1,97,0.0,4900.988790287357
2023-07-07 23:00:00,26.1,96,0.0,5080.908816243735
2023-07-08 00:00:00,26.2,93,0.0,5192.879613950386
2023-07-08 01:00:00,26.7,94,0.0,5655.013834060334
2023-07-08 02:00:00,27.0,96,0.0,6619.709265106295
2023-07-08 03:00:00,27.9,90,19.8,7734.988166412312
2023-07-08 04:00:00,28.6,84,65.6,8500.0
2023-07-08 05:00:00,29.6,80,82.9,8500.0
2023-07-08 06:00:00,27.1,86,0.0,7128.815945827372
2023-07-08 07:00:00,26.6,93,0.0,6908.427990911664
2023-07-08 08:00:00,27.6,88,0.0,8145.083765252454
2023-07-08 09:00:00,27.9,87,7.6,8500.0
2023-07-08 10:00:00,29.6,79,124.9,8500.0
2023-07-08 11:00:00,29.1,79,25.6,8500.0
2023-07-08 12:00:00,26.9,92,37.5,7711.749679497912
2023-07-08 13:00:00,27.0,93,0.0,7899.348529544028
2023-07-08 14:00:00,26.8,94,0.0,7428.4392471199435
2023-07-08 15:00:00,26.6,94,0.0,7137.072086085901
2023-07-08 16:00:00,26.3,95,0.0,6669.112990017188
2023-07-08 17:00:00,26.3,95,0.0,6391.183433821253
2023-07-08 18:00:00,26.1,97,0.0,5909.304420670931
2023-07-08 19:00:00,25.9,96,0.0,5291.124666872602
2023-07-08 20:00:00,25.6,96,0.0,5199.304767524576
2023-07-08 21:00:00,25.6,96,0.0,5018.293546935293
2023-07-08 22:00:00,25.4,96,0.0,4475.051805536408
2023-07-08 23:00:00,25.1,98,0.0,4276.810515090604
2023-07-09 00:00:00,25.6,94,0.0,4340.246163006745
2023-07-09 01:00:00,25.5,97,0.0,4558.3290119770845
2023-07-09 02:00:00,25.5,97,0.0,4757.244467238121
2023-07-09 03:00:00,26.1,93,9.9,5423.118531353532
2023-07-09 04:00:00,25.9,95,29.2,5335.930754238177
2023-07-09 05:00:00,26.1,94,36.1,5870.028630552898
2023-07-09 06:00:00,26.5,90,0.0,6434.712341885773
2023-07-09 07:00:00,27.8,85,41.6,8472.724367399825
2023-07-09 08:00:00,28.5,82,66.1,8500.0
2023-07-09 09:00:00,30.8,74,252.9,8500.0
2023-07-09 10:00:00,30.8,76,135.9,8500.0
2023-07-09 11:00:00,29.8,78,18.0,8500.0
2023-07-09 12:00:00,28.5,86,124.9,8500.0
2023-07-09 13:00:00,28.1,92,18.2,8500.0
2023-07-09 14:00:00,27.5,94,0.0,8373.981685205905
2023-07-09 15:00:00,27.2,95,0.0,7982.322595585678
2023-07-09 16:00:00,27.1,95,0.0,7366.387670091467
2023-07-09 17:00:00,27.0,96,0.0,7431.479421460463
2023-07-09 18:00:00,26.9,97,0.0,6892.785722579026
2023-07-09 19:00:00,26.8,97,0.0,6645.4449513407235
2023-07-09 20:00:00,26.5,97,0.0,5645.061166651869
2023-07-09 21:00:00,26.3,98,0.0,5851.083247484333
2023-07-09 22:00:00,26.2,97,0.0,5441.193103857605
2023-07-09 23:00:00,25.8,96,0.0,4868.491699061495
2023-07-10 00:00:00,26.0,97,0.0,5128.587205533157
2023-07-10 01:00:00,26.0,97,0.0,5107.814465406489
2023-07-10 02:00:00,26.3,95,0.0,5478.601926951303
2023-07-10 03:00:00,27.1,92,45.8,6495.978501399504
2023-07-10 04:00:00,28.0,88,105.3,8039.802606689194
2023-07-10 05:00:00,29.1,83,137.1,8500.0
2023-07-10 06:00:00,30.9,74,265.4,8500.0
2023-07-10 07:00:00,29.5,77,12.2,8500.0
2023-07-10 08:00:00,30.6,77,255.3,8500.0
2023-07-10 09:00:00,29.6,80,195.6,8500.0
2023-07-10 10:00:00,30.1,80,183.7,8500.0
2023-07-10 11:00:00,31.0,77,279.8,8500.0
2023-07-10 12:00:00,28.1,89,216.6,8500.0
2023-07-10 13:00:00,27.4,93,0.0,8485.272961502647
2023-07-10 14:00:00,26.9,93,0.0,7515.9579311849475
2023-07-10 15:00:00,26.5,95,0.0,6994.187317931557
2023-07-10 16:00:00,26.1,97,0.0,6699.764399916485
2023-07-10 17:00:00,26.1,97,0.0,5962.174476369303
2023-07-10 18:00:00,26.0,98,0.0,5882.454685227156
2023-07-10 19:00:00,25.6,99,0.0,5332.430210572788
2023-07-10 20:00:00,26.0,98,0.0,5374.449924175887
2023-07-10 21:00:00,25.9,96,0.0,5272.333537791376
2023-07-10 22:00:00,25.7,97,0.0,4631.516507435332
2023-07-10 23:00:00,25.2,99,0.0,4125.093061260581
2023-07-11 00:00:00,25.6,97,0.0,4844.339901459686
2023-07-11 01:00:00,25.9,95,8.6,5107.787936103387
2023-07-11 02:00:00,26.2,93,33.6,5587.261738622708
2023-07-11 03:00:00,27.1,88,37.9,6623.164221664572
2023-07-11 04:00:00,28.5,82,184.4,8500.0
2023-07-11 05:00:00,30.0,75,220.3,8500.0
2023-07-11 06:00:00,31.2,71,355.5,8500.0
2023-07-11 07:00:00,32.0,67,511.3,8500.0
2023-07-11 08:00:00,32.5,65,504.7,8500.0
2023-07-11 09:00:00,32.9,62,445.4,8500.0
2023-07-11 10:00:00,33.3,60,383.3,8500.0
2023-07-11 11:00:00,33.1,60,305.4,8500.0
2023-07-11 12:00:00,29.5,83,239.7,8500.0
2023-07-11 13:00:00,29.3,83,69.2,8500.0
2023-07-11 14:00:00,28.6,87,0.0,8500.0
2023-07-11 15:00:00,28.1,90,0.0,8500.0
2023-07-11 16:00:00,27.8,92,0.0,8500.0
2023-07-11 17:00:00,27.5,93,0.0,7982.792461936308
2023-07-11 18:00:00,27.2,94,0.0,7337.107450173179
2023-07-11 19:00:00,27.0,95,0.0,6722.428326003007
2023-07-11 20:00:00,26.6,97,0.0,6223.502510886989
2023-07-11 21:00:00,26.4,98,0.0,5787.459711953829
2023-07-11 22:00:00,26.2,99,0.0,5211.249565000161
2023-07-11 23:00:00,26.1,99,0.0,5017.201114346138
2023-07-12 00:00:00,25.7,99,0.0,4949.898400976855
2023-07-12 01:00:00,25.7,99,0.0,4789.464687718696
2023-07-12 02:00:00,26.7,94,60.8,5993.521057332876
2023-07-12 03:00:00,28.0,85,201.9,8143.425322162323
2023-07-12 04:00:00,29.7,79,370.9,8500.0
2023-07-12 05:00:00,30.8,75,318.1,8500.0
2023-07-12 06:00:00,31.6,73,369.6,8500.0
2023-07-12 07:00:00,32.4,70,406.9,8500.0
2023-07-12 08:00:00,33.1,67,444.7,8500.0
2023-07-12 09:00:00,33.5,65,461.6,8500.0
2023-07-12 10:00:00,33.5,63,433.6,8500.0
2023-07-12 11:00:00,29.0,85,66.2,8500.0
2023-07-12 12:00:00,30.7,78,43.8,8500.0
2023-07-12 13:00:00,27.6,90,51.1,8500.0
2023-07-12 14:00:00,26.9,94,0.0,7562.602293454476
2023-07-12 15:00:00,26.9,92,0.0,7468.325669671085
2023-07-12 16:00:00,26.9,93,0.0,7274.498438851809
2023-07-12 17:00:00,26.9,95,0.0,7370.084923851437
2023-07-12 18:00:00,26.7,95,0.0,6603.026157954726
2023-07-12 19:00:00,26.5,95,0.0,6353.716915237364
2023-07-12 20:00:00,26.3,97,0.0,5684.473359735551
2023-07-12 21:00:00,26.1,98,0.0,5350.6018156125765
2023-07-12 22:00:00,26.0,98,0.0,5130.575653044838
2023-07-12 23:00:00,26.0,95,0.0,4906.947299398271
2023-07-13 00:00:00,26.7,95,0.0,6025.340606746616
2023-07-13 01:00:00,26.9,91,17.4,6440.442844715719
2023-07-13 02:00:00,27.6,89,162.8,7322.025394446903
2023-07-13 03:00:00,28.8,84,312.7,8500.0
2023-07-13 04:00:00,29.8,79,183.5,8500.0
2023-07-13 05:00:00,30.9,74,231.5,8500.0
2023-07-13 06:00:00,32.1,69,475.9,8500.0
2023-07-13 07:00:00,32.9,65,518.7,8500.0
2023-07-13 08:00:00,32.8,66,389.9,8500.0
2023-07-13 09:00:00,33.0,67,380.6,8500.0
2023-07-13 10:00:00,33.2,66,347.9,8500.0
2023-07-13 11:00:00,32.2,70,307.1,8500.0
2023-07-13 12:00:00,31.1,71,215.0,8500.0
2023-07-13 13:00:00,30.5,74,124.4,8500.0
2023-07-13 14:00:00,29.4,79,19.2,8500.0
2023-07-13 15:00:00,28.6,84,0.0,8500.0
2023-07-13 16:00:00,27.9,88,0.0,8500.0
2023-07-13 17:00:00,27.4,91,0.0,7707.926208600282
2023-07-13 18:00:00,27.1,92,0.0,7199.489408270399
2023-07-13 19:00:00,26.8,92,0.0,6852.046398734395
2023-07-13 20:00:00,26.6,93,0.0,6053.098793951967
2023-07-13 21:00:00,26.4,95,0.0,5574.7882653760735
2023-07-13 22:00:00,26.2,96,0.0,5157.18539300732
2023-07-13 23:00:00,25.9,97,0.0,4976.887837889405
2023-07-14 00:00:00,25.7,93,0.0,4527.051283360372
2023-07-14 01:00:00,26.1,93,0.0,5312.816384186555
2023-07-14 02:00:00,27.0,87,85.2,6240.823625317114
2023-07-14 03:00:00,28.1,80,160.7,8045.704448922995
2023-07-14 04:00:00,29.5,76,313.1,8500.0
2023-07-14 05:00:00,31.0,71,368.1,8500.0
2023-07-14 06:00:00,32.0,68,421.5,8500.0
2023-07-14 07:00:00,32.6,65,404.2,8500.0
2023-07-14 08:00:00,33.3,61,443.9,8500.0
2023-07-14 09:00:00,33.8,59,433.7,8500.0
2023-07-14 10:00:00,33.7,59,346.8,8500.0
2023-07-14 11:00:00,33.7,60,363.0,8500.0
2023-07-14 12:00:00,28.0,91,248.6,8500.0
2023-07-14 13:00:00,26.2,95,3.7,6695.30581894854
2023-07-14 14:00:00,26.2,93,0.0,6553.380590834236
2023-07-14 15:00:00,26.5,92,0.0,6726.991262876056
2023-07-14 16:00:00,26.7,91,0.0,7023.781109579937
2023-07-14 17:00:00,26.5,92,0.0,6228.765369781646
2023-07-14 18:00:00,26.4,92,0.0,6391.958447302289
2023-07-14 19:00:00,26.2,95,0.0,5825.002939208498
2023-07-14 20:00:00,26.2,95,0.0,5504.9041807818985
2023-07-14 21:00:00,26.0,95,0.0,5103.129459090121
2023-07-14 22:00:00,26.3,94,0.0,5586.815174043689
2023-07-14 23:00:00,26.1,95,0.0,5000.873495130809
2023-07-15 00:00:00,27.0,95,0.0,6597.262489913019
2023-07-15 01:00:00,27.5,93,0.0,6859.608234208738
2023-07-15 02:00:00,27.6,92,27.4,7062.5063210069175
2023-07-15 03:00:00,28.6,86,134.9,8500.0
2023-07-15 04:00:00,30.0,80,213.4,8500.0
2023-07-15 05:00:00,31.2,74,287.5,8500.0
2023-07-15 06:00:00,32.3,71,371.3,8500.0
2023-07-15 07:00:00,32.9,69,296.6,8500.0
2023-07-15 08:00:00,33.1,67,301.5,8500.0
2023-07-15 09:00:00,33.3,66,227.2,8500.0
2023-07-15 10:00:00,33.2,66,167.9,8500.0
2023-07-15 11:00:00,28.5,85,214.0,8500.0
2023-07-15 12:00:00,28.2,88,0.0,8500.0
2023-07-15 13:00:00,28.1,90,0.0,8500.0
2023-07-15 14:00:00,27.6,94,0.0,8500.0
2023-07-15 15:00:00,26.8,96,0.0,7068.070222020499
2023-07-15 16:00:00,26.9,97,0.0,7049.022181776669
2023-07-15 17:00:00,26.2,96,0.0,6166.156430856873
2023-07-15 18:00:00,26.1,96,0.0,6232.81448098608
2023-07-15 19:00:00,26.0,96,0.0,5714.522860431979
2023-07-15 20:00:00,25.5,97,0.0,4853.221584363482
2023-07-15 21:00:00,25.4,96,0.0,4849.914084265645
2023-07-15 22:00:00,25.2,97,0.0,4225.300915057635
2023-07-15 23:00:00,25.2,98,0.0,4238.693273286935
2023-07-16 00:00:00,26.2,96,0.0,5341.457902728846
2023-07-16 01:00:00,26.1,97,0.0,5396.296384000097
2023-07-16 02:00:00,25.8,97,27.5,4648.160012786974
2023-07-16 03:00:00,26.6,94,62.6,5807.1315325562155
2023-07-16 04:00:00,27.9,86,222.6,7788.194858859626
2023-07-16 05:00:00,29.7,76,302.3,8500.0
2023-07-16 06:00:00,30.8,72,412.3,8500.0
2023-07-16 07:00:00,32.1,66,515.2,8500.0
2023-07-16 08:00:00,32.4,67,437.1,8500.0
2023-07-16 09:00:00,32.7,67,457.8,8500.0
2023-07-16 10:00:00,32.9,66,417.0,8500.0
2023-07-16 11:00:00,32.9,66,295.6,8500.0
2023-07-16 12:00:00,30.3,79,282.7,8500.0
2023-07-16 13:00:00,30.6,78,84.8,8500.0
2023-07-16 14:00:00,29.2,88,0.0,8500.0
2023-07-16 15:00:00,28.9,90,0.0,8500.0
2023-07-16 16:00:00,28.2,92,0.0,8500.0
2023-07-16 17:00:00,27.8,95,0.0,8206.520455681479
2023-07-16 18:00:00,27.9,95,0.0,8277.364375810515
2023-07-16 19:00:00,28.3,91,0.0,8500.0
2023-07-16 20:00:00,28.2,91,0.0,8341.736202547305
2023-07-16 21:00:00,27.3,96,0.0,6836.635166162506
2023-07-16 22:00:00,26.9,93,0.0,6049.676621594046
2023-07-16 23:00:00,26.3,96,0.0,5245.1901354703205
2023-07-17 00:00:00,27.3,98,0.0,6684.642133343907
2023-07-17 01:00:00,28.3,91,26.7,8037.851064526227
2023-07-17 02:00:00,29.0,87,148.7,8500.0
2023-07-17 03:00:00,29.7,83,230.7,8500.0
2023-07-17 04:00:00,30.1,80,262.7,8500.0
2023-07-17 05:00:00,29.9,80,202.1,8500.0
2023-07-17 06:00:00,27.4,91,254.6,7626.507590488203
2023-07-17 07:00:00,30.7,74,347.7,8500.0
2023-07-17 08:00:00,32.1,69,354.7,8500.0
2023-07-17 09:00:00,32.8,66,398.4,8500.0
2023-07-17 10:00:00,33.1,65,392.6,8500.0
2023-07-17 11:00:00,33.3,63,353.1,8500.0
2023-07-17 12:00:00,30.1,80,232.8,8500.0
2023-07-17 13:00:00,28.8,85,3.7,8500.0
2023-07-17 14:00:00,28.3,87,0.0,8500.0
2023-07-17 15:00:00,27.7,92,0.0,8500.0
2023-07-17 16:00:00,27.4,92,0.0,8000.246696280345
2023-07-17 17:00:00,27.2,92,0.0,7459.413903615128
2023-07-17 18:00:00,27.1,92,0.0,6979.043932397213
2023-07-17 19:00:00,27.1,92,0.0,6883.405812185646
2023-07-17 20:00:00,27.1,93,0.0,6758.159580891523
2023-07-17 21:00:00,27.0,95,0.0,6505.03046223673
2023-07-17 22:00:00,26.1,98,0.0,5390.161696561542
2023-07-17 23:00:00,26.2,99,0.0,5327.3292426065545
2023-07-18 00:00:00,25.4,94,0.0,4411.8927299291545
2023-07-18 01:00:00,26.3,92,0.0,5311.550230486455
2023-07-18 02:00:00,27.0,90,38.2,6342.293534179668
2023-07-18 03:00:00,28.4,84,194.7,8500.0
2023-07-18 04:00:00,29.3,80,240.9,8500.0
2023-07-18 05:00:00,29.9,78,237.4,8500.0
2023-07-18 06:00:00,31.5,72,360.1,8500.0
2023-07-18 07:00:00,30.9,71,316.3,8500.0
2023-07-18 08:00:00,31.5,73,243.7,8500.0
2023-07-18 09:00:00,31.7,70,74.7,8500.0
2023-07-18 10:00:00,29.6,80,162.0,8500.0
2023-07-18 11:00:00,30.7,77,243.2,8500.0
2023-07-18 12:00:00,28.3,87,205.8,8500.0
2023-07-18 13:00:00,27.6,88,0.0,8500.0
2023-07-18 14:00:00,27.1,90,0.0,7910.919513507984
2023-07-18 15:00:00,27.0,91,0.0,7584.250759318713
2023-07-18 16:00:00,27.0,92,0.0,7492.667674327465
2023-07-18 17:00:00,26.8,93,0.0,6976.633569120933
2023-07-18 18:00:00,26.8,94,0.0,7207.216497267772
2023-07-18 19:00:00,26.8,95,0.0,6753.051174619711
2023-07-18 20:00:00,26.7,96,0.0,6041.479478640907
2023-07-18 21:00:00,26.6,97,0.0,6070.391724503839
2023-07-18 22:00:00,26.4,97,0.0,5750.38632913393
2023-07-18 23:00:00,26.3,97,0.0,5421.7285984441005
2023-07-19 00:00:00,27.1,97,0.0,6449.264089456333
2023-07-19 01:00:00,27.6,95,18.0,7136.897438731153
2023-07-19 02:00:00,28.3,91,80.3,7999.864762497924
2023-07-19 03:00:00,27.4,89,197.2,7336.167362715105
2023-07-19 04:00:00,28.8,82,106.6,8500.0
2023-07-19 05:00:00,29.7,79,83.6,8500.0
2023-07-19 06:00:00,30.6,77,174.2,8500.0
2023-07-19 07:00:00,31.7,72,382.6,8500.0
2023-07-19 08:00:00,32.3,68,467.1,8500.0
2023-07-19 09:00:00,33.0,64,563.4,8500.0
2023-07-19 10:00:00,32.9,65,499.9,8500.0
2023-07-19 11:00:00,32.6,65,368.9,8500.0
2023-07-19 12:00:00,29.9,83,303.0,8500.0
2023-07-19 13:00:00,29.5,83,85.7,8500.0
2023-07-19 14:00:00,28.6,88,19.7,8500.0
2023-07-19 15:00:00,27.9,93,0.0,8500.0
2023-07-19 16:00:00,27.6,95,0.0,8416.102073398957
2023-07-19 17:00:00,27.5,95,0.0,7884.933140955773
2023-07-19 18:00:00,27.3,95,0.0,7467.196056977718
2023-07-19 19:00:00,27.2,94,0.0,7109.588703810137
2023-07-19 20:00:00,27.1,94,0.0,6525.834108445503
2023-07-19 21:00:00,26.9,95,0.0,6432.476093798855
2023-07-19 22:00:00,27.1,94,0.0,6692.018299104912
2023-07-19 23:00:00,27.2,92,0.0,6602.540268852024
2023-07-20 00:00:00,28.4,84,0.0,8181.070212123735
2023-07-20 01:00:00,28.4,85,9.1,8173.8405139293955
2023-07-20 02:00:00,28.5,86,126.4,8500.0
2023-07-20 03:00:00,27.7,86,250.7,7374.063462050408
2023-07-20 04:00:00,30.2,78,286.1,8500.0
2023-07-20 05:00:00,32.0,73,518.1,8500.0
2023-07-20 06:00:00,33.0,68,566.1,8500.0
2023-07-20 07:00:00,34.0,62,570.1,8500.0
2023-07-20 08:00:00,34.7,59,597.9,8500.0
2023-07-20 09:00:00,35.1,56,582.1,8500.0
2023-07-20 10:00:00,35.2,55,503.9,8500.0
2023-07-20 11:00:00,34.9,56,420.7,8500.0
2023-07-20 12:00:00,32.5,73,307.8,8500.0
2023-07-20 13:00:00,28.5,92,78.6,8500.0
2023-07-20 14:00:00,27.7,91,0.0,8500.0
2023-07-20 15:00:00,27.9,91,0.0,8500.0
2023-07-20 16:00:00,27.6,92,0.0,8186.120149070499
2023-07-20 17:00:00,27.2,91,0.0,7426.968678630324
2023-07-20 18:00:00,27.4,91,0.0,7511.761066464671
2023-07-20 19:00:00,27.5,90,0.0,7448.741006239927
2023-07-20 20:00:00,27.6,90,0.0,7328.289284397673
2023-07-20 21:00:00,27.7,89,0.0,7632.248558106451
2023-07-20 22:00:00,27.8,88,0.0,7409.594535309449
2023-07-20 23:00:00,27.9,88,0.0,7393.582151903262
2023-07-21 00:00:00,26.5,91,0.0,5439.384226667934
2023-07-21 01:00:00,27.9,86,18.3,7701.103730213366
2023-07-21 02:00:00,28.9,85,144.7,8500.0
2023-07-21 03:00:00,30.6,79,345.3,8500.0
2023-07-21 04:00:00,32.3,73,455.7,8500.0
2023-07-21 05:00:00,33.7,68,531.9,8500.0
2023-07-21 06:00:00,34.6,62,567.6,8500.0
2023-07-21 07:00:00,34.9,59,435.9,8500.0
2023-07-21 08:00:00,35.0,59,393.0,8500.0
2023-07-21 09:00:00,35.3,56,462.0,8500.0
2023-07-21 10:00:00,35.6,54,421.9,8500.0
2023-07-21 11:00:00,35.1,55,286.3,8500.0
2023-07-21 12:00:00,33.9,61,196.4,8500.0
2023-07-21 13:00:00,32.8,70,67.7,8500.0
2023-07-21 14:00:00,29.2,86,10.0,8500.0
2023-07-21 15:00:00,28.9,84,0.0,8500.0
2023-07-21 16:00:00,29.3,83,0.0,8500.0
2023-07-21 17:00:00,29.6,85,0.0,8500.0
2023-07-21 18:00:00,29.5,84,0.0,8500.0
2023-07-21 19:00:00,28.7,87,0.0,8500.0
2023-07-21 20:00:00,28.4,87,0.0,8500.0
2023-07-21 21:00:00,28.5,83,0.0,8495.842442230296
2023-07-21 22:00:00,28.5,83,0.0,8500.0
2023-07-21 23:00:00,28.3,86,0.0,8118.925571788839
2023-07-22 00:00:00,27.5,87,0.0,6728.049628100081
2023-07-22 01:00:00,27.2,92,0.0,6688.006101518106
2023-07-22 02:00:00,28.4,90,14.2,8479.003177682363
2023-07-22 03:00:00,30.7,82,104.5,8500.0
2023-07-22 04:00:00,31.9,75,179.9,8500.0
2023-07-22 05:00:00,29.9,80,358.6,8500.0
2023-07-22 06:00:00,29.9,80,24.8,8500.0
2023-07-22 07:00:00,32.3,74,235.4,8500.0
2023-07-22 08:00:00,33.8,65,345.2,8500.0
2023-07-22 09:00:00,34.2,61,473.1,8500.0
2023-07-22 10:00:00,33.9,61,381.6,8500.0
2023-07-22 11:00:00,33.8,62,423.2,8500.0
2023-07-22 12:00:00,34.3,60,264.6,8500.0
2023-07-22 13:00:00,33.1,64,139.8,8500.0
2023-07-22 14:00:00,31.8,71,20.0,8500.0
2023-07-22 15:00:00,31.1,73,0.0,8500.0
2023-07-22 16:00:00,30.7,73,0.0,8500.0
2023-07-22 17:00:00,30.3,74,0.0,8500.0
2023-07-22 18:00:00,29.9,74,0.0,8500.0
2023-07-22 19:00:00,29.5,75,0.0,8500.0
2023-07-22 20:00:00,29.1,76,0.0,8500.0
2023-07-22 21:00:00,28.8,77,0.0,8500.0
2023-07-22 22:00:00,28.5,79,0.0,8491.670623180722
2023-07-22 23:00:00,28.3,81,0.0,8189.9866508930945
2023-07-23 00:00:00,29.1,78,0.0,8500.0
2023-07-23 01:00:00,29.4,78,27.9,8500.0
2023-07-23 02:00:00,30.0,77,171.3,8500.0
2023-07-23 03:00:00,30.8,74,318.3,8500.0
2023-07-23 04:00:00,31.1,73,388.6,8500.0
2023-07-23 05:00:00,31.8,71,354.1,8500.0
2023-07-23 06:00:00,33.1,68,428.1,8500.0
2023-07-23 07:00:00,33.5,65,479.2,8500.0
2023-07-23 08:00:00,34.1,63,528.3,8500.0
2023-07-23 09:00:00,34.2,62,475.6,8500.0
2023-07-23 10:00:00,34.1,62,296.9,8500.0
2023-07-23 11:00:00,33.5,64,246.1,8500.0
2023-07-23 12:00:00,32.3,70,144.3,8500.0
2023-07-23 13:00:00,31.6,72,38.0,8500.0
2023-07-23 14:00:00,30.8,74,0.0,8500.0
2023-07-23 15:00:00,30.1,78,0.0,8500.0
2023-07-23 16:00:00,30.0,79,0.0,8500.0
2023-07-23 17:00:00,29.9,77,0.0,8500.0
2023-07-23 18:00:00,29.5,79,0.0,8500.0
2023-07-23 19:00:00,29.1,81,0.0,8500.0
2023-07-23 20:00:00,28.7,83,0.0,8500.0
2023-07-23 21:00:00,28.4,85,0.0,8339.877146572748
2023-07-23 22:00:00,28.2,86,0.0,8289.768959946345
2023-07-23 23:00:00,27.9,87,0.0,7653.8012938173315
2023-07-24 00:00:00,27.9,87,0.0,7704.102776154639
2023-07-24 01:00:00,28.3,88,18.7,8353.69701346738
2023-07-24 02:00:00,28.9,84,136.4,8500.0
2023-07-24 03:00:00,30.2,78,310.9,8500.0
2023-07-24 04:00:00,31.2,75,413.1,8500.0
2023-07-24 05:00:00,32.0,72,493.3,8500.0
2023-07-24 06:00:00,33.1,68,515.8,8500.0
2023-07-24 07:00:00,33.7,65,529.5,8500.0
2023-07-24 08:00:00,33.9,64,533.7,8500.0
2023-07-24 09:00:00,34.1,63,458.5,8500.0
2023-07-24 10:00:00,34.0,63,461.2,8500.0
2023-07-24 11:00:00,33.8,63,454.8,8500.0
2023-07-24 12:00:00,30.2,81,193.5,8500.0
2023-07-24 13:00:00,28.0,90,26.7,8500.0
2023-07-24 14:00:00,27.7,90,0.0,8500.0
2023-07-24 15:00:00,27.7,93,0.0,8500.0
2023-07-24 16:00:00,27.7,90,0.0,8365.526764238404
2023-07-24 17:00:00,27.5,91,0.0,7993.665198239712
2023-07-24 18:00:00,27.4,93,0.0,7609.764138091119
2023-07-24 19:00:00,27.2,94,0.0,6813.554188822534
2023-07-24 20:00:00,26.7,95,0.0,6130.18467570979
2023-07-24 21:00:00,25.6,94,0.0,4731.805658029012
2023-07-24 22:00:00,25.6,94,0.0,4710.590148125597
2023-07-24 23:00:00,25.6,94,0.0,4340.1725000335155
2023-07-25 00:00:00,26.4,93,0.0,5591.6245501650665
2023-07-25 01:00:00,26.6,91,0.0,5904.649766087481
2023-07-25 02:00:00,27.1,90,0.0,6495.49083089218
2023-07-25 03:00:00,27.7,88,4.1,7329.556246189305
2023-07-25 04:00:00,29.2,83,68.7,8500.0
2023-07-25 05:00:00,30.8,77,147.5,8500.0
2023-07-25 06:00:00,31.5,73,102.6,8500.0
2023-07-25 07:00:00,32.8,70,295.0,8500.0
2023-07-25 08:00:00,33.2,68,341.7,8500.0
2023-07-25 09:00:00,33.8,65,294.7,8500.0
2023-07-25 10:00:00,34.1,63,395.0,8500.0
2023-07-25 11:00:00,34.1,63,295.5,8500.0
2023-07-25 12:00:00,31.4,72,232.4,8500.0
2023-07-25 13:00:00,30.2,78,30.7,8500.0
2023-07-25 14:00:00,29.5,81,0.0,8500.0
2023-07-25 15:00:00,29.2,83,0.0,8500.0
2023-07-25 16:00:00,29.1,84,0.0,8500.0
2023-07-25 17:00:00,28.6,86,0.0,8500.0
2023-07-25 18:00:00,27.3,90,0.0,7712.348761925167
2023-07-25 19:00:00,26.3,94,0.0,5816.641542245979
2023-07-25 20:00:00,25.7,97,0.0,5144.70224397204
2023-07-25 21:00:00,26.1,95,0.0,5225.628061599703
2023-07-25 22:00:00,26.3,95,0.0,5365.567366087277
2023-07-25 23:00:00,26.0,97,0.0,5214.665064520572
2023-07-26 00:00:00,26.5,97,0.0,5594.750561142472
2023-07-26 01:00:00,26.2,95,9.5,5339.574226999691
2023-07-26 02:00:00,25.6,99,10.9,4827.451552489692
2023-07-26 03:00:00,25.6,95,0.0,4853.667371388901
2023-07-26 04:00:00,25.8,94,0.0,5471.003944969782
2023-07-26 05:00:00,26.4,90,4.9,6368.631089866725
2023-07-26 06:00:00,27.4,84,29.2,7676.888491389431
2023-07-26 07:00:00,28.5,80,43.9,8500.0
2023-07-26 08:00:00,29.3,77,37.9,8500.0
2023-07-26 09:00:00,29.3,77,0.0,8500.0
2023-07-26 10:00:00,29.5,76,0.0,8500.0
2023-07-26 11:00:00,29.7,76,6.1,8500.0
2023-07-26 12:00:00,27.4,89,0.0,8449.648397107709
2023-07-26 13:00:00,27.3,91,0.0,8112.847190733439
2023-07-26 14:00:00,27.2,92,0.0,8169.124570064042
2023-07-26 15:00:00,26.8,95,0.0,7380.751040072631
2023-07-26 16:00:00,26.6,96,0.0,6959.4183153985905
2023-07-26 17:00:00,26.6,96,0.0,6653.418921453697
2023-07-26 18:00:00,26.3,98,0.0,6032.422471470294
2023-07-26 19:00:00,26.5,97,0.0,6362.404440795638
2023-07-26 20:00:00,26.4,98,0.0,5920.891967180524
2023-07-26 21:00:00,26.4,98,0.0,5533.033304181481
2023-07-26 22:00:00,26.4,98,0.0,5610.495492550594
2023-07-26 23:00:00,26.3,98,0.0,5402.047671607493
2023-07-27 00:00:00,26.8,96,0.0,5912.352916245148
2023-07-27 01:00:00,27.3,95,9.6,6670.318826088002
2023-07-27 02:00:00,28.2,91,131.4,8015.374344190133
2023-07-27 03:00:00,28.8,85,305.2,8500.0
2023-07-27 04:00:00,28.1,87,208.3,8192.043283626708
2023-07-27 05:00:00,28.8,83,92.9,8500.0
2023-07-27 06:00:00,29.9,80,117.9,8500.0
2023-07-27 07:00:00,30.6,78,153.3,8500.0
2023-07-27 08:00:00,31.4,74,206.9,8500.0
2023-07-27 09:00:00,31.6,74,129.6,8500.0
2023-07-27 10:00:00,31.7,72,153.4,8500.0
2023-07-27 11:00:00,31.7,71,172.7,8500.0
2023-07-27 12:00:00,30.4,74,109.4,8500.0
2023-07-27 13:00:00,28.8,89,0.0,8500.0
2023-07-27 14:00:00,28.4,89,0.0,8500.0
2023-07-27 15:00:00,28.0,92,0.0,8500.0
2023-07-27 16:00:00,27.9,93,0.0,8500.0
2023-07-27 17:00:00,27.8,94,0.0,8373.083860731556
2023-07-27 18:00:00,27.5,95,0.0,7720.309871131148
2023-07-27 19:00:00,27.1,97,0.0,6805.743565881199
2023-07-27 20:00:00,27.1,96,0.0,6775.695432332627
2023-07-27 21:00:00,27.0,97,0.0,6591.036650408194
2023-07-27 22:00:00,27.0,97,0.0,6228.08746676552
2023-07-27 23:00:00,26.8,97,0.0,5910.42089098857
2023-07-28 00:00:00,26.9,95,0.0,6127.824477119436
2023-07-28 01:00:00,26.6,94,0.0,5540.274679415208
2023-07-28 02:00:00,26.9,93,0.0,6282.192784512939
2023-07-28 03:00:00,27.3,91,47.9,7040.688010352908
2023-07-28 04:00:00,28.7,84,208.6,8500.0
2023-07-28 05:00:00,29.8,78,294.7,8500.0
2023-07-28 06:00:00,31.1,73,502.3,8500.0
2023-07-28 07:00:00,32.2,69,484.8,8500.0
2023-07-28 08:00:00,32.9,65,479.7,8500.0
2023-07-28 09:00:00,32.7,65,163.5,8500.0
2023-07-28 10:00:00,30.7,74,60.7,8500.0
2023-07-28 11:00:00,29.6,79,186.8,8500.0
2023-07-28 12:00:00,27.0,89,47.3,7872.19959353915
2023-07-28 13:00:00,26.7,92,0.0,7391.019397413034
2023-07-28 14:00:00,26.7,92,0.0,7162.987791238266
2023-07-28 15:00:00,26.7,94,0.0,7419.545451461708
2023-07-28 16:00:00,26.6,95,0.0,7156.633187637321
2023-07-28 17:00:00,26.3,94,0.0,6487.616998199308
2023-07-28 18:00:00,26.3,94,0.0,6195.894400919622
2023-07-28 19:00:00,26.4,95,0.0,5989.933258512469
2023-07-28 20:00:00,25.7,95,0.0,5224.9566058383625
2023-07-28 21:00:00,25.9,95,0.0,5175.04167065707
2023-07-28 22:00:00,25.6,93,0.0,4761.091161649383
2023-07-28 23:00:00,25.6,95,0.0,4626.479660502922
2023-07-29 00:00:00,24.7,94,0.0,3720.6713785959905
2023-07-29 01:00:00,25.2,94,19.5,4301.512924059502
2023-07-29 02:00:00,26.2,89,107.1,5104.4980704690415
2023-07-29 03:00:00,27.3,84,210.8,6749.670173295194
2023-07-29 04:00:00,29.0,77,414.8,8500.0
2023-07-29 05:00:00,29.8,74,249.8,8500.0
2023-07-29 06:00:00,30.9,71,392.2,8500.0
2023-07-29 07:00:00,31.1,69,165.8,8500.0
2023-07-29 08:00:00,31.4,68,73.9,8500.0
2023-07-29 09:00:00,28.5,78,201.8,8500.0
2023-07-29 10:00:00,29.3,77,297.6,8500.0
2023-07-29 11:00:00,30.4,74,455.6,8500.0
2023-07-29 12:00:00,29.1,78,310.8,8500.0
2023-07-29 13:00:00,29.2,78,39.4,8500.0
2023-07-29 14:00:00,28.1,88,10.6,8500.0
2023-07-29 15:00:00,27.8,88,0.0,8500.0
2023-07-29 16:00:00,27.3,90,0.0,7871.054216034567
2023-07-29 17:00:00,27.1,90,0.0,7388.366252741944
2023-07-29 18:00:00,26.8,92,0.0,6556.18790271867
2023-07-29 19:00:00,26.5,93,0.0,6375.306085874196
2023-07-29 20:00:00,26.3,94,0.0,5573.428814440845
2023-07-29 21:00:00,26.1,94,0.0,5200.977698845732
2023-07-29 22:00:00,25.7,94,0.0,4825.742336283876
2023-07-29 23:00:00,25.0,93,0.0,4103.638911622205
2023-07-30 00:00:00,25.3,96,0.0,4511.7893562855115
2023-07-30 01:00:00,25.8,94,9.8,4763.86901096205
2023-07-30 02:00:00,26.5,90,130.1,5726.73241222871
2023-07-30 03:00:00,27.9,83,278.4,7730.916754769495
2023-07-30 04:00:00,28.8,79,259.0,8500.0
2023-07-30 05:00:00,30.1,73,432.7,8500.0
2023-07-30 06:00:00,31.3,68,441.3,8500.0
2023-07-30 07:00:00,32.3,64,539.8,8500.0
2023-07-30 08:00:00,32.8,62,525.6,8500.0
2023-07-30 09:00:00,33.0,60,460.8,8500.0
2023-07-30 10:00:00,33.1,60,492.9,8500.0
2023-07-30 11:00:00,32.9,61,415.0,8500.0
2023-07-30 12:00:00,32.0,66,318.3,8500.0
2023-07-30 13:00:00,30.7,75,119.2,8500.0
2023-07-30 14:00:00,29.6,83,21.5,8500.0
2023-07-30 15:00:00,28.8,85,0.0,8500.0
2023-07-30 16:00:00,28.4,87,0.0,8500.0
2023-07-30 17:00:00,28.3,86,0.0,8500.0
2023-07-30 18:00:00,28.2,86,0.0,8500.0
2023-07-30 19:00:00,27.8,86,0.0,7880.699889821856
2023-07-30 20:00:00,27.5,86,0.0,7515.033213940787
2023-07-30 21:00:00,26.5,88,0.0,6099.730472893235
2023-07-30 22:00:00,26.1,90,0.0,5420.263564730304
2023-07-30 23:00:00,26.0,93,0.0,4976.322445345307
2023-07-31 00:00:00,25.1,95,0.0,4342.176231316189
2023-07-31 01:00:00,25.5,95,9.9,4436.145201397011
2023-07-31 02:00:00,26.3,91,59.8,5271.076090438906
2023-07-31 03:00:00,27.6,88,275.0,7356.260869663958
2023-07-31 04:00:00,29.6,81,459.9,8500.0
2023-07-31 05:00:00,31.3,73,557.1,8500.0
2023-07-31 06:00:00,32.3,70,551.3,8500.0
2023-07-31 07:00:00,33.1,66,582.3,8500.0
2023-07-31 08:00:00,33.6,64,585.7,8500.0
2023-07-31 09:00:00,33.5,63,553.1,8500.0
2023-07-31 10:00:00,33.6,62,494.8,8500.0
2023-07-31 11:00:00,33.3,61,443.6,8500.0
2023-07-31 12:00:00,33.3,61,293.4,8500.0
2023-07-31 13:00:00,32.0,66,164.2,8500.0
2023-07-31 14:00:00,30.8,71,21.7,8500.0
2023-07-31 15:00:00,29.6,76,0.0,8500.0
2023-07-31 16:00:00,29.0,78,0.0,8500.0
2023-07-31 17:00:00,28.7,81,0.0,8500.0
2023-07-31 18:00:00,28.3,83,0.0,8500.0
2023-07-31 19:00:00,28.1,84,0.0,8200.042210144953
2023-07-31 20:00:00,27.7,85,0.0,7594.673504187437
2023-07-31 21:00:00,27.3,87,0.0,6577.35713773193
2023-07-31 22:00:00,27.1,87,0.0,6570.979782550082
2023-07-31 23:00:00,26.9,87,0.0,6102.157344244135
2023-08-01 00:00:00,27.3,84,0.0,6610.381785490934
2023-08-01 01:00:00,27.7,83,20.0,7350.021982328785
2023-08-01 02:00:00,28.3,82,161.8,8358.780859119008
2023-08-01 03:00:00,29.6,78,334.7,8500.0
2023-08-01 04:00:00,30.7,75,465.2,8500.0
2023-08-01 05:00:00,32.0,72,562.6,8500.0
2023-08-01 06:00:00,33.1,67,557.2,8500.0
2023-08-01 07:00:00,33.9,62,608.4,8500.0
2023-08-01 08:00:00,34.1,60,563.5,8500.0
2023-08-01 09:00:00,34.6,56,554.7,8500.0
2023-08-01 10:00:00,34.4,57,520.4,8500.0
2023-08-01 11:00:00,33.9,59,426.0,8500.0
2023-08-01 12:00:00,33.0,66,316.3,8500.0
2023-08-01 13:00:00,31.2,75,157.4,8500.0
2023-08-01 14:00:00,30.0,76,11.0,8500.0
2023-08-01 15:00:00,29.7,77,0.0,8500.0
2023-08-01 16:00:00,29.4,79,0.0,8500.0
2023-08-01 17:00:00,29.4,80,0.0,8500.0
2023-08-01 18:00:00,29.5,80,0.0,8500.0
2023-08-01 19:00:00,29.3,78,0.0,8500.0
2023-08-01 20:00:00,29.0,77,0.0,8500.0
2023-08-01 21:00:00,28.5,82,0.0,8500.0
2023-08-01 22:00:00,28.4,83,0.0,8239.582563224925
2023-08-01 23:00:00,28.3,82,0.0,8314.827982184659
2023-08-02 00:00:00,27.8,87,0.0,7140.222246274879
2023-08-02 01:00:00,28.5,84,20.1,8412.965622395519
2023-08-02 02:00:00,29.3,81,106.0,8500.0
2023-08-02 03:00:00,30.4,76,304.0,8500.0
2023-08-02 04:00:00,31.4,73,420.6,8500.0
2023-08-02 05:00:00,32.6,70,510.4,8500.0
2023-08-02 06:00:00,33.7,66,590.3,8500.0
2023-08-02 07:00:00,34.7,62,618.1,8500.0
2023-08-02 08:00:00,34.9,60,585.6,8500.0
2023-08-02 09:00:00,35.1,59,515.9,8500.0
2023-08-02 10:00:00,34.3,62,399.0,8500.0
2023-08-02 11:00:00,31.9,72,181.0,8500.0
2023-08-02 12:00:00,28.5,86,72.3,8500.0
2023-08-02 13:00:00,28.6,86,16.3,8500.0
2023-08-02 14:00:00,28.3,87,0.0,8500.0
2023-08-02 15:00:00,28.2,90,0.0,8500.0
2023-08-02 16:00:00,27.8,92,0.0,8487.949898540895
2023-08-02 17:00:00,27.5,92,0.0,7992.600752402301
2023-08-02 18:00:00,27.3,93,0.0,7318.373454252787
2023-08-02 19:00:00,27.1,92,0.0,6823.2248162944325
2023-08-02 20:00:00,26.8,93,0.0,6211.716765495488
2023-08-02 21:00:00,26.8,94,0.0,5986.817956824511
2023-08-02 22:00:00,26.8,96,0.0,5986.363846868589
2023-08-02 23:00:00,26.8,93,0.0,5883.752281224034
2023-08-03 00:00:00,26.5,90,0.0,5782.069355570878
2023-08-03 01:00:00,27.2,86,20.3,6446.556547770064
2023-08-03 02:00:00,28.2,84,167.6,7792.29834355273
2023-08-03 03:00:00,29.3,79,323.9,8500.0
2023-08-03 04:00:00,30.3,75,457.7,8500.0
2023-08-03 05:00:00,31.4,71,520.8,8500.0
2023-08-03 06:00:00,32.3,68,508.1,8500.0
2023-08-03 07:00:00,33.1,66,574.4,8500.0
2023-08-03 08:00:00,33.8,64,588.2,8500.0
2023-08-03 09:00:00,34.1,62,570.2,8500.0
2023-08-03 10:00:00,33.9,62,443.3,8500.0
2023-08-03 11:00:00,33.7,64,429.5,8500.0
2023-08-03 12:00:00,32.1,72,294.6,8500.0
2023-08-03 13:00:00,28.0,90,37.0,8500.0
2023-08-03 14:00:00,27.5,92,0.0,8359.149249241258
2023-08-03 15:00:00,27.7,92,0.0,8500.0
2023-08-03 16:00:00,27.8,92,0.0,8500.0
2023-08-03 17:00:00,27.8,90,0.0,8293.352759019384
2023-08-03 18:00:00,27.5,91,0.0,7747.641910142785
2023-08-03 19:00:00,27.1,92,0.0,7006.049614895826
2023-08-03 20:00:00,27.0,93,0.0,6511.866249850241
2023-08-03 21:00:00,26.8,93,0.0,5836.556374706024
2023-08-03 22:00:00,26.5,95,0.0,5642.816687833655
2023-08-03 23:00:00,26.0,97,0.0,5111.055598158406
2023-08-04 00:00:00,28.0,89,0.0,7935.556775584596
2023-08-04 01:00:00,28.0,90,0.0,7762.509231664275
2023-08-04 02:00:00,27.7,92,0.0,6959.707592519817
2023-08-04 03:00:00,27.8,90,0.0,7720.338423979112
2023-08-04 04:00:00,28.7,88,92.6,8500.0
2023-08-04 05:00:00,29.3,84,75.2,8500.0
2023-08-04 06:00:00,29.5,84,78.4,8500.0
2023-08-04 07:00:00,29.9,83,66.9,8500.0
2023-08-04 08:00:00,30.5,81,122.7,8500.0
2023-08-04 09:00:00,31.0,78,183.4,8500.0
2023-08-04 10:00:00,31.7,75,275.2,8500.0
2023-08-04 11:00:00,31.7,74,206.8,8500.0
2023-08-04 12:00:00,30.3,79,167.8,8500.0
2023-08-04 13:00:00,30.3,79,41.5,8500.0
2023-08-04 14:00:00,26.7,95,0.0,7499.157497891211
2023-08-04 15:00:00,27.2,92,0.0,7609.7854115104265
2023-08-04 16:00:00,27.2,93,0.0,7765.80560301115
2023-08-04 17:00:00,27.0,94,0.0,7255.785224662963
2023-08-04 18:00:00,26.7,97,0.0,6498.704684719826
2023-08-04 19:00:00,26.5,98,0.0,5987.734884060647
2023-08-04 20:00:00,26.3,99,0.0,5666.509979912113
2023-08-04 21:00:00,26.4,98,0.0,5829.657490540682
2023-08-04 22:00:00,26.4,98,0.0,5357.548933977237
2023-08-04 23:00:00,26.4,97,0.0,5374.575242684363
2023-08-05 00:00:00,27.3,89,0.0,6696.620553093934
2023-08-05 01:00:00,27.3,92,10.3,6494.407967469074
2023-08-05 02:00:00,27.4,92,81.0,7037.253167535467
2023-08-05 03:00:00,28.0,90,21.3,8101.2298571380215
2023-08-05 04:00:00,28.2,88,28.9,8278.565330858537
2023-08-05 05:00:00,29.3,82,109.8,8500.0
2023-08-05 06:00:00,30.9,77,259.5,8500.0
2023-08-05 07:00:00,32.0,74,280.0,8500.0
2023-08-05 08:00:00,32.9,68,502.7,8500.0
2023-08-05 09:00:00,33.6,63,524.4,8500.0
2023-08-05 10:00:00,33.7,64,463.6,8500.0
2023-08-05 11:00:00,33.5,64,417.7,8500.0
2023-08-05 12:00:00,32.3,69,261.7,8500.0
2023-08-05 13:00:00,31.5,77,46.0,8500.0
2023-08-05 14:00:00,30.1,82,0.0,8500.0
2023-08-05 15:00:00,29.8,82,0.0,8500.0
2023-08-05 16:00:00,29.0,88,0.0,8500.0
2023-08-05 17:00:00,29.0,86,0.0,8500.0
2023-08-05 18:00:00,28.9,84,0.0,8500.0
2023-08-05 19:00:00,28.7,83,0.0,8500.0
2023-08-05 20:00:00,28.2,82,0.0,8232.153934421927
2023-08-05 21:00:00,27.9,80,0.0,7677.78006590596
2023-08-05 22:00:00,28.0,79,0.0,7663.715555462281
2023-08-05 23:00:00,27.9,79,0.0,7311.798021336193
2023-08-06 00:00:00,28.3,78,0.0,8500.0
2023-08-06 01:00:00,28.2,76,20.8,8014.599430275363
2023-08-06 02:00:00,28.9,75,194.0,8500.0
2023-08-06 03:00:00,29.8,72,363.0,8500.0
2023-08-06 04:00:00,30.9,70,499.6,8500.0
2023-08-06 05:00:00,32.2,66,556.0,8500.0
2023-08-06 06:00:00,33.4,62,624.2,8500.0
2023-08-06 07:00:00,34.0,59,592.5,8500.0
2023-08-06 08:00:00,34.6,57,576.6,8500.0
2023-08-06 09:00:00,34.8,57,584.5,8500.0
2023-08-06 10:00:00,34.7,56,532.2,8500.0
2023-08-06 11:00:00,33.1,63,470.4,8500.0
2023-08-06 12:00:00,32.4,67,282.9,8500.0
2023-08-06 13:00:00,30.7,75,147.9,8500.0
2023-08-06 14:00:00,26.0,91,11.7,6665.88963068075
2023-08-06 15:00:00,26.7,91,0.0,7325.240008665077
2023-08-06 16:00:00,27.0,92,0.0,7438.366855661626
2023-08-06 17:00:00,27.2,89,0.0,7746.439922727246
2023-08-06 18:00:00,27.9,82,0.0,8171.302619189689
2023-08-06 19:00:00,27.9,77,0.0,8007.767989896736
2023-08-06 20:00:00,27.4,77,0.0,7176.708304861724
2023-08-06 21:00:00,27.2,77,0.0,6843.66681342114
2023-08-06 22:00:00,27.2,76,0.0,6799.2026958454335
2023-08-06 23:00:00,27.2,76,0.0,6444.296112781009
2023-08-07 00:00:00,27.5,74,0.0,7008.55109823544
2023-08-07 01:00:00,27.6,75,21.0,7287.382668270091
2023-08-07 02:00:00,28.2,74,195.2,8093.386236394866
2023-08-07 03:00:00,29.1,72,387.6,8500.0
2023-08-07 04:00:00,30.2,69,480.7,8500.0
2023-08-07 05:00:00,31.4,66,580.2,8500.0
2023-08-07 06:00:00,32.4,62,595.3,8500.0
2023-08-07 07:00:00,32.8,60,471.4,8500.0
2023-08-07 08:00:00,33.5,57,544.1,8500.0
2023-08-07 09:00:00,34.0,55,555.5,8500.0
2023-08-07 10:00:00,34.2,54,519.4,8500.0
2023-08-07 11:00:00,34.0,55,407.5,8500.0
2023-08-07 12:00:00,32.4,61,302.2,8500.0
2023-08-07 13:00:00,31.1,66,179.4,8500.0
2023-08-07 14:00:00,29.9,70,11.9,8500.0
2023-08-07 15:00:00,29.3,71,0.0,8500.0
2023-08-07 16:00:00,29.3,68,0.0,8500.0
2023-08-07 17:00:00,28.8,71,0.0,8500.0
2023-08-07 18:00:00,28.7,71,0.0,8500.0
2023-08-07 19:00:00,28.6,70,0.0,8500.0
2023-08-07 20:00:00,28.2,70,0.0,8500.0
2023-08-07 21:00:00,27.6,71,0.0,7305.615683225314
2023-08-07 22:00:00,27.2,73,0.0,6502.477483008497
2023-08-07 23:00:00,26.9,74,0.0,5939.771795112803
2023-08-08 00:00:00,27.5,74,0.0,6909.445094337984
2023-08-08 01:00:00,27.5,76,21.2,6639.798398522435
2023-08-08 02:00:00,28.1,76,184.7,8132.571461035918
2023-08-08 03:00:00,29.0,74,304.9,8500.0
2023-08-08 04:00:00,30.0,72,380.6,8500.0
2023-08-08 05:00:00,31.3,67,462.0,8500.0
2023-08-08 06:00:00,32.5,64,499.7,8500.0
2023-08-08 07:00:00,33.3,60,377.9,8500.0
2023-08-08 08:00:00,33.8,57,336.6,8500.0
2023-08-08 09:00:00,34.4,54,448.2,8500.0
2023-08-08 10:00:00,34.0,56,355.4,8500.0
2023-08-08 11:00:00,33.8,57,308.1,8500.0
2023-08-08 12:00:00,32.6,62,216.0,8500.0
2023-08-08 13:00:00,31.7,66,103.7,8500.0
2023-08-08 14:00:00,30.8,68,0.0,8500.0
2023-08-08 15:00:00,30.3,68,0.0,8500.0
2023-08-08 16:00:00,30.4,66,0.0,8500.0
2023-08-08 17:00:00,30.0,65,0.0,8500.0
2023-08-08 18:00:00,29.4,65,0.0,8500.0
2023-08-08 19:00:00,29.0,66,0.0,8500.0
2023-08-08 20:00:00,28.5,68,0.0,8500.0
2023-08-08 21:00:00,28.1,70,0.0,8231.628826919397
2023-08-08 22:00:00,27.7,71,0.0,7157.995184742148
2023-08-08 23:00:00,27.4,72,0.0,6976.480574218493
2023-08-09 00:00:00,27.7,73,0.0,7087.988220152483
2023-08-09 01:00:00,27.8,74,10.7,7566.152664444603
2023-08-09 02:00:00,28.4,75,94.9,8500.0
2023-08-09 03:00:00,29.2,73,185.2,8500.0
2023-08-09 04:00:00,30.3,70,271.0,8500.0
2023-08-09 05:00:00,31.8,66,408.0,8500.0
2023-08-09 06:00:00,33.1,60,482.7,8500.0
2023-08-09 07:00:00,33.5,57,312.1,8500.0
2023-08-09 08:00:00,34.0,55,346.3,8500.0
2023-08-09 09:00:00,34.4,54,447.7,8500.0
2023-08-09 10:00:00,34.5,53,517.7,8500.0
2023-08-09 11:00:00,34.5,52,468.3,8500.0
2023-08-09 12:00:00,33.2,59,242.0,8500.0
2023-08-09 13:00:00,32.2,62,65.5,8500.0
2023-08-09 14:00:00,31.4,63,0.0,8500.0
2023-08-09 15:00:00,30.6,66,0.0,8500.0
2023-08-09 16:00:00,30.3,67,0.0,8500.0
2023-08-09 17:00:00,29.5,69,0.0,8500.0
2023-08-09 18:00:00,29.2,65,0.0,8500.0
2023-08-09 19:00:00,28.9,65,0.0,8500.0
2023-08-09 20:00:00,28.4,69,0.0,8500.0
2023-08-09 21:00:00,28.0,72,0.0,7868.09799940797
2023-08-09 22:00:00,27.6,74,0.0,7259.062861944646
2023-08-09 23:00:00,27.3,77,0.0,6819.065578001731
2023-08-10 00:00:00,28.0,75,0.0,7676.729608285976
2023-08-10 01:00:00,28.1,76,21.6,7696.696735237289
2023-08-10 02:00:00,28.9,74,175.1,8500.0
2023-08-10 03:00:00,29.9,70,352.1,8500.0
2023-08-10 04:00:00,31.0,67,481.6,8500.0
2023-08-10 05:00:00,32.1,63,536.5,8500.0
2023-08-10 06:00:00,33.2,58,583.0,8500.0
2023-08-10 07:00:00,33.7,56,521.5,8500.0
2023-08-10 08:00:00,34.0,54,470.3,8500.0
2023-08-10 09:00:00,33.9,53,229.2,8500.0
2023-08-10 10:00:00,33.9,53,79.7,8500.0
2023-08-10 11:00:00,33.7,53,253.1,8500.0
2023-08-10 12:00:00,31.5,66,297.9,8500.0
2023-08-10 13:00:00,28.7,78,57.5,8500.0
2023-08-10 14:00:00,27.8,86,0.0,8500.0
2023-08-10 15:00:00,27.5,84,0.0,8276.065864735112
2023-08-10 16:00:00,27.6,83,0.0,8262.979705047033
2023-08-10 17:00:00,27.8,83,0.0,8197.64793817846
2023-08-10 18:00:00,27.8,83,0.0,8008.701671826227
2023-08-10 19:00:00,27.6,84,0.0,7663.716510495761
2023-08-10 20:00:00,27.4,85,0.0,6857.032726514972
2023-08-10 21:00:00,27.2,84,0.0,6851.227375965485
2023-08-10 22:00:00,27.3,82,0.0,6742.278335967665
2023-08-10 23:00:00,27.5,77,0.0,7079.034441715297
2023-08-11 00:00:00,27.9,73,0.0,7581.135853690227
2023-08-11 01:00:00,28.3,68,21.8,8096.121500274731
2023-08-11 02:00:00,29.1,68,192.3,8500.0
2023-08-11 03:00:00,30.4,65,348.8,8500.0
2023-08-11 04:00:00,31.6,62,438.0,8500.0
2023-08-11 05:00:00,32.9,58,600.6,8500.0
2023-08-11 06:00:00,33.9,53,599.0,8500.0
2023-08-11 07:00:00,34.4,50,557.3,8500.0
2023-08-11 08:00:00,34.6,49,539.5,8500.0
2023-08-11 09:00:00,34.6,49,535.7,8500.0
2023-08-11 10:00:00,34.4,50,492.1,8500.0
2023-08-11 11:00:00,34.0,51,430.1,8500.0
2023-08-11 12:00:00,33.5,58,258.4,8500.0
2023-08-11 13:00:00,30.4,78,134.3,8500.0
2023-08-11 14:00:00,29.8,81,12.8,8500.0
2023-08-11 15:00:00,30.3,71,0.0,8500.0
2023-08-11 16:00:00,30.1,69,0.0,8500.0
2023-08-11 17:00:00,29.6,70,0.0,8500.0
2023-08-11 18:00:00,29.4,69,0.0,8500.0
2023-08-11 19:00:00,29.2,68,0.0,8500.0
2023-08-11 20:00:00,28.9,66,0.0,8500.0
2023-08-11 21:00:00,28.7,63,0.0,8500.0
2023-08-11 22:00:00,28.5,62,0.0,8500.0
2023-08-11 23:00:00,28.2,62,0.0,7973.297195346198
2023-08-12 00:00:00,28.3,60,0.0,8146.8599985319615
2023-08-12 01:00:00,28.2,62,22.0,7915.562741507523
2023-08-12 02:00:00,28.9,64,205.6,8500.0
2023-08-12 03:00:00,30.1,62,397.6,8500.0
2023-08-12 04:00:00,31.5,59,528.0,8500.0
2023-08-12 05:00:00,32.9,55,602.6,8500.0
2023-08-12 06:00:00,33.9,51,646.9,8500.0
2023-08-12 07:00:00,34.8,48,671.0,8500.0
2023-08-12 08:00:00,35.3,45,549.6,8500.0
2023-08-12 09:00:00,35.3,44,430.0,8500.0
2023-08-12 10:00:00,35.3,43,291.2,8500.0
2023-08-12 11:00:00,34.8,46,168.8,8500.0
2023-08-12 12:00:00,33.5,52,216.2,8500.0
2023-08-12 13:00:00,32.4,54,131.6,8500.0
2023-08-12 14:00:00,31.8,53,13.0,8500.0
2023-08-12 15:00:00,31.3,54,0.0,8500.0
2023-08-12 16:00:00,30.7,56,0.0,8500.0
2023-08-12 17:00:00,30.3,57,0.0,8500.0
2023-08-12 18:00:00,29.9,60,0.0,8500.0
2023-08-12 19:00:00,29.5,63,0.0,8500.0
2023-08-12 20:00:00,29.2,63,0.0,8500.0
2023-08-12 21:00:00,28.8,64,0.0,8500.0
2023-08-12 22:00:00,28.3,66,0.0,8367.385848225747
2023-08-12 23:00:00,27.9,68,0.0,7598.321407868378
2023-08-13 00:00:00,27.7,70,0.0,6959.967067604699
2023-08-13 01:00:00,27.6,72,22.2,7143.506068509387
2023-08-13 02:00:00,28.4,72,194.8,8500.0
2023-08-13 03:00:00,29.7,68,372.7,8500.0
2023-08-13 04:00:00,31.2,64,475.0,8500.0
2023-08-13 05:00:00,32.6,59,596.0,8500.0
2023-08-13 06:00:00,33.9,55,670.8,8500.0
2023-08-13 07:00:00,34.5,51,562.8,8500.0
2023-08-13 08:00:00,35.2,48,603.6,8500.0
2023-08-13 09:00:00,35.6,47,533.2,8500.0
2023-08-13 10:00:00,35.2,47,322.5,8500.0
2023-08-13 11:00:00,34.8,49,204.6,8500.0
2023-08-13 12:00:00,32.6,59,185.1,8500.0
2023-08-13 13:00:00,31.8,62,9.2,8500.0
2023-08-13 14:00:00,31.0,64,0.0,8500.0
2023-08-13 15:00:00,30.4,65,0.0,8500.0
2023-08-13 16:00:00,30.0,64,0.0,8500.0
2023-08-13 17:00:00,29.7,63,0.0,8500.0
2023-08-13 18:00:00,29.6,63,0.0,8500.0
2023-08-13 19:00:00,29.4,63,0.0,8500.0
2023-08-13 20:00:00,28.9,65,0.0,8500.0
2023-08-13 21:00:00,28.3,68,0.0,8358.820369193647
2023-08-13 22:00:00,27.7,71,0.0,7409.518777021916
2023-08-13 23:00:00,27.3,73,0.0,6593.019123325946
2023-08-14 00:00:00,26.8,75,0.0,5930.421409697179
2023-08-14 01:00:00,27.3,75,0.0,6759.250855170147
2023-08-14 02:00:00,28.1,74,16.3,8078.573562564358
2023-08-14 03:00:00,29.2,69,59.0,8500.0
2023-08-14 04:00:00,30.0,65,41.7,8500.0
2023-08-14 05:00:00,30.7,62,67.4,8500.0
2023-08-14 06:00:00,32.0,58,279.7,8500.0
2023-08-14 07:00:00,32.8,54,366.0,8500.0
2023-08-14 08:00:00,33.1,53,323.7,8500.0
2023-08-14 09:00:00,33.3,52,304.4,8500.0
2023-08-14 10:00:00,33.5,51,360.3,8500.0
2023-08-14 11:00:00,33.0,53,264.8,8500.0
2023-08-14 12:00:00,31.5,60,174.7,8500.0
2023-08-14 13:00:00,30.2,67,46.6,8500.0
2023-08-14 14:00:00,28.7,76,0.0,8500.0
2023-08-14 15:00:00,28.2,80,0.0,8500.0
2023-08-14 16:00:00,27.9,82,0.0,8356.558681104367
2023-08-14 17:00:00,27.6,83,0.0,8010.223992917863
2023-08-14 18:00:00,27.2,85,0.0,7178.352738176064
2023-08-14 19:00:00,26.8,87,0.0,6745.6445789866175
2023-08-14 20:00:00,26.5,89,0.0,5790.983462432973
2023-08-14 21:00:00,26.3,89,0.0,5763.690046626987
2023-08-14 22:00:00,26.0,90,0.0,5172.525997242159
2023-08-14 23:00:00,25.8,91,0.0,5056.494797791147
2023-08-15 00:00:00,26.2,94,0.0,5278.960281366764
2023-08-15 01:00:00,26.9,91,11.3,5906.124992140335
2023-08-15 02:00:00,27.4,87,37.0,6737.968756730517
2023-08-15 03:00:00,28.8,76,129.4,8500.0
2023-08-15 04:00:00,30.9,67,455.1,8500.0
2023-08-15 05:00:00,32.2,61,497.6,8500.0
2023-08-15 06:00:00,33.2,58,582.1,8500.0
2023-08-15 07:00:00,34.0,55,622.6,8500.0
2023-08-15 08:00:00,34.3,54,599.2,8500.0
2023-08-15 09:00:00,34.6,52,546.4,8500.0
2023-08-15 10:00:00,34.7,52,527.9,8500.0
2023-08-15 11:00:00,34.7,52,468.8,8500.0
2023-08-15 12:00:00,32.2,59,368.0,8500.0
2023-08-15 13:00:00,31.3,67,104.2,8500.0
2023-08-15 14:00:00,30.0,73,13.9,8500.0
2023-08-15 15:00:00,29.6,78,0.0,8500.0
2023-08-15 16:00:00,28.7,82,0.0,8500.0
2023-08-15 17:00:00,28.1,87,0.0,8500.0
2023-08-15 18:00:00,27.6,87,0.0,7790.625793749957
2023-08-15 19:00:00,27.3,87,0.0,7366.018931994528
2023-08-15 20:00:00,27.0,87,0.0,6797.6183637727045
2023-08-15 21:00:00,26.9,85,0.0,6255.602468415759
2023-08-15 22:00:00,26.8,84,0.0,6145.971256526616
2023-08-15 23:00:00,26.8,83,0.0,5909.789858371701
2023-08-16 00:00:00,25.6,89,0.0,4631.743278752124
2023-08-16 01:00:00,26.5,89,22.8,5785.954259819568
2023-08-16 02:00:00,28.0,83,182.2,7910.692306288363
2023-08-16 03:00:00,30.0,72,345.3,8500.0
2023-08-16 04:00:00,32.0,63,504.1,8500.0
2023-08-16 05:00:00,33.7,55,599.8,8500.0
2023-08-16 06:00:00,34.4,52,571.8,8500.0
2023-08-16 07:00:00,35.2,51,594.3,8500.0
2023-08-16 08:00:00,35.7,49,622.1,8500.0
2023-08-16 09:00:00,36.0,48,581.1,8500.0
2023-08-16 10:00:00,35.9,47,540.9,8500.0
2023-08-16 11:00:00,35.4,47,457.7,8500.0
2023-08-16 12:00:00,34.4,50,365.8,8500.0
2023-08-16 13:00:00,33.2,55,173.0,8500.0
2023-08-16 14:00:00,31.8,60,14.2,8500.0
2023-08-16 15:00:00,30.3,72,0.0,8500.0
2023-08-16 16:00:00,30.0,69,0.0,8500.0
2023-08-16 17:00:00,29.8,68,0.0,8500.0
2023-08-16 18:00:00,29.2,70,0.0,8500.0
2023-08-16 19:00:00,29.0,71,0.0,8500.0
2023-08-16 20:00:00,28.6,72,0.0,8500.0
2023-08-16 21:00:00,28.1,73,0.0,8005.084062580787
2023-08-16 22:00:00,27.8,73,0.0,7452.679204462566
2023-08-16 23:00:00,27.8,71,0.0,7394.862667877905
2023-08-17 00:00:00,28.6,68,0.0,8500.0
2023-08-17 01:00:00,29.0,67,11.5,8500.0
2023-08-17 02:00:00,29.9,64,154.3,8500.0
2023-08-17 03:00:00,31.3,58,368.4,8500.0
2023-08-17 04:00:00,33.0,54,540.8,8500.0
2023-08-17 05:00:00,34.3,49,625.8,8500.0
2023-08-17 06:00:00,35.1,46,627.9,8500.0
2023-08-17 07:00:00,35.7,44,664.0,8500.0
2023-08-17 08:00:00,36.0,42,633.6,8500.0
2023-08-17 09:00:00,36.0,42,603.6,8500.0
2023-08-17 10:00:00,36.0,42,579.7,8500.0
2023-08-17 11:00:00,35.6,43,462.9,8500.0
2023-08-17 12:00:00,34.6,50,339.8,8500.0
2023-08-17 13:00:00,33.6,54,131.9,8500.0
2023-08-17 14:00:00,32.3,58,0.0,8500.0
2023-08-17 15:00:00,31.6,60,0.0,8500.0
2023-08-17 16:00:00,30.8,65,0.0,8500.0
2023-08-17 17:00:00,30.3,66,0.0,8500.0
2023-08-17 18:00:00,30.1,66,0.0,8500.0
2023-08-17 19:00:00,29.8,67,0.0,8500.0
2023-08-17 20:00:00,29.3,68,0.0,8500.0
2023-08-17 21:00:00,29.1,67,0.0,8500.0
2023-08-17 22:00:00,29.2,63,0.0,8500.0
2023-08-17 23:00:00,28.6,65,0.0,8487.293092060701
2023-08-18 00:00:00,28.3,65,0.0,8164.596916699758
2023-08-18 01:00:00,28.4,66,11.6,8396.535069090785
2023-08-18 02:00:00,29.3,64,209.9,8500.0
2023-08-18 03:00:00,30.9,60,405.0,8500.0
2023-08-18 04:00:00,32.6,55,485.9,8500.0
2023-08-18 05:00:00,34.0,51,607.9,8500.0
2023-08-18 06:00:00,35.1,48,668.6,8500.0
2023-08-18 07:00:00,35.9,45,665.0,8500.0
2023-08-18 08:00:00,35.8,44,540.1,8500.0
2023-08-18 09:00:00,36.0,44,550.9,8500.0
2023-08-18 10:00:00,36.1,44,550.4,8500.0
2023-08-18 11:00:00,35.8,45,433.9,8500.0
2023-08-18 12:00:00,34.7,50,160.3,8500.0
2023-08-18 13:00:00,33.3,61,94.3,8500.0
2023-08-18 14:00:00,31.5,70,0.0,8500.0
2023-08-18 15:00:00,30.1,75,0.0,8500.0
2023-08-18 16:00:00,29.6,77,0.0,8500.0
2023-08-18 17:00:00,29.2,79,0.0,8500.0
2023-08-18 18:00:00,28.9,80,0.0,8500.0
2023-08-18 19:00:00,28.5,83,0.0,8500.0
2023-08-18 20:00:00,28.2,84,0.0,7945.846968505077
2023-08-18 21:00:00,28.0,86,0.0,8053.966302904118
2023-08-18 22:00:00,27.8,87,0.0,7443.245704947532
2023-08-18 23:00:00,27.6,89,0.0,7022.783693816165
2023-08-19 00:00:00,27.9,87,0.0,7485.885980201816
2023-08-19 01:00:00,27.2,87,11.8,6008.350866624167
2023-08-19 02:00:00,26.2,91,97.2,5508.220525318739
2023-08-19 03:00:00,26.9,89,91.0,6587.21784711542
2023-08-19 04:00:00,28.7,84,296.5,8500.0
2023-08-19 05:00:00,31.1,75,423.9,8500.0
2023-08-19 06:00:00,32.0,73,291.6,8500.0
2023-08-19 07:00:00,33.0,65,302.6,8500.0
2023-08-19 08:00:00,32.7,66,386.3,8500.0
2023-08-19 09:00:00,33.8,61,598.4,8500.0
2023-08-19 10:00:00,34.1,59,558.6,8500.0
2023-08-19 11:00:00,33.7,60,475.1,8500.0
2023-08-19 12:00:00,33.9,55,332.7,8500.0
2023-08-19 13:00:00,32.9,61,166.6,8500.0
2023-08-19 14:00:00,31.8,67,0.0,8500.0
2023-08-19 15:00:00,31.1,70,0.0,8500.0
2023-08-19 16:00:00,30.6,73,0.0,8500.0
2023-08-19 17:00:00,30.3,74,0.0,8500.0
2023-08-19 18:00:00,30.0,76,0.0,8500.0
2023-08-19 19:00:00,29.6,78,0.0,8500.0
2023-08-19 20:00:00,29.2,80,0.0,8500.0
2023-08-19 21:00:00,28.7,81,0.0,8500.0
2023-08-19 22:00:00,28.4,82,0.0,8366.131125127593
2023-08-19 23:00:00,28.2,83,0.0,8010.435060052302
2023-08-20 00:00:00,27.8,91,0.0,7228.037402241951
2023-08-20 01:00:00,28.3,91,11.9,8105.501577568648
2023-08-20 02:00:00,29.6,85,195.8,8500.0
2023-08-20 03:00:00,31.1,76,398.7,8500.0
2023-08-20 04:00:00,32.8,66,534.7,8500.0
2023-08-20 05:00:00,33.9,58,560.7,8500.0
2023-08-20 06:00:00,34.9,53,646.2,8500.0
2023-08-20 07:00:00,35.3,51,598.9,8500.0
2023-08-20 08:00:00,35.5,51,616.9,8500.0
2023-08-20 09:00:00,35.8,50,603.1,8500.0
2023-08-20 10:00:00,35.8,50,582.4,8500.0
2023-08-20 11:00:00,35.5,50,498.6,8500.0
2023-08-20 12:00:00,34.4,54,376.5,8500.0
2023-08-20 13:00:00,33.5,59,169.5,8500.0
2023-08-20 14:00:00,32.4,64,0.0,8500.0
2023-08-20 15:00:00,31.8,67,0.0,8500.0
2023-08-20 16:00:00,31.2,71,0.0,8500.0
2023-08-20 17:00:00,30.5,75,0.0,8500.0
2023-08-20 18:00:00,29.9,78,0.0,8500.0
2023-08-20 19:00:00,29.3,81,0.0,8500.0
2023-08-20 20:00:00,28.9,83,0.0,8500.0
2023-08-20 21:00:00,28.6,85,0.0,8500.0
2023-08-20 22:00:00,28.3,87,0.0,7945.1096485413545
2023-08-20 23:00:00,28.0,88,0.0,7525.142943210312
2023-08-21 00:00:00,28.6,86,0.0,8500.0
2023-08-21 01:00:00,29.0,85,12.0,8500.0
2023-08-21 02:00:00,30.3,79,201.5,8500.0
2023-08-21 03:00:00,32.0,71,400.0,8500.0
2023-08-21 04:00:00,33.4,65,510.8,8500.0
2023-08-21 05:00:00,34.3,59,565.4,8500.0
2023-08-21 06:00:00,34.7,57,582.7,8500.0
2023-08-21 07:00:00,34.5,58,506.4,8500.0
2023-08-21 08:00:00,35.1,57,481.8,8500.0
2023-08-21 09:00:00,35.8,56,527.5,8500.0
2023-08-21 10:00:00,36.3,53,483.8,8500.0
2023-08-21 11:00:00,36.1,52,410.0,8500.0
2023-08-21 12:00:00,36.2,49,310.9,8500.0
2023-08-21 13:00:00,34.3,57,99.4,8500.0
2023-08-21 14:00:00,31.7,71,0.0,8500.0
2023-08-21 15:00:00,31.0,73,0.0,8500.0
2023-08-21 16:00:00,30.9,73,0.0,8500.0
2023-08-21 17:00:00,30.3,74,0.0,8500.0
2023-08-21 18:00:00,30.2,74,0.0,8500.0
2023-08-21 19:00:00,29.9,75,0.0,8500.0
2023-08-21 20:00:00,29.5,77,0.0,8500.0
2023-08-21 21:00:00,29.4,77,0.0,8500.0
2023-08-21 22:00:00,27.5,92,0.0,6845.720420548386
2023-08-21 23:00:00,27.4,91,0.0,6784.735992064623
2023-08-22 00:00:00,29.1,86,0.0,8500.0
2023-08-22 01:00:00,28.8,90,0.0,8500.0
2023-08-22 02:00:00,29.3,89,0.0,8500.0
2023-08-22 03:00:00,30.2,83,2.2,8500.0
2023-08-22 04:00:00,31.6,77,185.3,8500.0
2023-08-22 05:00:00,32.9,72,206.1,8500.0
2023-08-22 06:00:00,34.0,68,261.7,8500.0
2023-08-22 07:00:00,34.7,65,202.0,8500.0
2023-08-22 08:00:00,35.4,62,204.3,8500.0
2023-08-22 09:00:00,35.1,62,289.4,8500.0
2023-08-22 10:00:00,34.8,65,291.7,8500.0
2023-08-22 11:00:00,32.0,75,250.8,8500.0
2023-08-22 12:00:00,29.1,83,106.1,8500.0
2023-08-22 13:00:00,29.7,82,0.0,8500.0
2023-08-22 14:00:00,28.5,85,0.0,8500.0
2023-08-22 15:00:00,28.1,84,0.0,8500.0
2023-08-22 16:00:00,28.3,84,0.0,8500.0
2023-08-22 17:00:00,27.9,89,0.0,8500.0
2023-08-22 18:00:00,27.6,89,0.0,7905.018766070847
2023-08-22 19:00:00,26.6,95,0.0,6475.859642081556
2023-08-22 20:00:00,26.8,95,0.0,6301.789709978719
2023-08-22 21:00:00,26.7,95,0.0,6073.124435638242
2023-08-22 22:00:00,26.7,95,0.0,6193.1650668072825
2023-08-22 23:00:00,26.8,93,0.0,5897.644377402653
2023-08-23 00:00:00,28.0,86,0.0,7667.203026518529
2023-08-23 01:00:00,28.0,84,0.0,7491.957554407292
2023-08-23 02:00:00,28.0,83,0.0,7410.464508495891
2023-08-23 03:00:00,28.0,87,0.0,7937.67486640498
2023-08-23 04:00:00,28.0,88,1.6,8081.574288557073
2023-08-23 05:00:00,28.6,87,0.0,8500.0
2023-08-23 06:00:00,29.1,87,3.3,8500.0
2023-08-23 07:00:00,29.9,81,28.5,8500.0
2023-08-23 08:00:00,29.6,82,10.6,8500.0
2023-08-23 09:00:00,29.2,84,8.0,8500.0
2023-08-23 10:00:00,28.3,90,1.3,8500.0
2023-08-23 11:00:00,28.1,92,0.0,8500.0
2023-08-23 12:00:00,28.0,86,0.0,8500.0
2023-08-23 13:00:00,27.9,87,10.9,8500.0
2023-08-23 14:00:00,27.4,92,0.0,8111.4243311768505
2023-08-23 15:00:00,26.8,96,0.0,7484.143900117957
2023-08-23 16:00:00,26.7,98,0.0,6890.253525068606
2023-08-23 17:00:00,26.1,97,0.0,6557.1304903708215
2023-08-23 18:00:00,25.6,97,0.0,5355.824293537993
2023-08-23 19:00:00,25.2,97,0.0,4727.8679560904275
2023-08-23 20:00:00,24.9,97,0.0,4560.808017174172
2023-08-23 21:00:00,24.8,97,0.0,4266.043088837536
2023-08-23 22:00:00,24.9,98,0.0,3946.779799396542
2023-08-23 23:00:00,25.0,98,0.0,3892.0346860163254
2023-08-24 00:00:00,26.7,78,0.0,5518.314833116662
2023-08-24 01:00:00,26.8,77,0.0,6012.182281900083
2023-08-24 02:00:00,27.6,76,78.9,7378.483434416933
2023-08-24 03:00:00,28.8,71,340.8,8500.0
2023-08-24 04:00:00,30.1,67,578.7,8500.0
2023-08-24 05:00:00,31.1,64,645.7,8500.0
2023-08-24 06:00:00,32.2,59,527.4,8500.0
2023-08-24 07:00:00,32.6,58,355.8,8500.0
2023-08-24 08:00:00,32.9,57,384.8,8500.0
2023-08-24 09:00:00,33.1,55,416.3,8500.0
2023-08-24 10:00:00,33.3,55,412.3,8500.0
2023-08-24 11:00:00,32.7,56,340.5,8500.0
2023-08-24 12:00:00,31.4,62,238.2,8500.0
2023-08-24 13:00:00,30.3,67,155.2,8500.0
2023-08-24 14:00:00,29.2,72,0.0,8500.0
2023-08-24 15:00:00,28.4,75,0.0,8500.0
2023-08-24 16:00:00,28.2,73,0.0,8500.0
2023-08-24 17:00:00,28.1,69,0.0,8500.0
2023-08-24 18:00:00,27.6,69,0.0,7913.482657373808
2023-08-24 19:00:00,27.3,69,0.0,7403.605020436504
2023-08-24 20:00:00,26.7,71,0.0,6060.205659870182
2023-08-24 21:00:00,26.2,73,0.0,5508.099917016257
2023-08-24 22:00:00,25.9,74,0.0,4919.4064361358505
2023-08-24 23:00:00,25.7,76,0.0,4736.869540287338
2023-08-25 00:00:00,26.8,74,0.0,5899.374154777952
2023-08-25 01:00:00,27.2,73,12.5,6633.3592937520625
2023-08-25 02:00:00,28.2,71,225.1,8061.680201494324
2023-08-25 03:00:00,29.5,65,430.2,8500.0
2023-08-25 04:00:00,30.5,62,537.3,8500.0
2023-08-25 05:00:00,31.5,60,575.7,8500.0
2023-08-25 06:00:00,32.8,55,545.0,8500.0
2023-08-25 07:00:00,33.4,54,473.9,8500.0
2023-08-25 08:00:00,33.4,54,259.9,8500.0
2023-08-25 09:00:00,33.6,53,210.4,8500.0
2023-08-25 10:00:00,33.9,51,355.5,8500.0
2023-08-25 11:00:00,33.6,53,256.2,8500.0
2023-08-25 12:00:00,32.9,57,212.4,8500.0
2023-08-25 13:00:00,31.6,61,107.5,8500.0
2023-08-25 14:00:00,30.6,62,0.0,8500.0
2023-08-25 15:00:00,30.5,62,0.0,8500.0
2023-08-25 16:00:00,30.2,63,0.0,8500.0
2023-08-25 17:00:00,29.6,63,0.0,8500.0
2023-08-25 18:00:00,28.9,62,0.0,8500.0
2023-08-25 19:00:00,28.5,62,0.0,8500.0
2023-08-25 20:00:00,28.0,64,0.0,8207.755331843835
2023-08-25 21:00:00,28.0,64,0.0,7918.473010979958
2023-08-25 22:00:00,27.9,65,0.0,7644.397534834767
2023-08-25 23:00:00,27.3,68,0.0,6660.848012149509
2023-08-26 00:00:00,27.4,69,0.0,6787.813995347932
2023-08-26 01:00:00,27.8,68,12.7,7311.729154169394
2023-08-26 02:00:00,28.6,67,177.8,8500.0
2023-08-26 03:00:00,29.8,64,379.4,8500.0
2023-08-26 04:00:00,31.2,60,582.9,8500.0
2023-08-26 05:00:00,32.4,55,663.3,8500.0
2023-08-26 06:00:00,33.1,52,587.5,8500.0
2023-08-26 07:00:00,33.7,49,609.4,8500.0
2023-08-26 08:00:00,34.0,48,567.8,8500.0
2023-08-26 09:00:00,34.3,47,561.8,8500.0
2023-08-26 10:00:00,34.3,47,554.4,8500.0
2023-08-26 11:00:00,33.8,47,474.4,8500.0
2023-08-26 12:00:00,32.6,54,321.4,8500.0
2023-08-26 13:00:00,31.3,60,132.9,8500.0
2023-08-26 14:00:00,30.2,64,0.0,8500.0
2023-08-26 15:00:00,29.4,67,0.0,8500.0
2023-08-26 16:00:00,29.0,68,0.0,8500.0
2023-08-26 17:00:00,28.8,66,0.0,8500.0
2023-08-26 18:00:00,28.7,64,0.0,8500.0
2023-08-26 19:00:00,28.6,62,0.0,8500.0
2023-08-26 20:00:00,28.3,60,0.0,8500.0
2023-08-26 21:00:00,27.9,61,0.0,7810.705827499361
2023-08-26 22:00:00,27.4,62,0.0,6857.535372661913
2023-08-26 23:00:00,27.1,63,0.0,6359.484698687324
2023-08-27 00:00:00,27.3,62,0.0,6397.843137737065
2023-08-27 01:00:00,27.6,62,12.8,7216.730238578566
2023-08-27 02:00:00,28.3,62,215.0,8310.771872964637
2023-08-27 03:00:00,29.6,59,421.8,8500.0
2023-08-27 04:00:00,31.0,56,550.9,8500.0
2023-08-27 05:00:00,32.3,52,646.7,8500.0
2023-08-27 06:00:00,33.5,48,693.0,8500.0
2023-08-27 07:00:00,34.1,46,632.8,8500.0
2023-08-27 08:00:00,34.5,45,621.5,8500.0
2023-08-27 09:00:00,34.7,45,554.2,8500.0
2023-08-27 10:00:00,34.8,43,463.3,8500.0
2023-08-27 11:00:00,32.7,49,379.9,8500.0
2023-08-27 12:00:00,32.2,53,247.0,8500.0
2023-08-27 13:00:00,31.1,58,141.7,8500.0
2023-08-27 14:00:00,30.2,57,0.0,8500.0
2023-08-27 15:00:00,30.1,56,0.0,8500.0
2023-08-27 16:00:00,29.5,57,0.0,8500.0
2023-08-27 17:00:00,28.9,59,0.0,8500.0
2023-08-27 18:00:00,28.1,63,0.0,8500.0
2023-08-27 19:00:00,28.0,64,0.0,8249.143241489885
2023-08-27 20:00:00,27.7,65,0.0,7585.546617832928
2023-08-27 21:00:00,27.5,63,0.0,7292.78369735507
2023-08-27 22:00:00,27.2,62,0.0,6692.872764947837
2023-08-27 23:00:00,26.9,62,0.0,6227.862884127602
2023-08-28 00:00:00,27.6,62,0.0,6901.178924509053
2023-08-28 01:00:00,27.5,64,12.9,6953.734262688341
2023-08-28 02:00:00,28.2,65,221.1,8009.271068478272
2023-08-28 03:00:00,29.4,61,437.0,8500.0
2023-08-28 04:00:00,30.7,57,560.1,8500.0
2023-08-28 05:00:00,32.3,53,647.9,8500.0
2023-08-28 06:00:00,33.5,50,692.0,8500.0
2023-08-28 07:00:00,34.3,49,630.9,8500.0
2023-08-28 08:00:00,34.8,49,675.5,8500.0
2023-08-28 09:00:00,30.6,62,398.9,8500.0
2023-08-28 10:00:00,31.0,62,302.0,8500.0
2023-08-28 11:00:00,32.3,58,433.3,8500.0
2023-08-28 12:00:00,31.3,59,329.8,8500.0
2023-08-28 13:00:00,29.6,69,181.3,8500.0
2023-08-28 14:00:00,28.5,73,0.0,8500.0
2023-08-28 15:00:00,27.7,77,0.0,8500.0
2023-08-28 16:00:00,27.0,78,0.0,7411.391293226775
2023-08-28 17:00:00,26.5,77,0.0,6628.623784350936
2023-08-28 18:00:00,26.3,77,0.0,6309.7755604460235
2023-08-28 19:00:00,26.0,77,0.0,5775.752914251393
2023-08-28 20:00:00,25.8,76,0.0,4994.952967019515
2023-08-28 21:00:00,25.9,75,0.0,5149.5450696851385
2023-08-28 22:00:00,26.0,74,0.0,4962.153591468238
2023-08-28 23:00:00,26.0,72,0.0,4831.730996574928
2023-08-29 00:00:00,26.8,69,0.0,6023.346535188918
2023-08-29 01:00:00,27.1,69,13.1,6208.452334721746
2023-08-29 02:00:00,28.2,67,222.8,8194.222144564497
2023-08-29 03:00:00,29.8,62,401.7,8500.0
2023-08-29 04:00:00,31.2,59,553.5,8500.0
2023-08-29 05:00:00,32.6,56,646.6,8500.0
2023-08-29 06:00:00,33.8,51,683.1,8500.0
2023-08-29 07:00:00,34.6,47,639.6,8500.0
2023-08-29 08:00:00,34.9,45,616.9,8500.0
2023-08-29 09:00:00,35.0,45,551.6,8500.0
2023-08-29 10:00:00,34.9,45,521.8,8500.0
2023-08-29 11:00:00,34.8,45,496.1,8500.0
2023-08-29 12:00:00,33.9,47,361.8,8500.0
2023-08-29 13:00:00,32.5,50,142.4,8500.0
2023-08-29 14:00:00,31.8,49,0.0,8500.0
2023-08-29 15:00:00,31.0,49,0.0,8500.0
2023-08-29 16:00:00,29.8,56,0.0,8500.0
2023-08-29 17:00:00,28.7,63,0.0,8500.0
2023-08-29 18:00:00,28.3,62,0.0,8500.0
2023-08-29 19:00:00,28.1,62,0.0,8498.597112257019
2023-08-29 20:00:00,27.4,65,0.0,7078.758639157151
2023-08-29 21:00:00,26.9,68,0.0,6801.329683336067
2023-08-29 22:00:00,26.7,68,0.0,5628.584847459721
2023-08-29 23:00:00,26.6,68,0.0,6050.696763533547
2023-08-30 00:00:00,27.2,69,0.0,6438.5462796082375
2023-08-30 01:00:00,27.6,69,13.2,7014.238163251947
2023-08-30 02:00:00,28.8,67,174.1,8500.0
2023-08-30 03:00:00,30.3,62,380.1,8500.0
2023-08-30 04:00:00,31.8,58,487.6,8500.0
2023-08-30 05:00:00,33.3,54,617.1,8500.0
2023-08-30 06:00:00,34.5,48,634.8,8500.0
2023-08-30 07:00:00,35.5,43,695.4,8500.0
2023-08-30 08:00:00,36.1,40,665.8,8500.0
2023-08-30 09:00:00,36.4,39,621.7,8500.0
2023-08-30 10:00:00,36.3,37,577.8,8500.0
2023-08-30 11:00:00,35.9,37,481.6,8500.0
2023-08-30 12:00:00,34.0,44,368.0,8500.0
2023-08-30 13:00:00,32.4,49,170.9,8500.0
2023-08-30 14:00:00,31.0,54,0.0,8500.0
2023-08-30 15:00:00,30.2,58,0.0,8500.0
2023-08-30 16:00:00,29.3,62,0.0,8500.0
2023-08-30 17:00:00,27.9,70,0.0,8500.0
2023-08-30 18:00:00,27.7,72,0.0,8102.341508068695
2023-08-30 19:00:00,27.3,73,0.0,7514.827384267321
2023-08-30 20:00:00,26.6,75,0.0,6347.670286911835
2023-08-30 21:00:00,26.4,75,0.0,5642.720848002271
2023-08-30 22:00:00,26.0,76,0.0,5097.843060105499
2023-08-30 23:00:00,25.7,78,0.0,4440.358437217468
2023-08-31 00:00:00,26.4,79,0.0,5572.780357977449
2023-08-31 01:00:00,27.3,76,13.4,6517.260591263843
2023-08-31 02:00:00,29.0,72,235.4,8500.0
2023-08-31 03:00:00,31.1,64,448.5,8500.0
2023-08-31 04:00:00,33.0,55,581.8,8500.0
2023-08-31 05:00:00,34.6,45,657.0,8500.0
2023-08-31 06:00:00,35.1,43,576.0,8500.0
2023-08-31 07:00:00,35.7,42,556.7,8500.0
2023-08-31 08:00:00,36.3,40,605.9,8500.0
2023-08-31 09:00:00,36.4,41,607.3,8500.0
2023-08-31 10:00:00,36.4,39,580.2,8500.0
2023-08-31 11:00:00,36.1,40,515.9,8500.0
2023-08-31 12:00:00,34.7,44,353.0,8500.0
2023-08-31 13:00:00,33.3,48,160.2,8500.0
2023-08-31 14:00:00,31.5,55,0.0,8500.0
2023-08-31 15:00:00,30.6,59,0.0,8500.0
2023-08-31 16:00:00,30.0,61,0.0,8500.0
2023-08-31 17:00:00,29.0,69,0.0,8500.0
2023-08-31 18:00:00,29.6,68,0.0,8500.0
2023-08-31 19:00:00,28.4,73,0.0,8500.0
2023-08-31 20:00:00,27.6,77,0.0,7515.924789040401
2023-08-31 21:00:00,27.5,73,0.0,7166.4856978822245
2023-08-31 22:00:00,26.9,75,0.0,6179.405483387106
2023-08-31 23:00:00,26.7,75,0.0,5943.050373627442
2023-09-01 00:00:00,27.5,74,0.0,6805.8438258232845
2023-09-01 01:00:00,28.2,72,13.5,7799.38115598866
2023-09-01 02:00:00,29.4,70,228.0,8500.0
2023-09-01 03:00:00,31.7,61,440.8,8500.0
2023-09-01 04:00:00,33.7,53,575.2,8500.0
2023-09-01 05:00:00,35.3,45,639.0,8500.0
2023-09-01 06:00:00,36.2,40,647.5,8500.0
2023-09-01 07:00:00,36.9,37,652.3,8500.0
2023-09-01 08:00:00,37.3,36,658.3,8500.0
2023-09-01 09:00:00,37.1,37,614.0,8500.0
2023-09-01 10:00:00,36.9,37,594.9,8500.0
2023-09-01 11:00:00,36.4,37,454.2,8500.0
2023-09-01 12:00:00,35.3,39,389.1,8500.0
2023-09-01 13:00:00,34.0,42,168.8,8500.0
2023-09-01 14:00:00,32.9,44,0.0,8500.0
2023-09-01 15:00:00,31.6,47,0.0,8500.0
2023-09-01 16:00:00,30.7,49,0.0,8500.0
2023-09-01 17:00:00,29.9,51,0.0,8500.0
2023-09-01 18:00:00,29.0,55,0.0,8500.0
2023-09-01 19:00:00,28.1,58,0.0,8345.703279212283
2023-09-01 20:00:00,27.7,59,0.0,7531.256623289393
2023-09-01 21:00:00,27.4,59,0.0,7002.518247632879
2023-09-01 22:00:00,27.3,58,0.0,6786.870261236582
2023-09-01 23:00:00,27.3,58,0.0,6745.911348534127
2023-09-02 00:00:00,27.7,60,0.0,7413.3300780010095
2023-09-02 01:00:00,27.9,61,13.7,7543.2972136237895
2023-09-02 02:00:00,29.2,61,234.4,8500.0
2023-09-02 03:00:00,31.4,54,447.1,8500.0
2023-09-02 04:00:00,33.5,50,583.1,8500.0
2023-09-02 05:00:00,34.9,42,662.3,8500.0
2023-09-02 06:00:00,36.0,38,706.8,8500.0
2023-09-02 07:00:00,36.7,36,725.8,8500.0
2023-09-02 08:00:00,37.1,35,723.1,8500.0
2023-09-02 09:00:00,37.2,34,699.1,8500.0
2023-09-02 10:00:00,37.1,34,650.7,8500.0
2023-09-02 11:00:00,36.8,34,548.8,8500.0
2023-09-02 12:00:00,35.2,42,366.0,8500.0
2023-09-02 13:00:00,33.9,46,151.3,8500.0
2023-09-02 14:00:00,32.5,51,0.0,8500.0
2023-09-02 15:00:00,30.8,60,0.0,8500.0
2023-09-02 16:00:00,29.9,64,0.0,8500.0
2023-09-02 17:00:00,29.3,67,0.0,8500.0
2023-09-02 18:00:00,29.1,65,0.0,8500.0
2023-09-02 19:00:00,28.3,68,0.0,8498.339251212163
2023-09-02 20:00:00,28.0,68,0.0,8091.871133906164
2023-09-02 21:00:00,27.6,69,0.0,7296.195417294174
2023-09-02 22:00:00,27.0,71,0.0,6544.406588856366
2023-09-02 23:00:00,26.4,73,0.0,5478.064728257465
2023-09-03 00:00:00,26.3,74,0.0,5624.992841502341
2023-09-03 01:00:00,26.6,74,13.8,5799.622605340588
2023-09-03 02:00:00,28.0,71,241.0,7536.643624177492
2023-09-03 03:00:00,30.2,61,455.8,8500.0
2023-09-03 04:00:00,32.1,46,591.0,8500.0
2023-09-03 05:00:00,33.5,38,671.5,8500.0
2023-09-03 06:00:00,34.9,36,716.3,8500.0
2023-09-03 07:00:00,35.7,37,730.8,8500.0
2023-09-03 08:00:00,36.3,36,724.0,8500.0
2023-09-03 09:00:00,36.6,34,698.0,8500.0
2023-09-03 10:00:00,36.7,33,648.2,8500.0
2023-09-03 11:00:00,36.5,34,555.9,8500.0
2023-09-03 12:00:00,35.3,37,400.4,8500.0
2023-09-03 13:00:00,33.8,40,160.0,8500.0
2023-09-03 14:00:00,32.4,45,0.0,8500.0
2023-09-03 15:00:00,31.2,49,0.0,8500.0
2023-09-03 16:00:00,29.6,56,0.0,8500.0
2023-09-03 17:00:00,29.4,56,0.0,8500.0
2023-09-03 18:00:00,28.6,59,0.0,8500.0
2023-09-03 19:00:00,27.7,62,0.0,7846.800036816839
2023-09-03 20:00:00,27.1,65,0.0,6726.288989217178
2023-09-03 21:00:00,26.6,67,0.0,6142.088780738382
2023-09-03 22:00:00,26.3,68,0.0,5412.837700675487
2023-09-03 23:00:00,26.0,69,0.0,5138.248824512835
2023-09-04 00:00:00,25.6,71,0.0,4828.288404639763
2023-09-04 01:00:00,26.0,70,14.0,5003.883244749895
2023-09-04 02:00:00,27.8,67,242.9,7236.676323364382
2023-09-04 03:00:00,30.1,57,457.5,8500.0
2023-09-04 04:00:00,32.3,48,592.5,8500.0
2023-09-04 05:00:00,34.1,42,671.7,8500.0
2023-09-04 06:00:00,35.5,37,716.8,8500.0
2023-09-04 07:00:00,36.5,34,737.9,8500.0
2023-09-04 08:00:00,37.2,32,735.8,8500.0
2023-09-04 09:00:00,37.3,32,712.2,8500.0
2023-09-04 10:00:00,37.1,32,656.6,8500.0
2023-09-04 11:00:00,36.7,33,563.2,8500.0
2023-09-04 12:00:00,35.2,37,402.1,8500.0
2023-09-04 13:00:00,33.8,41,162.2,8500.0
2023-09-04 14:00:00,32.6,47,0.0,8500.0
2023-09-04 15:00:00,31.5,51,0.0,8500.0
2023-09-04 16:00:00,30.9,53,0.0,8500.0
2023-09-04 17:00:00,29.9,57,0.0,8500.0
2023-09-04 18:00:00,28.8,63,0.0,8500.0
2023-09-04 19:00:00,28.0,73,0.0,8318.20938705538
2023-09-04 20:00:00,27.5,78,0.0,7511.890922377612
2023-09-04 21:00:00,27.2,81,0.0,6599.74604825934
2023-09-04 22:00:00,26.9,82,0.0,6250.5539587419435
2023-09-04 23:00:00,26.5,84,0.0,5814.96055191532
2023-09-05 00:00:00,26.7,86,0.0,5856.6468330935395
2023-09-05 01:00:00,27.7,81,14.2,7198.286871655838
2023-09-05 02:00:00,29.0,76,225.7,8500.0
2023-09-05 03:00:00,30.7,70,431.0,8500.0
2023-09-05 04:00:00,32.4,65,561.7,8500.0
2023-09-05 05:00:00,33.7,62,622.6,8500.0
2023-09-05 06:00:00,34.4,58,636.0,8500.0
2023-09-05 07:00:00,35.5,50,587.0,8500.0
2023-09-05 08:00:00,35.8,49,369.0,8500.0
2023-09-05 09:00:00,36.2,47,409.4,8500.0
2023-09-05 10:00:00,33.1,55,363.7,8500.0
2023-09-05 11:00:00,29.3,73,136.8,8500.0
2023-09-05 12:00:00,34.1,48,163.8,8500.0
2023-09-05 13:00:00,32.7,54,150.9,8500.0
2023-09-05 14:00:00,31.4,59,0.0,8500.0
2023-09-05 15:00:00,30.5,64,0.0,8500.0
2023-09-05 16:00:00,29.8,67,0.0,8500.0
2023-09-05 17:00:00,29.4,69,0.0,8500.0
2023-09-05 18:00:00,28.9,73,0.0,8500.0
2023-09-05 19:00:00,28.1,81,0.0,8401.537069373497
2023-09-05 20:00:00,27.7,82,0.0,7776.301557374305
2023-09-05 21:00:00,27.2,83,0.0,6447.460681334476
2023-09-05 22:00:00,27.1,83,0.0,6398.321993114139
2023-09-05 23:00:00,26.7,86,0.0,5819.51073735475
2023-09-06 00:00:00,24.3,96,0.0,3368.853788301084
2023-09-06 01:00:00,25.7,91,0.0,4965.25675960056
2023-09-06 02:00:00,26.1,91,121.0,5241.154780342988
2023-09-06 03:00:00,28.1,81,409.0,8274.266230949686
2023-09-06 04:00:00,30.7,67,572.9,8500.0
2023-09-06 05:00:00,33.0,55,650.1,8500.0
2023-09-06 06:00:00,34.5,47,692.5,8500.0
2023-09-06 07:00:00,35.5,43,699.3,8500.0
2023-09-06 08:00:00,36.2,42,690.7,8500.0
2023-09-06 09:00:00,36.2,43,636.6,8500.0
2023-09-06 10:00:00,35.2,44,585.0,8500.0
2023-09-06 11:00:00,34.9,44,496.6,8500.0
2023-09-06 12:00:00,35.4,40,337.2,8500.0
2023-09-06 13:00:00,34.9,42,125.2,8500.0
2023-09-06 14:00:00,32.9,49,0.0,8500.0
2023-09-06 15:00:00,32.0,54,0.0,8500.0
2023-09-06 16:00:00,30.9,61,0.0,8500.0
2023-09-06 17:00:00,30.1,65,0.0,8500.0
2023-09-06 18:00:00,29.5,68,0.0,8500.0
2023-09-06 19:00:00,29.0,69,0.0,8500.0
2023-09-06 20:00:00,28.6,71,0.0,8500.0
2023-09-06 21:00:00,28.2,73,0.0,8071.301305172061
2023-09-06 22:00:00,27.7,75,0.0,7154.4846851297625
2023-09-06 23:00:00,27.2,79,0.0,6734.09511985936
2023-09-07 00:00:00,27.0,78,0.0,6163.428609757129
2023-09-07 01:00:00,28.2,72,14.5,8100.894740774525
2023-09-07 02:00:00,30.2,65,205.0,8500.0
2023-09-07 03:00:00,32.6,54,424.8,8500.0
2023-09-07 04:00:00,34.3,48,563.1,8500.0
2023-09-07 05:00:00,35.4,44,622.9,8500.0
2023-09-07 06:00:00,36.4,40,656.3,8500.0
2023-09-07 07:00:00,37.4,36,689.1,8500.0
2023-09-07 08:00:00,38.0,34,664.1,8500.0
2023-09-07 09:00:00,38.4,32,615.1,8500.0
2023-09-07 10:00:00,37.8,32,421.7,8500.0
2023-09-07 11:00:00,37.1,34,281.1,8500.0
2023-09-07 12:00:00,31.1,66,280.5,8500.0
2023-09-07 13:00:00,31.6,62,127.1,8500.0
2023-09-07 14:00:00,30.7,68,0.0,8500.0
2023-09-07 15:00:00,30.0,75,0.0,8500.0
2023-09-07 16:00:00,29.9,76,0.0,8500.0
2023-09-07 17:00:00,29.7,74,0.0,8500.0
2023-09-07 18:00:00,29.4,71,0.0,8500.0
2023-09-07 19:00:00,29.0,70,0.0,8500.0
2023-09-07 20:00:00,28.8,71,0.0,8500.0
2023-09-07 21:00:00,28.3,75,0.0,8437.620304184733
2023-09-07 22:00:00,28.0,78,0.0,7755.3174093428715
2023-09-07 23:00:00,28.1,78,0.0,7700.595879732642
2023-09-08 00:00:00,25.5,89,0.0,4458.369349805829
2023-09-08 01:00:00,26.4,86,0.0,5400.380974535041
2023-09-08 02:00:00,27.6,83,142.8,7221.842554486763
2023-09-08 03:00:00,29.6,71,400.3,8500.0
2023-09-08 04:00:00,31.8,60,566.3,8500.0
2023-09-08 05:00:00,33.6,51,634.9,8500.0
2023-09-08 06:00:00,34.7,46,687.8,8500.0
2023-09-08 07:00:00,35.4,44,696.4,8500.0
2023-09-08 08:00:00,36.1,42,667.3,8500.0
2023-09-08 09:00:00,36.6,41,633.0,8500.0
2023-09-08 10:00:00,32.6,56,516.4,8500.0
2023-09-08 11:00:00,33.2,54,340.0,8500.0
2023-09-08 12:00:00,31.4,60,295.6,8500.0
2023-09-08 13:00:00,29.9,69,100.4,8500.0
2023-09-08 14:00:00,29.4,74,0.0,8500.0
2023-09-08 15:00:00,28.4,76,0.0,8500.0
2023-09-08 16:00:00,27.9,81,0.0,8500.0
2023-09-08 17:00:00,27.5,84,0.0,8068.325181113486
2023-09-08 18:00:00,26.9,88,0.0,6989.263558818206
2023-09-08 19:00:00,26.8,89,0.0,6590.428702325023
2023-09-08 20:00:00,26.8,90,0.0,6328.61437911569
2023-09-08 21:00:00,26.6,91,0.0,5835.8475017220535
2023-09-08 22:00:00,26.5,91,0.0,5828.243836973089
2023-09-08 23:00:00,26.4,91,0.0,5667.083798707478
2023-09-09 00:00:00,25.4,91,0.0,4886.812887238914
2023-09-09 01:00:00,25.9,92,0.0,4947.51375251256
2023-09-09 02:00:00,26.7,88,84.4,5807.391390407178
2023-09-09 03:00:00,27.4,85,179.4,7034.952222390798
2023-09-09 04:00:00,27.7,82,60.7,7591.760113433296
2023-09-09 05:00:00,28.8,76,115.5,8500.0
2023-09-09 06:00:00,29.9,71,187.1,8500.0
2023-09-09 07:00:00,32.0,60,389.6,8500.0
2023-09-09 08:00:00,32.4,57,483.2,8500.0
2023-09-09 09:00:00,32.1,57,500.9,8500.0
2023-09-09 10:00:00,31.0,60,447.1,8500.0
2023-09-09 11:00:00,30.9,62,436.9,8500.0
2023-09-09 12:00:00,26.9,85,234.1,7768.783427538472
2023-09-09 13:00:00,26.6,84,0.0,7324.185494352674
2023-09-09 14:00:00,26.3,85,0.0,6985.945096318539
2023-09-09 15:00:00,26.5,81,0.0,7067.103319059348
2023-09-09 16:00:00,26.2,82,0.0,6370.392665123988
2023-09-09 17:00:00,25.9,82,0.0,5887.456907924211
2023-09-09 18:00:00,25.7,86,0.0,5383.931923788049
2023-09-09 19:00:00,25.4,90,0.0,4792.21566933817
2023-09-09 20:00:00,24.9,95,0.0,4359.211667272436
2023-09-09 21:00:00,24.7,94,0.0,3858.90611770521
2023-09-09 22:00:00,24.8,95,0.0,3859.518769422048
2023-09-09 23:00:00,25.0,94,0.0,3718.8811988124435
2023-09-10 00:00:00,24.2,97,0.0,3613.405537814877
2023-09-10 01:00:00,24.2,96,0.0,3297.0240136685716
2023-09-10 02:00:00,24.4,95,0.0,3760.2053036894204
2023-09-10 03:00:00,24.9,93,0.0,4203.65495402505
2023-09-10 04:00:00,25.4,90,42.8,5126.243363489632
2023-09-10 05:00:00,27.2,82,89.5,7276.776950156031
2023-09-10 06:00:00,28.2,78,152.8,8500.0
2023-09-10 07:00:00,28.8,78,232.7,8500.0
2023-09-10 08:00:00,30.0,72,261.3,8500.0
2023-09-10 09:00:00,26.4,88,177.3,6840.4914216642865
2023-09-10 10:00:00,27.6,84,185.7,8500.0
2023-09-10 11:00:00,28.4,79,257.4,8500.0
2023-09-10 12:00:00,27.7,81,165.1,8500.0
2023-09-10 13:00:00,26.9,85,81.4,7589.556909844301
2023-09-10 14:00:00,26.3,89,0.0,6686.083378602187
2023-09-10 15:00:00,25.8,91,0.0,6051.974489463633
2023-09-10 16:00:00,25.4,94,0.0,5705.679294534438
2023-09-10 17:00:00,25.0,96,0.0,4719.3731473195985
2023-09-10 18:00:00,24.8,97,0.0,4695.1093531835
2023-09-10 19:00:00,24.6,97,0.0,4522.9114764150645
2023-09-10 20:00:00,24.6,97,0.0,4271.133203734084
2023-09-10 21:00:00,24.6,96,0.0,4019.210623476914
2023-09-10 22:00:00,24.4,97,0.0,3505.611832298216
2023-09-10 23:00:00,24.3,98,0.0,3650.5490331088163
2023-09-11 00:00:00,23.9,93,0.0,3128.051323401646
2023-09-11 01:00:00,24.2,92,0.0,3502.4655293669957
2023-09-11 02:00:00,25.1,89,141.5,4425.448747348292
2023-09-11 03:00:00,26.5,83,373.9,5830.1319361519445
2023-09-11 04:00:00,28.6,74,477.2,8500.0
2023-09-11 05:00:00,29.6,72,529.0,8500.0
2023-09-11 06:00:00,30.5,70,629.2,8500.0
2023-09-11 07:00:00,31.6,63,598.7,8500.0
2023-09-11 08:00:00,32.1,60,638.0,8500.0
2023-09-11 09:00:00,30.7,68,599.3,8500.0
2023-09-11 10:00:00,30.5,71,448.9,8500.0
2023-09-11 11:00:00,30.7,68,488.5,8500.0
2023-09-11 12:00:00,30.4,69,273.6,8500.0
2023-09-11 13:00:00,29.5,70,112.9,8500.0
2023-09-11 14:00:00,28.5,75,0.0,8500.0
2023-09-11 15:00:00,27.8,77,0.0,8500.0
2023-09-11 16:00:00,26.8,82,0.0,7130.834273510083
2023-09-11 17:00:00,26.2,87,0.0,6174.915917745104
2023-09-11 18:00:00,25.9,90,0.0,5584.901315395753
2023-09-11 19:00:00,25.6,91,0.0,5047.842962888013
2023-09-11 20:00:00,25.2,93,0.0,4455.683424938244
2023-09-11 21:00:00,24.9,95,0.0,4133.620100309968
2023-09-11 22:00:00,24.6,97,0.0,3910.968355991769
2023-09-11 23:00:00,24.4,98,0.0,3654.8230120578137
2023-09-12 00:00:00,25.1,98,0.0,4004.650868167943
2023-09-12 01:00:00,25.8,94,0.0,4907.429122098784
2023-09-12 02:00:00,26.9,89,209.0,6411.097723680581
2023-09-12 03:00:00,28.5,81,433.7,8500.0
2023-09-12 04:00:00,30.2,71,558.2,8500.0
2023-09-12 05:00:00,31.6,62,649.5,8500.0
2023-09-12 06:00:00,32.3,58,632.1,8500.0
2023-09-12 07:00:00,32.7,56,565.1,8500.0
2023-09-12 08:00:00,33.1,55,584.1,8500.0
2023-09-12 09:00:00,33.4,55,621.1,8500.0
2023-09-12 10:00:00,33.4,55,574.5,8500.0
2023-09-12 11:00:00,33.2,55,490.4,8500.0
2023-09-12 12:00:00,29.9,76,332.6,8500.0
2023-09-12 13:00:00,29.1,79,61.2,8500.0
2023-09-12 14:00:00,28.5,83,0.0,8500.0
2023-09-12 15:00:00,28.0,86,0.0,8500.0
2023-09-12 16:00:00,27.7,87,0.0,8381.233401867727
2023-09-12 17:00:00,27.6,87,0.0,8264.123478561194
2023-09-12 18:00:00,27.6,85,0.0,7865.2364152077225
2023-09-12 19:00:00,27.3,85,0.0,7237.354736791787
2023-09-12 20:00:00,27.0,85,0.0,6491.227448844242
2023-09-12 21:00:00,26.6,87,0.0,5984.838259793945
2023-09-12 22:00:00,26.5,87,0.0,5543.881127611055
2023-09-12 23:00:00,26.4,88,0.0,5455.372076529523
2023-09-13 00:00:00,26.9,93,0.0,6188.684672887357
2023-09-13 01:00:00,27.6,90,0.0,6971.432035676749
2023-09-13 02:00:00,28.4,88,133.8,8440.103576059697
2023-09-13 03:00:00,29.5,83,345.5,8500.0
2023-09-13 04:00:00,30.6,79,493.5,8500.0
2023-09-13 05:00:00,31.8,72,598.3,8500.0
2023-09-13 06:00:00,32.4,69,543.9,8500.0
2023-09-13 07:00:00,32.9,66,561.2,8500.0
2023-09-13 08:00:00,33.4,63,604.1,8500.0
2023-09-13 09:00:00,33.7,61,549.2,8500.0
2023-09-13 10:00:00,33.6,60,453.7,8500.0
2023-09-13 11:00:00,33.4,60,482.7,8500.0
2023-09-13 12:00:00,33.7,63,312.1,8500.0
2023-09-13 13:00:00,32.1,72,93.3,8500.0
2023-09-13 14:00:00,28.4,86,0.0,8500.0
2023-09-13 15:00:00,27.7,89,0.0,8500.0
2023-09-13 16:00:00,27.7,92,0.0,8350.111941476964
2023-09-13 17:00:00,27.6,92,0.0,7726.004119343535
2023-09-13 18:00:00,27.7,93,0.0,7962.624089781696
2023-09-13 19:00:00,27.5,92,0.0,7140.645228082681
2023-09-13 20:00:00,27.3,93,0.0,6969.04358000329
2023-09-13 21:00:00,27.0,94,0.0,6637.855544525153
2023-09-13 22:00:00,27.1,93,0.0,6624.265482423272
2023-09-13 23:00:00,27.1,92,0.0,6497.836115829787
2023-09-14 00:00:00,26.9,89,0.0,6171.731147027522
2023-09-14 01:00:00,27.1,89,0.0,6404.473420745629
2023-09-14 02:00:00,28.1,86,98.7,7900.341802861158
2023-09-14 03:00:00,29.1,81,322.6,8500.0
2023-09-14 04:00:00,30.9,74,536.8,8500.0
2023-09-14 05:00:00,32.3,69,645.2,8500.0
2023-09-14 06:00:00,33.1,66,595.8,8500.0
2023-09-14 07:00:00,33.7,63,503.0,8500.0
2023-09-14 08:00:00,34.1,59,422.5,8500.0
2023-09-14 09:00:00,33.2,61,259.8,8500.0
2023-09-14 10:00:00,32.7,64,224.4,8500.0
2023-09-14 11:00:00,30.4,78,163.4,8500.0
2023-09-14 12:00:00,29.7,79,44.3,8500.0
2023-09-14 13:00:00,27.4,90,15.8,8349.20607384817
2023-09-14 14:00:00,27.4,91,0.0,8153.5137153385085
2023-09-14 15:00:00,27.5,91,0.0,8293.314402940532
2023-09-14 16:00:00,27.2,91,0.0,7887.989834264545
2023-09-14 17:00:00,27.0,86,0.0,7642.097371807583
2023-09-14 18:00:00,26.7,88,0.0,6754.220285477572
2023-09-14 19:00:00,26.5,90,0.0,6126.037054061121
2023-09-14 20:00:00,26.2,92,0.0,5497.308793812775
2023-09-14 21:00:00,26.0,94,0.0,5124.6488701037
2023-09-14 22:00:00,25.6,96,0.0,4827.1707397368145
2023-09-14 23:00:00,25.5,97,0.0,4529.544809518218
2023-09-15 00:00:00,26.3,97,0.0,5382.328949247657
2023-09-15 01:00:00,26.6,96,0.0,5834.828136631959
2023-09-15 02:00:00,26.6,95,0.0,5879.236309109815
2023-09-15 03:00:00,26.5,96,0.0,5994.5750282422705
2023-09-15 04:00:00,27.2,94,11.7,6481.495679438858
2023-09-15 05:00:00,27.4,91,73.4,7456.076786138404
2023-09-15 06:00:00,28.4,86,137.3,8500.0
2023-09-15 07:00:00,29.7,81,90.2,8500.0
2023-09-15 08:00:00,31.0,76,199.0,8500.0
2023-09-15 09:00:00,31.6,73,215.4,8500.0
2023-09-15 10:00:00,32.0,70,493.5,8500.0
2023-09-15 11:00:00,31.9,70,406.9,8500.0
2023-09-15 12:00:00,31.4,74,298.2,8500.0
2023-09-15 13:00:00,29.8,81,40.3,8500.0
2023-09-15 14:00:00,28.9,86,0.0,8500.0
2023-09-15 15:00:00,28.2,90,0.0,8500.0
2023-09-15 16:00:00,27.8,90,0.0,8349.339206007671
2023-09-15 17:00:00,27.5,91,0.0,8162.364770010499
2023-09-15 18:00:00,27.3,92,0.0,7849.51705478788
2023-09-15 19:00:00,27.2,92,0.0,7070.926957774646
2023-09-15 20:00:00,26.9,93,0.0,6627.957405666427
2023-09-15 21:00:00,26.7,94,0.0,5968.011890570187
2023-09-15 22:00:00,26.6,93,0.0,6064.670419897752
2023-09-15 23:00:00,26.4,93,0.0,5330.828050876421
2023-09-16 00:00:00,27.0,89,0.0,6487.431651742274
2023-09-16 01:00:00,27.4,87,0.0,6901.2292195452
2023-09-16 02:00:00,28.2,85,169.4,8258.19877010631
2023-09-16 03:00:00,29.5,80,382.3,8500.0
2023-09-16 04:00:00,30.8,72,454.7,8500.0
2023-09-16 05:00:00,31.5,70,310.4,8500.0
2023-09-16 06:00:00,31.0,68,467.4,8500.0
2023-09-16 07:00:00,30.9,71,367.5,8500.0
2023-09-16 08:00:00,30.9,70,232.6,8500.0
2023-09-16 09:00:00,31.1,68,164.4,8500.0
2023-09-16 10:00:00,30.2,72,77.6,8500.0
2023-09-16 11:00:00,29.7,74,3.9,8500.0
2023-09-16 12:00:00,26.7,93,45.5,7379.666426903566
2023-09-16 13:00:00,27.3,92,0.0,8163.896301263633
2023-09-16 14:00:00,27.3,93,0.0,7944.277312120164
2023-09-16 15:00:00,27.1,93,0.0,7829.177207351698
2023-09-16 16:00:00,26.9,93,0.0,7263.331363340237
2023-09-16 17:00:00,26.9,92,0.0,7141.849282377705
2023-09-16 18:00:00,26.7,92,0.0,6650.2821563581565
2023-09-16 19:00:00,26.5,93,0.0,6523.021712661576
2023-09-16 20:00:00,26.3,93,0.0,5791.174423877757
2023-09-16 21:00:00,26.1,94,0.0,5129.413488706991
2023-09-16 22:00:00,26.0,95,0.0,5077.666841209088
2023-09-16 23:00:00,25.9,95,0.0,4883.044344955727
2023-09-17 00:00:00,25.3,94,0.0,4253.955571558868
2023-09-17 01:00:00,25.2,94,0.0,4104.7740967728805
2023-09-17 02:00:00,26.2,90,37.4,5229.631710084782
2023-09-17 03:00:00,27.6,86,148.7,7202.834750861692
2023-09-17 04:00:00,28.3,83,325.0,8484.300765962722
2023-09-17 05:00:00,29.4,77,316.7,8500.0
2023-09-17 06:00:00,30.7,71,480.5,8500.0
2023-09-17 07:00:00,31.7,69,557.0,8500.0
2023-09-17 08:00:00,29.5,75,361.0,8500.0
2023-09-17 09:00:00,27.5,82,8.7,8236.684591093048
2023-09-17 10:00:00,28.2,83,36.8,8500.0
2023-09-17 11:00:00,28.1,80,39.4,8500.0
2023-09-17 12:00:00,26.2,90,16.5,6813.874216686635
2023-09-17 13:00:00,26.7,90,0.0,7429.931818443177
2023-09-17 14:00:00,25.3,93,0.0,5838.768231581131
2023-09-17 15:00:00,26.1,91,0.0,6751.6441165002625
2023-09-17 16:00:00,26.3,92,0.0,6496.876928352218
2023-09-17 17:00:00,26.2,93,0.0,6332.034357688121
2023-09-17 18:00:00,26.0,93,0.0,6033.085502735803
2023-09-17 19:00:00,25.8,92,0.0,5531.318086621379
2023-09-17 20:00:00,25.5,91,0.0,4816.445301013581
2023-09-17 21:00:00,25.2,91,0.0,4454.505047804121
2023-09-17 22:00:00,24.9,92,0.0,4024.2743047374197
2023-09-17 23:00:00,24.7,90,0.0,3902.104992100892
2023-09-18 00:00:00,25.1,92,0.0,4426.888871219845
2023-09-18 01:00:00,25.3,89,0.0,4311.715198197151
2023-09-18 02:00:00,26.2,86,205.2,5419.6743685671445
2023-09-18 03:00:00,27.8,77,418.3,7640.890412619677
2023-09-18 04:00:00,29.1,71,566.0,8500.0
2023-09-18 05:00:00,30.4,65,643.4,8500.0
2023-09-18 06:00:00,30.8,64,611.1,8500.0
2023-09-18 07:00:00,31.5,63,629.6,8500.0
2023-09-18 08:00:00,31.7,63,576.0,8500.0
2023-09-18 09:00:00,31.6,63,417.8,8500.0
2023-09-18 10:00:00,31.5,62,448.7,8500.0
2023-09-18 11:00:00,31.5,61,460.6,8500.0
2023-09-18 12:00:00,30.1,70,284.5,8500.0
2023-09-18 13:00:00,29.0,74,59.6,8500.0
2023-09-18 14:00:00,28.0,80,0.0,8500.0
2023-09-18 15:00:00,27.3,85,0.0,8092.4091243118655
2023-09-18 16:00:00,25.8,89,0.0,6112.195908702515
2023-09-18 17:00:00,25.6,92,0.0,5730.191000728887
2023-09-18 18:00:00,25.2,93,0.0,5046.851370859216
2023-09-18 19:00:00,25.1,94,0.0,4711.627517598409
2023-09-18 20:00:00,24.9,94,0.0,4284.15220996349
2023-09-18 21:00:00,24.7,94,0.0,3907.1638627252437
2023-09-18 22:00:00,24.6,95,0.0,3889.4532957971796
2023-09-18 23:00:00,24.6,95,0.0,3796.4671349904356
2023-09-19 00:00:00,25.2,90,0.0,4139.617299228403
2023-09-19 01:00:00,25.8,88,0.0,4928.760182415013
2023-09-19 02:00:00,26.8,88,180.0,6047.065719494511
2023-09-19 03:00:00,28.3,82,367.7,8373.382653799577
2023-09-19 04:00:00,30.0,76,562.9,8500.0
2023-09-19 05:00:00,31.3,66,641.4,8500.0
2023-09-19 06:00:00,32.2,60,623.7,8500.0
2023-09-19 07:00:00,32.8,57,666.7,8500.0
2023-09-19 08:00:00,33.0,57,660.8,8500.0
2023-09-19 09:00:00,33.1,56,628.9,8500.0
2023-09-19 10:00:00,32.7,57,566.1,8500.0
2023-09-19 11:00:00,32.4,58,464.6,8500.0
2023-09-19 12:00:00,31.1,68,312.6,8500.0
2023-09-19 13:00:00,29.5,74,78.1,8500.0
2023-09-19 14:00:00,28.5,78,0.0,8500.0
2023-09-19 15:00:00,28.1,78,0.0,8500.0
2023-09-19 16:00:00,27.9,77,0.0,8500.0
2023-09-19 17:00:00,27.5,81,0.0,7764.7462683808335
2023-09-19 18:00:00,26.9,85,0.0,7083.1082584848755
2023-09-19 19:00:00,26.3,89,0.0,5866.19955807007
2023-09-19 20:00:00,26.1,91,0.0,5506.1472182863545
2023-09-19 21:00:00,26.0,91,0.0,5363.355810307134
2023-09-19 22:00:00,25.8,93,0.0,4678.570631554415
2023-09-19 23:00:00,25.5,94,0.0,4510.506125876136
2023-09-20 00:00:00,27.3,83,0.0,6490.169710277866
2023-09-20 01:00:00,27.7,82,0.0,7518.701650863696
2023-09-20 02:00:00,28.8,80,170.8,8500.0
2023-09-20 03:00:00,30.2,72,364.5,8500.0
2023-09-20 04:00:00,31.5,65,542.8,8500.0
2023-09-20 05:00:00,32.5,62,632.6,8500.0
2023-09-20 06:00:00,32.8,60,632.8,8500.0
2023-09-20 07:00:00,32.9,61,609.0,8500.0
2023-09-20 08:00:00,33.1,61,548.2,8500.0
2023-09-20 09:00:00,31.8,65,474.5,8500.0
2023-09-20 10:00:00,31.4,65,368.7,8500.0
2023-09-20 11:00:00,31.2,67,353.5,8500.0
2023-09-20 12:00:00,31.9,67,303.6,8500.0
2023-09-20 13:00:00,29.9,77,70.8,8500.0
2023-09-20 14:00:00,29.3,78,0.0,8500.0
2023-09-20 15:00:00,28.9,80,0.0,8500.0
2023-09-20 16:00:00,28.8,78,0.0,8500.0
2023-09-20 17:00:00,28.3,79,0.0,8500.0
2023-09-20 18:00:00,28.0,81,0.0,8316.61351710177
2023-09-20 19:00:00,27.5,83,0.0,7583.956215317281
2023-09-20 20:00:00,27.0,88,0.0,6662.860104440014
2023-09-20 21:00:00,26.7,89,0.0,5936.685348106623
2023-09-20 22:00:00,26.3,91,0.0,5206.068171354918
2023-09-20 23:00:00,26.0,92,0.0,4833.335477308011
2023-09-21 00:00:00,27.6,87,0.0,7144.632016285966
2023-09-21 01:00:00,27.8,89,0.0,7269.257372935852
2023-09-21 02:00:00,28.7,86,211.6,8500.0
2023-09-21 03:00:00,30.4,79,439.6,8500.0
2023-09-21 04:00:00,29.9,80,538.0,8500.0
2023-09-21 05:00:00,30.8,76,434.9,8500.0
2023-09-21 06:00:00,31.7,73,516.5,8500.0
2023-09-21 07:00:00,32.6,67,647.4,8500.0
2023-09-21 08:00:00,33.2,62,670.7,8500.0
2023-09-21 09:00:00,33.5,59,585.6,8500.0
2023-09-21 10:00:00,33.2,59,585.1,8500.0
2023-09-21 11:00:00,32.2,60,415.7,8500.0
2023-09-21 12:00:00,28.8,79,189.3,8500.0
2023-09-21 13:00:00,26.9,90,18.1,7618.843916243983
2023-09-21 14:00:00,26.4,92,0.0,7266.152232386764
2023-09-21 15:00:00,26.8,90,0.0,7081.186718197428
2023-09-21 16:00:00,26.8,89,0.0,7409.335617361004
2023-09-21 17:00:00,26.6,91,0.0,6897.799810183443
2023-09-21 18:00:00,26.6,90,0.0,6485.303934886889
2023-09-21 19:00:00,26.6,89,0.0,6099.555478843363
2023-09-21 20:00:00,26.4,90,0.0,5715.091915660161
2023-09-21 21:00:00,25.7,95,0.0,4925.738454219634
2023-09-21 22:00:00,25.7,95,0.0,4540.875166762264
2023-09-21 23:00:00,25.3,96,0.0,4648.125972055175
2023-09-22 00:00:00,26.3,94,0.0,5469.300219021682
2023-09-22 01:00:00,27.1,90,0.0,6277.339808624722
2023-09-22 02:00:00,28.3,84,191.3,8347.759618503056
2023-09-22 03:00:00,29.3,81,393.6,8500.0
2023-09-22 04:00:00,30.6,78,533.1,8500.0
2023-09-22 05:00:00,31.5,74,612.2,8500.0
2023-09-22 06:00:00,32.3,66,605.8,8500.0
2023-09-22 07:00:00,33.1,61,595.0,8500.0
2023-09-22 08:00:00,33.2,61,622.3,8500.0
2023-09-22 09:00:00,33.3,61,596.0,8500.0
2023-09-22 10:00:00,33.0,62,549.3,8500.0
2023-09-22 11:00:00,31.8,65,388.6,8500.0
2023-09-22 12:00:00,32.7,61,249.3,8500.0
2023-09-22 13:00:00,31.1,66,64.6,8500.0
2023-09-22 14:00:00,30.1,71,0.0,8500.0
2023-09-22 15:00:00,29.1,78,0.0,8500.0
2023-09-22 16:00:00,28.5,81,0.0,8500.0
2023-09-22 17:00:00,28.2,81,0.0,8500.0
2023-09-22 18:00:00,27.4,86,0.0,7350.126993560729
2023-09-22 19:00:00,27.0,89,0.0,6856.064447873556
2023-09-22 20:00:00,26.4,93,0.0,6057.901994506223
2023-09-22 21:00:00,26.1,95,0.0,5390.435845624017
2023-09-22 22:00:00,25.9,97,0.0,5462.415467877817
2023-09-22 23:00:00,25.6,97,0.0,4822.913840802914
2023-09-23 00:00:00,25.8,98,0.0,4781.776928379255
2023-09-23 01:00:00,26.2,95,0.0,5339.143245804542
2023-09-23 02:00:00,27.0,92,119.5,6258.429982408177
2023-09-23 03:00:00,28.1,86,194.0,7924.876782381382
2023-09-23 04:00:00,29.5,80,406.1,8500.0
2023-09-23 05:00:00,30.9,72,537.7,8500.0
2023-09-23 06:00:00,31.7,70,657.2,8500.0
2023-09-23 07:00:00,32.3,68,663.5,8500.0
2023-09-23 08:00:00,32.8,64,643.5,8500.0
2023-09-23 09:00:00,32.5,63,531.3,8500.0
2023-09-23 10:00:00,31.8,62,436.8,8500.0
2023-09-23 11:00:00,30.9,70,298.8,8500.0
2023-09-23 12:00:00,30.6,71,296.9,8500.0
2023-09-23 13:00:00,29.2,79,66.1,8500.0
2023-09-23 14:00:00,29.2,76,0.0,8500.0
2023-09-23 15:00:00,27.5,87,0.0,8231.472352376763
2023-09-23 16:00:00,26.9,90,0.0,7327.8285296315935
2023-09-23 17:00:00,26.5,91,0.0,6671.334062410326
2023-09-23 18:00:00,26.2,93,0.0,6044.439100222538
2023-09-23 19:00:00,25.9,94,0.0,5419.55963934833
2023-09-23 20:00:00,25.6,95,0.0,5089.317502894219
2023-09-23 21:00:00,25.5,96,0.0,4472.915894932325
2023-09-23 22:00:00,25.3,96,0.0,4519.671848367132
2023-09-23 23:00:00,25.3,96,0.0,4471.438331721878
2023-09-24 00:00:00,25.6,96,0.0,4693.729292006038
2023-09-24 01:00:00,25.6,96,0.0,4545.822130120048
2023-09-24 02:00:00,26.7,93,166.8,6150.385630849343
2023-09-24 03:00:00,26.8,85,174.5,6352.29196665313
2023-09-24 04:00:00,25.9,84,36.3,5290.910302180001
2023-09-24 05:00:00,28.9,74,453.1,8500.0
2023-09-24 06:00:00,30.6,68,681.2,8500.0
2023-09-24 07:00:00,31.9,61,710.8,8500.0
2023-09-24 08:00:00,32.6,57,660.2,8500.0
2023-09-24 09:00:00,32.8,54,623.8,8500.0
2023-09-24 10:00:00,32.6,56,553.3,8500.0
2023-09-24 11:00:00,32.2,57,425.1,8500.0
2023-09-24 12:00:00,29.7,67,324.1,8500.0
2023-09-24 13:00:00,28.4,74,57.9,8500.0
2023-09-24 14:00:00,27.6,79,0.0,8500.0
2023-09-24 15:00:00,26.7,85,0.0,7069.941057541786
2023-09-24 16:00:00,26.2,88,0.0,6214.260517369451
2023-09-24 17:00:00,25.9,88,0.0,5696.596452153032
2023-09-24 18:00:00,26.3,85,0.0,5821.537303060785
2023-09-24 19:00:00,26.4,84,0.0,6133.514469802448
2023-09-24 20:00:00,25.9,87,0.0,5741.715823632631
2023-09-24 21:00:00,25.2,91,0.0,4208.864854528052
2023-09-24 22:00:00,24.8,92,0.0,3968.9459090703767
2023-09-24 23:00:00,24.6,93,0.0,3980.219218270137
2023-09-25 00:00:00,24.8,94,0.0,3847.3630572332186
2023-09-25 01:00:00,25.3,91,0.0,4481.39445147356
2023-09-25 02:00:00,26.4,87,203.6,5523.080649506448
2023-09-25 03:00:00,28.0,81,420.4,7698.481601594591
2023-09-25 04:00:00,29.7,74,553.2,8500.0
2023-09-25 05:00:00,31.2,66,626.9,8500.0
2023-09-25 06:00:00,32.1,60,648.4,8500.0
2023-09-25 07:00:00,32.6,56,582.0,8500.0
2023-09-25 08:00:00,32.9,54,640.7,8500.0
2023-09-25 09:00:00,32.9,52,585.7,8500.0
2023-09-25 10:00:00,32.8,52,555.4,8500.0
2023-09-25 11:00:00,32.4,54,454.5,8500.0
2023-09-25 12:00:00,31.4,65,295.9,8500.0
2023-09-25 13:00:00,29.6,74,49.4,8500.0
2023-09-25 14:00:00,28.3,83,0.0,8500.0
2023-09-25 15:00:00,27.9,83,0.0,8500.0
2023-09-25 16:00:00,27.4,85,0.0,8107.940647745311
2023-09-25 17:00:00,27.3,83,0.0,7716.374142183185
2023-09-25 18:00:00,26.4,87,0.0,6157.157510246515
2023-09-25 19:00:00,26.2,86,0.0,5970.9985761630915
2023-09-25 20:00:00,25.9,88,0.0,5120.369987662459
2023-09-25 21:00:00,25.7,90,0.0,4841.763869587891
2023-09-25 22:00:00,25.4,92,0.0,4582.8694549094
2023-09-25 23:00:00,24.9,94,0.0,3848.3229514203767
2023-09-26 00:00:00,25.8,88,0.0,4607.414598267664
2023-09-26 01:00:00,26.0,89,0.0,4941.657819612001
2023-09-26 02:00:00,26.6,87,194.2,6166.397754040473
2023-09-26 03:00:00,28.5,79,402.0,8500.0
2023-09-26 04:00:00,30.2,69,513.7,8500.0
2023-09-26 05:00:00,31.2,63,620.9,8500.0
2023-09-26 06:00:00,32.0,58,589.9,8500.0
2023-09-26 07:00:00,32.6,55,637.5,8500.0
2023-09-26 08:00:00,32.8,53,624.6,8500.0
2023-09-26 09:00:00,32.9,51,588.7,8500.0
2023-09-26 10:00:00,32.9,51,535.8,8500.0
2023-09-26 11:00:00,32.4,52,446.1,8500.0
2023-09-26 12:00:00,32.0,59,289.7,8500.0
2023-09-26 13:00:00,29.7,70,40.4,8500.0
2023-09-26 14:00:00,29.2,72,0.0,8500.0
2023-09-26 15:00:00,28.4,72,0.0,8500.0
2023-09-26 16:00:00,27.5,73,0.0,7982.136423928239
2023-09-26 17:00:00,26.6,74,0.0,6758.219061525184
2023-09-26 18:00:00,25.9,77,0.0,5860.964595395834
2023-09-26 19:00:00,25.4,79,0.0,4972.2473744903655
2023-09-26 20:00:00,24.9,82,0.0,4175.533822620275
2023-09-26 21:00:00,24.3,85,0.0,3695.1101035927313
2023-09-26 22:00:00,23.8,87,0.0,3563.846151019685
2023-09-26 23:00:00,23.3,89,0.0,3211.6136135803695
2023-09-27 00:00:00,23.9,89,0.0,3293.6069894093653
2023-09-27 01:00:00,24.5,87,0.0,3701.312877332614
2023-09-27 02:00:00,26.0,82,214.3,5218.552864160423
2023-09-27 03:00:00,28.1,74,440.7,8219.708653014604
2023-09-27 04:00:00,29.9,66,589.2,8500.0
2023-09-27 05:00:00,31.1,58,671.7,8500.0
2023-09-27 06:00:00,32.0,53,717.8,8500.0
2023-09-27 07:00:00,32.7,48,739.8,8500.0
2023-09-27 08:00:00,33.3,44,737.6,8500.0
2023-09-27 09:00:00,33.3,42,709.1,8500.0
2023-09-27 10:00:00,33.1,42,646.0,8500.0
2023-09-27 11:00:00,32.4,43,532.3,8500.0
2023-09-27 12:00:00,30.1,50,333.6,8500.0
2023-09-27 13:00:00,27.3,57,51.7,8185.352362769619
2023-09-27 14:00:00,26.6,58,0.0,7127.340148386623
2023-09-27 15:00:00,26.1,59,0.0,6582.614363942693
2023-09-27 16:00:00,25.8,62,0.0,6143.551421183827
2023-09-27 17:00:00,25.4,65,0.0,5613.3884564585915
2023-09-27 18:00:00,24.9,66,0.0,4791.6177127645215
2023-09-27 19:00:00,24.1,69,0.0,4246.734662686363
2023-09-27 20:00:00,23.0,74,0.0,3441.290039468271
2023-09-27 21:00:00,22.5,77,0.0,3089.2669527672415
2023-09-27 22:00:00,21.8,80,0.0,2958.676356985875
2023-09-27 23:00:00,21.6,81,0.0,2617.3230431872726
2023-09-28 00:00:00,20.6,87,0.0,2527.831689454874
2023-09-28 01:00:00,21.4,84,0.0,2945.30514537575
2023-09-28 02:00:00,23.3,78,222.9,3258.1946448166154
2023-09-28 03:00:00,26.0,70,472.1,5366.697501781792
2023-09-28 04:00:00,28.7,60,616.3,8500.0
2023-09-28 05:00:00,30.6,52,699.3,8500.0
2023-09-28 06:00:00,31.7,47,742.6,8500.0
2023-09-28 07:00:00,32.5,43,754.4,8500.0
2023-09-28 08:00:00,33.0,40,745.6,8500.0
2023-09-28 09:00:00,33.1,39,714.2,8500.0
2023-09-28 10:00:00,32.8,39,650.3,8500.0
2023-09-28 11:00:00,32.2,41,533.1,8500.0
2023-09-28 12:00:00,29.6,53,331.8,8500.0
2023-09-28 13:00:00,26.6,60,53.0,7093.308505679968
2023-09-28 14:00:00,25.6,64,0.0,6024.19956121545
2023-09-28 15:00:00,25.5,65,0.0,5901.32844545019
2023-09-28 16:00:00,25.4,61,0.0,5756.585507285042
2023-09-28 17:00:00,24.6,59,0.0,4692.301077655484
2023-09-28 18:00:00,23.7,62,0.0,3828.3761282495975
2023-09-28 19:00:00,22.7,66,0.0,3525.653086256265
2023-09-28 20:00:00,21.6,73,0.0,3148.5812264128103
2023-09-28 21:00:00,22.0,70,0.0,2872.4418254257703
2023-09-28 22:00:00,21.1,74,0.0,2541.218919726362
2023-09-28 23:00:00,20.4,77,0.0,2855.1256534929753
2023-09-29 00:00:00,20.9,81,0.0,2531.7501332349843
2023-09-29 01:00:00,21.5,80,0.0,2622.650893922382
2023-09-29 02:00:00,23.3,76,225.7,2847.2922162435284
2023-09-29 03:00:00,26.0,68,459.0,4998.546154323189
2023-09-29 04:00:00,28.5,61,604.8,8500.0
2023-09-29 05:00:00,30.5,53,688.0,8500.0
2023-09-29 06:00:00,31.9,43,733.1,8500.0
2023-09-29 07:00:00,32.6,39,751.6,8500.0
2023-09-29 08:00:00,33.0,37,746.6,8500.0
2023-09-29 09:00:00,33.2,36,714.0,8500.0
2023-09-29 10:00:00,33.1,37,648.4,8500.0
2023-09-29 11:00:00,32.5,39,531.7,8500.0
2023-09-29 12:00:00,30.6,57,325.8,8500.0
2023-09-29 13:00:00,28.0,64,43.5,8500.0
2023-09-29 14:00:00,27.3,68,0.0,8005.035450124518
2023-09-29 15:00:00,26.5,71,0.0,6826.504444643197
2023-09-29 16:00:00,26.1,70,0.0,6367.050553832002
2023-09-29 17:00:00,25.5,67,0.0,5406.465134243712
2023-09-29 18:00:00,24.5,68,0.0,4731.051814656079
2023-09-29 19:00:00,23.9,71,0.0,3971.260805430081
2023-09-29 20:00:00,23.5,73,0.0,3191.212156234418
2023-09-29 21:00:00,23.0,75,0.0,3435.796649424853
2023-09-29 22:00:00,23.2,73,0.0,3319.9309822813984
2023-09-29 23:00:00,22.8,75,0.0,2884.008178019284
2023-09-30 00:00:00,22.9,80,0.0,2996.0960560118456
2023-09-30 01:00:00,23.5,78,0.0,2885.5005604406665
2023-09-30 02:00:00,24.6,75,216.2,4085.2444867191143
2023-09-30 03:00:00,26.7,70,443.1,6079.331764864521
2023-09-30 04:00:00,29.2,62,589.8,8500.0
2023-09-30 05:00:00,31.2,56,673.8,8500.0
2023-09-30 06:00:00,32.8,48,719.8,8500.0
2023-09-30 07:00:00,33.8,43,737.0,8500.0
2023-09-30 08:00:00,34.5,35,732.0,8500.0
2023-09-30 09:00:00,34.8,31,706.0,8500.0
2023-09-30 10:00:00,34.5,32,638.5,8500.0
2023-09-30 11:00:00,33.5,36,512.6,8500.0
2023-09-30 12:00:00,30.6,40,311.4,8500.0
2023-09-30 13:00:00,28.1,48,44.6,8500.0
2023-09-30 14:00:00,27.6,48,0.0,8500.0
2023-09-30 15:00:00,27.2,49,0.0,7969.049446393295
2023-09-30 16:00:00,26.9,51,0.0,7204.009066348907
2023-09-30 17:00:00,26.5,54,0.0,6614.813616106096
2023-09-30 18:00:00,25.9,57,0.0,5922.980166609863
2023-09-30 19:00:00,25.1,60,0.0,4746.860804565094
2023-09-30 20:00:00,23.8,67,0.0,3711.3159944590566
2023-09-30 21:00:00,22.6,73,0.0,2759.0239007855807
2023-09-30 22:00:00,21.4,79,0.0,2972.5278796319126
2023-09-30 23:00:00,21.3,79,0.0,2597.5072271607523
2023-10-01 00:00:00,22.3,86,0.0,2820.6860138169527
2023-10-01 01:00:00,22.6,85,0.0,2935.613290058067
2023-10-01 02:00:00,24.3,79,212.7,3798.8205287080655
2023-10-01 03:00:00,26.5,72,440.4,5803.185726529514
2023-10-01 04:00:00,28.3,67,587.1,8500.0
2023-10-01 05:00:00,30.2,61,673.7,8500.0
2023-10-01 06:00:00,32.1,51,722.6,8500.0
2023-10-01 07:00:00,33.5,40,744.7,8500.0
2023-10-01 08:00:00,34.4,31,743.8,8500.0
2023-10-01 09:00:00,34.6,27,708.5,8500.0
2023-10-01 10:00:00,34.4,24,651.0,8500.0
2023-10-01 11:00:00,33.3,28,531.1,8500.0
2023-10-01 12:00:00,31.0,33,325.6,8500.0
2023-10-01 13:00:00,28.6,39,45.8,8500.0
2023-10-01 14:00:00,27.5,40,0.0,8301.548645250079
2023-10-01 15:00:00,26.4,40,0.0,6896.455261534474
2023-10-01 16:00:00,25.4,39,0.0,5964.914995696369
2023-10-01 17:00:00,24.5,40,0.0,4569.463023927416
2023-10-01 18:00:00,23.7,43,0.0,4068.5278160703083
2023-10-01 19:00:00,23.6,42,0.0,3705.101540081635
2023-10-01 20:00:00,22.5,47,0.0,3301.934957513114
2023-10-01 21:00:00,21.5,52,0.0,3019.514533737273
2023-10-01 22:00:00,20.9,56,0.0,2903.1205179024764
2023-10-01 23:00:00,20.3,59,0.0,2643.3541302669983
2023-10-02 00:00:00,20.2,75,0.0,2636.304591394669
2023-10-02 01:00:00,21.0,72,0.0,2866.2941235735675
2023-10-02 02:00:00,22.8,67,227.6,2844.8169068219595
2023-10-02 03:00:00,25.7,60,459.3,5057.972836967704
2023-10-02 04:00:00,28.3,51,607.6,8412.032698864426
2023-10-02 05:00:00,30.8,43,690.6,8500.0
2023-10-02 06:00:00,32.4,34,734.2,8500.0
2023-10-02 07:00:00,33.2,32,752.6,8500.0
2023-10-02 08:00:00,33.7,29,746.0,8500.0
2023-10-02 09:00:00,33.8,26,713.7,8500.0
2023-10-02 10:00:00,33.3,23,647.4,8500.0
2023-10-02 11:00:00,32.4,24,531.9,8500.0
2023-10-02 12:00:00,30.9,28,327.5,8500.0
2023-10-02 13:00:00,28.3,33,35.2,8500.0
2023-10-02 14:00:00,26.6,36,0.0,7027.464194897326
2023-10-02 15:00:00,25.7,36,0.0,6395.163974408214
2023-10-02 16:00:00,24.7,35,0.0,4988.237920112012
2023-10-02 17:00:00,24.5,33,0.0,4759.746229413447
2023-10-02 18:00:00,24.5,30,0.0,4444.730465937654
2023-10-02 19:00:00,23.4,34,0.0,3755.7010198425796
2023-10-02 20:00:00,21.9,39,0.0,3157.2637533593997
2023-10-02 21:00:00,21.4,43,0.0,3049.9753928951236
2023-10-02 22:00:00,20.4,47,0.0,2637.563620095388
2023-10-02 23:00:00,20.0,49,0.0,2586.33580054318
2023-10-03 00:00:00,20.6,53,0.0,2509.9774144878306
2023-10-03 01:00:00,20.6,54,0.0,2621.985451377583
2023-10-03 02:00:00,22.2,53,222.8,2730.846974033686
2023-10-03 03:00:00,25.1,50,464.9,4259.467424462625
2023-10-03 04:00:00,28.1,42,615.8,8411.681657341649
2023-10-03 05:00:00,30.5,36,699.1,8500.0
2023-10-03 06:00:00,32.2,32,744.6,8500.0
2023-10-03 07:00:00,33.2,29,760.5,8500.0
2023-10-03 08:00:00,33.8,25,754.3,8500.0
2023-10-03 09:00:00,33.9,22,721.6,8500.0
2023-10-03 10:00:00,33.3,25,655.2,8500.0
2023-10-03 11:00:00,32.4,29,530.4,8500.0
2023-10-03 12:00:00,30.5,31,312.1,8500.0
2023-10-03 13:00:00,27.7,37,36.2,8500.0
2023-10-03 14:00:00,26.3,40,0.0,6554.223989378403
2023-10-03 15:00:00,25.2,43,0.0,5445.501117504646
2023-10-03 16:00:00,24.0,48,0.0,4386.767705372333
2023-10-03 17:00:00,23.3,52,0.0,3999.475828999328
2023-10-03 18:00:00,23.0,54,0.0,4060.0253460866697
2023-10-03 19:00:00,21.7,61,0.0,3382.5404930727623
2023-10-03 20:00:00,20.7,66,0.0,2836.296512924187
2023-10-03 21:00:00,20.1,69,0.0,3182.0154454190974
2023-10-03 22:00:00,19.7,71,0.0,2672.5532155366504
2023-10-03 23:00:00,18.9,76,0.0,2791.9726582780468
2023-10-04 00:00:00,19.0,80,0.0,2645.369490465613
2023-10-04 01:00:00,19.9,77,0.0,2987.4642939661053
2023-10-04 02:00:00,22.0,70,218.1,2720.876816984992
2023-10-04 03:00:00,25.0,62,454.2,4207.334422873309
2023-10-04 04:00:00,27.8,55,606.1,7985.780047150549
2023-10-04 05:00:00,30.4,46,692.0,8500.0
2023-10-04 06:00:00,32.2,35,740.1,8500.0
2023-10-04 07:00:00,33.4,30,755.3,8500.0
2023-10-04 08:00:00,33.9,30,744.4,8500.0
2023-10-04 09:00:00,33.9,32,706.7,8500.0
2023-10-04 10:00:00,33.6,32,635.1,8500.0
2023-10-04 11:00:00,33.0,32,510.3,8500.0
2023-10-04 12:00:00,31.2,38,300.5,8500.0
2023-10-04 13:00:00,28.7,45,24.8,8500.0
2023-10-04 14:00:00,27.9,46,0.0,8500.0
2023-10-04 15:00:00,26.9,48,0.0,7524.901777927355
2023-10-04 16:00:00,25.4,54,0.0,5699.234234388762
2023-10-04 17:00:00,23.9,60,0.0,4038.529517683285
2023-10-04 18:00:00,22.7,66,0.0,3277.07268865816
2023-10-04 19:00:00,22.1,69,0.0,3158.372044166355
2023-10-04 20:00:00,21.8,69,0.0,3245.6762194726625
2023-10-04 21:00:00,20.7,73,0.0,2726.125851854418
2023-10-04 22:00:00,20.2,74,0.0,2795.6367031643254
2023-10-04 23:00:00,21.3,68,0.0,2677.723077660357
2023-10-05 00:00:00,19.9,76,0.0,2673.0766888153935
2023-10-05 01:00:00,20.7,72,0.0,2917.7200121257333
2023-10-05 02:00:00,22.4,67,213.2,2718.6411673323055
2023-10-05 03:00:00,25.3,59,454.5,4581.82129290322
2023-10-05 04:00:00,28.2,49,603.6,8270.265897586238
2023-10-05 05:00:00,30.5,42,687.8,8500.0
2023-10-05 06:00:00,32.1,38,734.3,8500.0
2023-10-05 07:00:00,33.2,34,752.6,8500.0
2023-10-05 08:00:00,33.9,30,747.9,8500.0
2023-10-05 09:00:00,34.3,27,717.4,8500.0
2023-10-05 10:00:00,34.0,26,651.1,8500.0
2023-10-05 11:00:00,33.2,27,529.5,8500.0
2023-10-05 12:00:00,30.8,34,310.9,8500.0
2023-10-05 13:00:00,28.2,40,25.5,8500.0
2023-10-05 14:00:00,26.8,45,0.0,7582.668950575828
2023-10-05 15:00:00,25.5,49,0.0,6000.6287265276205
2023-10-05 16:00:00,24.2,53,0.0,4572.267338691573
2023-10-05 17:00:00,22.9,59,0.0,3793.1970552704192
2023-10-05 18:00:00,21.9,66,0.0,3632.5277185307955
2023-10-05 19:00:00,24.7,55,0.0,4456.36939155352
2023-10-05 20:00:00,21.6,64,0.0,3109.2774002652227
2023-10-05 21:00:00,19.9,69,0.0,2880.5666614913475
2023-10-05 22:00:00,20.2,65,0.0,2835.2561769974295
2023-10-05 23:00:00,20.0,63,0.0,2921.2781625045614
2023-10-06 00:00:00,20.5,69,0.0,2876.3234335496513
2023-10-06 01:00:00,21.2,63,0.0,2677.279113521315
2023-10-06 02:00:00,23.1,57,208.4,2973.9766492872395
2023-10-06 03:00:00,25.9,52,446.5,5087.495427193636
2023-10-06 04:00:00,28.9,44,599.3,8500.0
2023-10-06 05:00:00,31.2,39,685.0,8500.0
2023-10-06 06:00:00,33.0,34,731.1,8500.0
2023-10-06 07:00:00,34.2,31,747.4,8500.0
2023-10-06 08:00:00,35.0,30,739.1,8500.0
2023-10-06 09:00:00,35.3,28,706.3,8500.0
2023-10-06 10:00:00,35.2,28,639.0,8500.0
2023-10-06 11:00:00,34.5,30,511.3,8500.0
2023-10-06 12:00:00,31.0,45,294.1,8500.0
2023-10-06 13:00:00,28.3,52,26.2,8500.0
2023-10-06 14:00:00,26.6,62,0.0,7199.050559762257
2023-10-06 15:00:00,25.4,66,0.0,5801.54947402405
2023-10-06 16:00:00,25.3,66,0.0,5387.942346476229
2023-10-06 17:00:00,27.5,56,0.0,8012.363111548214
2023-10-06 18:00:00,27.3,55,0.0,7402.418214946169
2023-10-06 19:00:00,26.7,56,0.0,6513.013951844254
2023-10-06 20:00:00,24.1,69,0.0,3965.4444638562823
2023-10-06 21:00:00,22.1,76,0.0,3050.4211278892844
2023-10-06 22:00:00,21.7,75,0.0,2754.9259263391054
2023-10-06 23:00:00,22.1,73,0.0,2769.3154850755263
2023-10-07 00:00:00,21.6,80,0.0,2459.414411160573
2023-10-07 01:00:00,22.6,74,0.0,2920.052863964224
2023-10-07 02:00:00,24.6,67,190.3,3856.481968102515
2023-10-07 03:00:00,27.3,58,421.8,6639.23198910792
2023-10-07 04:00:00,29.7,49,576.6,8500.0
2023-10-07 05:00:00,31.7,46,663.4,8500.0
2023-10-07 06:00:00,33.1,44,708.8,8500.0
2023-10-07 07:00:00,34.0,44,722.8,8500.0
2023-10-07 08:00:00,34.6,44,711.7,8500.0
2023-10-07 09:00:00,35.0,44,673.2,8500.0
2023-10-07 10:00:00,35.0,44,599.9,8500.0
2023-10-07 11:00:00,34.7,44,466.6,8500.0
2023-10-07 12:00:00,32.2,48,253.2,8500.0
2023-10-07 13:00:00,29.6,58,13.5,8500.0
2023-10-07 14:00:00,28.6,65,0.0,8500.0
2023-10-07 15:00:00,27.5,71,0.0,8500.0
2023-10-07 16:00:00,26.9,74,0.0,7208.017659342522
2023-10-07 17:00:00,26.8,73,0.0,7192.998721207373
2023-10-07 18:00:00,26.7,73,0.0,6697.019576647866
2023-10-07 19:00:00,28.7,63,0.0,8500.0
2023-10-07 20:00:00,28.0,66,0.0,7909.201889985986
2023-10-07 21:00:00,24.8,81,0.0,4111.876331141142
2023-10-07 22:00:00,24.6,81,0.0,3866.361141022235
2023-10-07 23:00:00,24.1,82,0.0,3418.0750793850143
2023-10-08 00:00:00,24.5,85,0.0,3606.0509466991584
2023-10-08 01:00:00,24.9,70,0.0,4050.23310338415
2023-10-08 02:00:00,25.7,61,178.6,4953.941176050841
2023-10-08 03:00:00,27.8,54,410.7,7698.295662475431
2023-10-08 04:00:00,30.0,49,564.8,8500.0
2023-10-08 05:00:00,32.1,44,653.3,8500.0
2023-10-08 06:00:00,33.7,41,699.1,8500.0
2023-10-08 07:00:00,34.7,38,716.4,8500.0
2023-10-08 08:00:00,35.2,38,707.7,8500.0
2023-10-08 09:00:00,35.3,39,671.5,8500.0
2023-10-08 10:00:00,35.2,39,599.2,8500.0
2023-10-08 11:00:00,34.7,40,469.1,8500.0
2023-10-08 12:00:00,33.4,47,253.6,8500.0
2023-10-08 13:00:00,31.6,51,13.9,8500.0
2023-10-08 14:00:00,29.5,64,0.0,8500.0
2023-10-08 15:00:00,28.8,68,0.0,8500.0
2023-10-08 16:00:00,27.8,72,0.0,8500.0
2023-10-08 17:00:00,28.7,66,0.0,8500.0
2023-10-08 18:00:00,29.0,64,0.0,8500.0
2023-10-08 19:00:00,28.4,65,0.0,8500.0
2023-10-08 20:00:00,25.7,74,0.0,5184.20097577083
2023-10-08 21:00:00,25.6,68,0.0,4498.2873138423165
2023-10-08 22:00:00,25.0,68,0.0,4366.448314020509
2023-10-08 23:00:00,24.6,69,0.0,3885.8094111991422
2023-10-09 00:00:00,24.7,76,0.0,3591.845280017997
2023-10-09 01:00:00,24.7,74,0.0,3716.307853310695
2023-10-09 02:00:00,25.9,68,186.7,4701.829511740973
2023-10-09 03:00:00,28.2,58,410.8,8169.903923823382
2023-10-09 04:00:00,30.7,50,560.4,8500.0
2023-10-09 05:00:00,32.8,44,646.0,8500.0
2023-10-09 06:00:00,34.1,42,691.9,8500.0
2023-10-09 07:00:00,35.1,35,689.1,8500.0
2023-10-09 08:00:00,35.1,34,585.8,8500.0
2023-10-09 09:00:00,35.2,33,579.3,8500.0
2023-10-09 10:00:00,35.1,33,538.8,8500.0
2023-10-09 11:00:00,34.8,33,430.3,8500.0
2023-10-09 12:00:00,32.5,50,224.8,8500.0
2023-10-09 13:00:00,29.8,52,14.3,8500.0
2023-10-09 14:00:00,29.2,53,0.0,8500.0
2023-10-09 15:00:00,27.7,54,0.0,8500.0
2023-10-09 16:00:00,26.9,57,0.0,7687.206886019242
2023-10-09 17:00:00,26.5,56,0.0,6814.905310320893
2023-10-09 18:00:00,26.3,56,0.0,6081.282176384301
2023-10-09 19:00:00,25.0,59,0.0,4511.205084147495
2023-10-09 20:00:00,25.4,57,0.0,4876.050449413865
2023-10-09 21:00:00,25.1,59,0.0,4164.20075550604
2023-10-09 22:00:00,24.9,59,0.0,3853.2969255583603
2023-10-09 23:00:00,24.6,57,0.0,3789.3021336781435
2023-10-10 00:00:00,24.7,60,0.0,3743.5059909102206
2023-10-10 01:00:00,24.4,59,0.0,3604.382494554391
2023-10-10 02:00:00,25.5,58,181.6,4808.437285569087
2023-10-10 03:00:00,27.4,54,411.0,6894.711978455994
2023-10-10 04:00:00,29.7,48,559.6,8500.0
2023-10-10 05:00:00,31.3,45,646.1,8500.0
2023-10-10 06:00:00,32.5,43,689.8,8500.0
2023-10-10 07:00:00,33.5,42,705.8,8500.0
2023-10-10 08:00:00,33.4,43,572.4,8500.0
2023-10-10 09:00:00,32.3,46,414.7,8500.0
2023-10-10 10:00:00,32.6,44,319.5,8500.0
2023-10-10 11:00:00,32.7,43,376.0,8500.0
2023-10-10 12:00:00,32.5,38,209.7,8500.0
2023-10-10 13:00:00,30.6,48,14.8,8500.0
2023-10-10 14:00:00,29.5,54,0.0,8500.0
2023-10-10 15:00:00,27.6,63,0.0,8260.870437994114
2023-10-10 16:00:00,25.7,76,0.0,5722.628236922021
2023-10-10 17:00:00,25.5,76,0.0,5616.382880514747
2023-10-10 18:00:00,24.6,80,0.0,4654.450240654576
2023-10-10 19:00:00,24.0,77,0.0,3782.3690394142996
2023-10-10 20:00:00,23.3,74,0.0,3534.580031065161
2023-10-10 21:00:00,22.6,76,0.0,2957.1232618628
2023-10-10 22:00:00,21.9,80,0.0,2825.5591143403135
2023-10-10 23:00:00,21.2,84,0.0,2852.4430386722324
2023-10-11 00:00:00,21.5,88,0.0,2954.450176632762
2023-10-11 01:00:00,21.7,87,0.0,2836.6209605307495
2023-10-11 02:00:00,23.2,81,183.1,3216.6806426254834
2023-10-11 03:00:00,25.6,72,422.5,4846.067443271229
2023-10-11 04:00:00,28.2,62,581.3,8458.065232288376
2023-10-11 05:00:00,30.3,51,671.2,8500.0
2023-10-11 06:00:00,31.8,44,717.5,8500.0
2023-10-11 07:00:00,32.9,36,735.0,8500.0
2023-10-11 08:00:00,33.5,31,727.4,8500.0
2023-10-11 09:00:00,33.7,29,690.5,8500.0
2023-10-11 10:00:00,33.4,28,617.9,8500.0
2023-10-11 11:00:00,32.6,29,481.9,8500.0
2023-10-11 12:00:00,29.7,32,260.2,8500.0
2023-10-11 13:00:00,27.4,40,15.3,8287.58099611509
2023-10-11 14:00:00,26.3,43,0.0,6882.5608252671145
2023-10-11 15:00:00,24.8,48,0.0,5162.103760395267
2023-10-11 16:00:00,23.3,54,0.0,4342.2270594283855
2023-10-11 17:00:00,22.1,61,0.0,3795.223590038585
2023-10-11 18:00:00,21.4,63,0.0,3670.6530969654755
2023-10-11 19:00:00,20.7,64,0.0,3276.1991895952087
2023-10-11 20:00:00,20.3,66,0.0,3223.4955873665917
2023-10-11 21:00:00,20.0,66,0.0,2893.8888969326154
2023-10-11 22:00:00,19.3,69,0.0,2840.2551342134116
2023-10-11 23:00:00,18.9,71,0.0,2883.882178359759
2023-10-12 00:00:00,19.2,78,0.0,2710.1058924357617
2023-10-12 01:00:00,19.3,78,0.0,2649.9847191188333
2023-10-12 02:00:00,21.3,70,191.5,2837.3096013945046
2023-10-12 03:00:00,24.7,60,428.6,3698.3744913004525
2023-10-12 04:00:00,27.8,49,584.5,7481.971553351254
2023-10-12 05:00:00,29.9,41,672.9,8500.0
2023-10-12 06:00:00,31.4,36,718.2,8500.0
2023-10-12 07:00:00,32.4,33,733.5,8500.0
2023-10-12 08:00:00,33.0,32,722.2,8500.0
2023-10-12 09:00:00,33.2,32,681.9,8500.0
2023-10-12 10:00:00,33.1,31,606.9,8500.0
2023-10-12 11:00:00,32.4,33,472.1,8500.0
2023-10-12 12:00:00,30.3,39,250.4,8500.0
2023-10-12 13:00:00,28.2,47,15.8,8500.0
2023-10-12 14:00:00,27.1,52,0.0,8123.294371562407
2023-10-12 15:00:00,26.1,55,0.0,6565.165648583686
2023-10-12 16:00:00,25.2,59,0.0,5583.885282397631
2023-10-12 17:00:00,23.9,65,0.0,4216.634872484759
2023-10-12 18:00:00,23.3,68,0.0,3723.064794144383
2023-10-12 19:00:00,22.9,69,0.0,3459.7481667944658
2023-10-12 20:00:00,24.4,62,0.0,4040.0545305358382
2023-10-12 21:00:00,22.4,70,0.0,2763.9177294823858
2023-10-12 22:00:00,21.4,75,0.0,2880.1891372042433
2023-10-12 23:00:00,20.3,81,0.0,2513.678695322558
2023-10-13 00:00:00,20.8,81,0.0,2418.1063428149787
2023-10-13 01:00:00,20.9,81,0.0,2693.8893441888886
2023-10-13 02:00:00,23.0,73,172.5,3164.33272032955
2023-10-13 03:00:00,26.3,62,402.9,5878.979545791372
2023-10-13 04:00:00,29.1,52,557.5,8500.0
2023-10-13 05:00:00,31.6,41,645.0,8500.0
2023-10-13 06:00:00,33.3,34,691.6,8500.0
2023-10-13 07:00:00,34.2,32,708.4,8500.0
2023-10-13 08:00:00,34.5,31,699.1,8500.0
2023-10-13 09:00:00,34.7,31,663.2,8500.0
2023-10-13 10:00:00,34.4,31,586.9,8500.0
2023-10-13 11:00:00,33.9,32,446.8,8500.0
2023-10-13 12:00:00,31.4,41,234.8,8500.0
2023-10-13 13:00:00,29.8,44,0.0,8500.0
2023-10-13 14:00:00,28.5,49,0.0,8500.0
2023-10-13 15:00:00,26.8,57,0.0,7423.281928908705
2023-10-13 16:00:00,25.2,65,0.0,5567.983928557209
2023-10-13 17:00:00,25.1,64,0.0,5085.843942336883
2023-10-13 18:00:00,26.3,57,0.0,6261.0979515484405
2023-10-13 19:00:00,26.1,57,0.0,5716.137214698346
2023-10-13 20:00:00,23.1,71,0.0,3371.6825493370184
2023-10-13 21:00:00,22.4,74,0.0,2991.399897666875
2023-10-13 22:00:00,22.0,76,0.0,2702.5654948622728
2023-10-13 23:00:00,21.6,78,0.0,2762.208221435835
2023-10-14 00:00:00,23.4,77,0.0,3222.0501180239
2023-10-14 01:00:00,22.5,83,0.0,2706.422067326844
2023-10-14 02:00:00,24.4,75,160.2,3894.135866069687
2023-10-14 03:00:00,27.5,64,391.4,7182.654790122932
2023-10-14 04:00:00,30.5,52,545.4,8500.0
2023-10-14 05:00:00,32.8,42,640.7,8500.0
2023-10-14 06:00:00,34.4,33,690.9,8500.0
2023-10-14 07:00:00,34.7,28,605.5,8500.0
2023-10-14 08:00:00,35.0,26,588.2,8500.0
2023-10-14 09:00:00,34.9,25,525.2,8500.0
2023-10-14 10:00:00,34.3,26,460.4,8500.0
2023-10-14 11:00:00,33.6,28,390.2,8500.0
2023-10-14 12:00:00,31.6,33,202.0,8500.0
2023-10-14 13:00:00,28.6,42,0.0,8500.0
2023-10-14 14:00:00,27.8,47,0.0,8500.0
2023-10-14 15:00:00,25.9,59,0.0,6453.827445597392
2023-10-14 16:00:00,28.4,47,0.0,8500.0
2023-10-14 17:00:00,27.0,51,0.0,7255.641417548173
2023-10-14 18:00:00,24.9,58,0.0,4594.966561801018
2023-10-14 19:00:00,25.1,58,0.0,4959.108227565557
2023-10-14 20:00:00,22.9,68,0.0,3487.4716458394814
2023-10-14 21:00:00,22.3,68,0.0,2994.475366850822
2023-10-14 22:00:00,24.5,57,0.0,3632.690869014287
2023-10-14 23:00:00,24.4,58,0.0,3640.84178468517
2023-10-15 00:00:00,23.8,67,0.0,3299.425996446033
2023-10-15 01:00:00,22.4,74,0.0,2820.969689421508
2023-10-15 02:00:00,23.6,71,161.6,3128.6093952266774
2023-10-15 03:00:00,26.4,63,394.5,5520.52913533819
2023-10-15 04:00:00,29.2,54,529.4,8500.0
2023-10-15 05:00:00,31.1,49,621.4,8500.0
2023-10-15 06:00:00,32.1,43,658.6,8500.0
2023-10-15 07:00:00,33.1,36,688.9,8500.0
2023-10-15 08:00:00,33.7,33,612.1,8500.0
2023-10-15 09:00:00,32.6,35,570.3,8500.0
2023-10-15 10:00:00,33.0,34,522.8,8500.0
2023-10-15 11:00:00,32.1,37,391.9,8500.0
2023-10-15 12:00:00,30.6,48,178.8,8500.0
2023-10-15 13:00:00,27.8,51,0.0,8500.0
2023-10-15 14:00:00,26.7,56,0.0,7291.990776853628
2023-10-15 15:00:00,25.2,59,0.0,5729.471131862295
2023-10-15 16:00:00,24.2,64,0.0,4789.977428041153
2023-10-15 17:00:00,25.0,61,0.0,4973.299089418609
2023-10-15 18:00:00,23.7,67,0.0,3887.1365906049846
2023-10-15 19:00:00,22.7,70,0.0,3279.2818943604034
2023-10-15 20:00:00,21.6,75,0.0,3113.6257895269696
2023-10-15 21:00:00,21.6,74,0.0,2778.2487146750123
2023-10-15 22:00:00,21.0,77,0.0,2873.33052981702
2023-10-15 23:00:00,20.8,78,0.0,2657.279192001361
2023-10-16 00:00:00,22.7,74,0.0,2643.469705953816
2023-10-16 01:00:00,22.2,72,0.0,2886.2511643607268
2023-10-16 02:00:00,22.6,70,85.1,3145.2436134944887
2023-10-16 03:00:00,25.2,63,264.1,4559.4112850301435
2023-10-16 04:00:00,28.7,54,538.3,8500.0
2023-10-16 05:00:00,24.0,65,256.4,3778.943586371898
2023-10-16 06:00:00,25.7,61,165.5,5494.769038894466
2023-10-16 07:00:00,27.0,56,252.7,7242.686370762764
2023-10-16 08:00:00,28.5,51,221.2,8500.0
2023-10-16 09:00:00,28.9,51,630.5,8500.0
2023-10-16 10:00:00,29.0,49,444.1,8500.0
2023-10-16 11:00:00,27.8,54,186.4,8500.0
2023-10-16 12:00:00,25.5,54,0.0,5985.303720547461
2023-10-16 13:00:00,24.6,59,0.0,5342.240647519513
2023-10-16 14:00:00,24.0,64,0.0,4756.350984127454
2023-10-16 15:00:00,23.6,67,0.0,4430.1016769029475
2023-10-16 16:00:00,23.4,66,0.0,4204.08721349542
2023-10-16 17:00:00,23.0,71,0.0,3975.7749074046706
2023-10-16 18:00:00,19.8,87,0.0,3541.5656766272596
2023-10-16 19:00:00,20.3,89,0.0,3212.818424166063
2023-10-16 20:00:00,20.5,76,0.0,3014.3531040079583
2023-10-16 21:00:00,20.2,75,0.0,2953.9595321259317
2023-10-16 22:00:00,20.2,74,0.0,3053.7630320608228
2023-10-16 23:00:00,19.6,80,0.0,2882.189331469282
2023-10-17 00:00:00,18.7,84,0.0,2737.87153503769
2023-10-17 01:00:00,19.2,83,0.0,2981.169544065928
2023-10-17 02:00:00,20.0,81,107.4,2627.8480575036338
2023-10-17 03:00:00,21.8,74,323.1,3137.8264293107604
2023-10-17 04:00:00,23.7,67,415.8,3485.6963291029706
2023-10-17 05:00:00,25.1,59,471.5,4804.293507493587
2023-10-17 06:00:00,26.6,54,561.3,6346.103484866426
2023-10-17 07:00:00,28.0,48,652.6,8500.0
2023-10-17 08:00:00,28.7,46,612.1,8500.0
2023-10-17 09:00:00,28.3,47,415.1,8500.0
2023-10-17 10:00:00,26.7,51,18.1,7316.547179651513
2023-10-17 11:00:00,25.4,64,61.0,5966.048079049428
2023-10-17 12:00:00,23.1,70,70.3,4398.275112442816
2023-10-17 13:00:00,22.5,72,0.0,4625.626312804247
2023-10-17 14:00:00,21.4,76,0.0,4114.376383197218
2023-10-17 15:00:00,20.4,83,0.0,3991.2593491281273
2023-10-17 16:00:00,19.3,90,0.0,3817.701486559179
2023-10-17 17:00:00,18.7,92,0.0,3563.717441183975
2023-10-17 18:00:00,18.2,92,0.0,3501.3434099515694
2023-10-17 19:00:00,17.8,93,0.0,3241.823482090119
2023-10-17 20:00:00,17.6,93,0.0,3193.2267451339026
2023-10-17 21:00:00,17.6,93,0.0,2895.794577692052
2023-10-17 22:00:00,17.3,92,0.0,2866.0433096965908
2023-10-17 23:00:00,17.1,89,0.0,2651.335219623293
2023-10-18 00:00:00,18.2,88,0.0,2702.332160292335
2023-10-18 01:00:00,18.4,87,0.0,2826.9249506818787
2023-10-18 02:00:00,19.6,82,144.6,2548.559987562171
2023-10-18 03:00:00,21.8,73,374.1,2698.2352785813955
2023-10-18 04:00:00,24.1,64,535.0,3721.8894413434
2023-10-18 05:00:00,26.1,53,627.9,5754.059494944623
2023-10-18 06:00:00,27.5,45,679.0,7609.980176154628
2023-10-18 07:00:00,28.4,42,697.9,8500.0
2023-10-18 08:00:00,28.8,41,689.0,8500.0
2023-10-18 09:00:00,29.0,41,636.8,8500.0
2023-10-18 10:00:00,28.8,39,551.4,8500.0
2023-10-18 11:00:00,28.1,39,434.8,8500.0
2023-10-18 12:00:00,25.9,44,221.9,6532.44850723474
2023-10-18 13:00:00,24.0,51,0.0,4809.193420080579
2023-10-18 14:00:00,22.9,56,0.0,4228.21482545657
2023-10-18 15:00:00,22.0,59,0.0,3952.706309242855
2023-10-18 16:00:00,21.3,61,0.0,3652.294900502027
2023-10-18 17:00:00,20.6,63,0.0,3810.8308501829974
2023-10-18 18:00:00,19.8,66,0.0,3734.4060394382786
2023-10-18 19:00:00,19.1,69,0.0,3262.324617219066
2023-10-18 20:00:00,18.4,73,0.0,3041.920023664415
2023-10-18 21:00:00,17.9,75,0.0,2885.635925965255
2023-10-18 22:00:00,17.4,77,0.0,2775.062583530127
2023-10-18 23:00:00,17.0,79,0.0,2810.9731920661484
2023-10-19 00:00:00,17.2,83,0.0,2814.098827598019
2023-10-19 01:00:00,17.4,82,0.0,2711.6387115150073
2023-10-19 02:00:00,18.5,78,153.4,2845.2874932223413
2023-10-19 03:00:00,20.8,70,389.4,3134.7342325596956
2023-10-19 04:00:00,23.1,62,548.0,3122.5682172069405
2023-10-19 05:00:00,25.0,54,638.8,4755.280623662406
2023-10-19 06:00:00,26.4,48,686.4,6348.757396064141
2023-10-19 07:00:00,27.6,43,704.0,8033.675897121396
2023-10-19 08:00:00,28.3,40,695.4,8500.0
2023-10-19 09:00:00,28.6,39,658.5,8500.0
2023-10-19 10:00:00,28.4,39,579.6,8500.0
2023-10-19 11:00:00,27.7,40,439.6,8428.16758234081
2023-10-19 12:00:00,24.8,53,221.2,5569.551286311339
2023-10-19 13:00:00,22.9,58,0.0,4153.012556826653
2023-10-19 14:00:00,21.6,65,0.0,4212.806169811929
2023-10-19 15:00:00,20.5,70,0.0,3870.6416166923764
2023-10-19 16:00:00,19.9,72,0.0,3851.3698141498658
2023-10-19 17:00:00,19.3,74,0.0,3458.863785995357
2023-10-19 18:00:00,19.2,75,0.0,3605.2201652521594
2023-10-19 19:00:00,18.6,77,0.0,3350.1703830512315
2023-10-19 20:00:00,17.9,81,0.0,3059.709309208682
2023-10-19 21:00:00,17.4,84,0.0,2952.05050143887
2023-10-19 22:00:00,17.9,81,0.0,2812.9204868444335
2023-10-19 23:00:00,17.1,85,0.0,2684.7400350854477
2023-10-20 00:00:00,17.0,89,0.0,2576.523143173831
2023-10-20 01:00:00,17.3,89,0.0,2688.0207357527925
2023-10-20 02:00:00,19.2,81,147.6,2437.097212639367
2023-10-20 03:00:00,21.9,69,380.5,3089.4172029824335
2023-10-20 04:00:00,24.4,59,545.5,3822.733716443168
2023-10-20 05:00:00,26.2,51,640.6,5794.66604973153
2023-10-20 06:00:00,27.3,46,691.2,7398.960101794358
2023-10-20 07:00:00,28.2,42,710.1,8500.0
2023-10-20 08:00:00,28.8,39,701.8,8500.0
2023-10-20 09:00:00,29.1,37,664.1,8500.0
2023-10-20 10:00:00,29.1,36,584.1,8500.0
2023-10-20 11:00:00,28.3,38,441.8,8500.0
2023-10-20 12:00:00,25.7,49,220.3,6225.969369869214
2023-10-20 13:00:00,23.7,57,0.0,4815.596847289745
2023-10-20 14:00:00,22.4,65,0.0,4025.129783121784
2023-10-20 15:00:00,21.3,70,0.0,4271.781223327436
2023-10-20 16:00:00,20.3,75,0.0,3530.4454885692894
2023-10-20 17:00:00,19.6,78,0.0,3653.2798910780966
2023-10-20 18:00:00,18.9,81,0.0,3395.603577686522
2023-10-20 19:00:00,18.4,83,0.0,3009.093285945366
2023-10-20 20:00:00,17.8,85,0.0,3238.8379624805684
2023-10-20 21:00:00,17.5,87,0.0,2898.159217748808
2023-10-20 22:00:00,16.9,90,0.0,2887.0462426955705
2023-10-20 23:00:00,16.7,90,0.0,2891.921226017378
2023-10-21 00:00:00,17.5,89,0.0,2858.740150051842
2023-10-21 01:00:00,17.6,90,0.0,2790.1673839758932
2023-10-21 02:00:00,19.3,83,149.1,2761.0935882602826
2023-10-21 03:00:00,22.3,72,383.8,2989.9216026908634
2023-10-21 04:00:00,24.9,62,544.9,4394.501372527334
2023-10-21 05:00:00,26.9,53,636.3,6545.567996426723
2023-10-21 06:00:00,28.2,45,685.1,8500.0
2023-10-21 07:00:00,29.0,40,702.1,8500.0
2023-10-21 08:00:00,29.5,38,692.3,8500.0
2023-10-21 09:00:00,29.7,36,653.2,8500.0
2023-10-21 10:00:00,29.6,36,573.6,8500.0
2023-10-21 11:00:00,29.0,38,430.0,8500.0
2023-10-21 12:00:00,26.2,49,212.9,6895.503425787079
2023-10-21 13:00:00,24.5,47,0.0,5362.614670127672
2023-10-21 14:00:00,23.4,48,0.0,4533.324236571439
2023-10-21 15:00:00,21.7,55,0.0,4161.386160006537
2023-10-21 16:00:00,21.0,61,0.0,3879.6693351367594
2023-10-21 17:00:00,19.9,69,0.0,3875.9210858030183
2023-10-21 18:00:00,19.5,72,0.0,3391.3799493870397
2023-10-21 19:00:00,18.4,77,0.0,3204.9939591572534
2023-10-21 20:00:00,18.5,75,0.0,3157.3768965767213
2023-10-21 21:00:00,19.2,71,0.0,2925.919952126272
2023-10-21 22:00:00,17.5,79,0.0,2860.39013597819
2023-10-21 23:00:00,17.3,79,0.0,2711.248092635729
2023-10-22 00:00:00,17.2,84,0.0,2588.5355272595693
2023-10-22 01:00:00,17.1,86,0.0,2441.01575282288
2023-10-22 02:00:00,19.1,78,143.1,2820.3407749821204
2023-10-22 03:00:00,22.3,68,365.4,2815.6003833983477
2023-10-22 04:00:00,25.1,58,520.4,4732.699004058034
2023-10-22 05:00:00,27.3,48,610.2,7331.345044096345
2023-10-22 06:00:00,28.7,40,658.6,8500.0
2023-10-22 07:00:00,29.6,37,675.7,8500.0
2023-10-22 08:00:00,30.3,35,669.1,8500.0
2023-10-22 09:00:00,30.4,36,621.0,8500.0
2023-10-22 10:00:00,30.2,36,540.3,8500.0
2023-10-22 11:00:00,29.4,38,392.7,8500.0
2023-10-22 12:00:00,26.5,47,183.5,7407.359874414761
2023-10-22 13:00:00,25.4,50,0.0,5862.497680165126
2023-10-22 14:00:00,24.1,58,0.0,5141.4918462183105
2023-10-22 15:00:00,22.9,64,0.0,4225.60107299791
2023-10-22 16:00:00,21.8,70,0.0,3833.076938744318
2023-10-22 17:00:00,21.3,74,0.0,3773.162602985951
2023-10-22 18:00:00,20.4,79,0.0,3447.622377846514
2023-10-22 19:00:00,19.7,83,0.0,3193.53421577923
2023-10-22 20:00:00,19.0,86,0.0,3040.444845256536
2023-10-22 21:00:00,18.5,88,0.0,3000.034979632103
2023-10-22 22:00:00,18.0,90,0.0,2708.747715993663
2023-10-22 23:00:00,17.6,91,0.0,2703.183998857688
2023-10-23 00:00:00,17.9,91,0.0,2775.4383229360374
2023-10-23 01:00:00,18.2,90,0.0,2948.7664856099814
2023-10-23 02:00:00,19.7,84,137.1,2898.086060142605
2023-10-23 03:00:00,22.3,73,365.6,2913.3784437651343
2023-10-23 04:00:00,24.9,63,525.8,4334.277616994022
2023-10-23 05:00:00,27.1,50,621.3,7142.65287824523
2023-10-23 06:00:00,28.2,44,670.2,8500.0
2023-10-23 07:00:00,29.0,41,689.6,8500.0
2023-10-23 08:00:00,29.5,40,680.8,8500.0
2023-10-23 09:00:00,29.7,38,629.3,8500.0
2023-10-23 10:00:00,29.5,37,538.7,8500.0
2023-10-23 11:00:00,28.9,37,402.7,8500.0
2023-10-23 12:00:00,26.1,46,192.5,6590.413311255337
2023-10-23 13:00:00,24.0,54,0.0,4896.848607732296
2023-10-23 14:00:00,23.1,59,0.0,4390.172985973338
2023-10-23 15:00:00,22.4,63,0.0,3819.552046619092
2023-10-23 16:00:00,22.0,65,0.0,4036.6183695385475
2023-10-23 17:00:00,21.8,66,0.0,4076.8616554448004
2023-10-23 18:00:00,21.0,69,0.0,3548.9989980706846
2023-10-23 19:00:00,19.9,76,0.0,3274.7702861137327
2023-10-23 20:00:00,19.2,79,0.0,3017.8925907188473
2023-10-23 21:00:00,18.2,84,0.0,3048.6632152162115
2023-10-23 22:00:00,17.9,85,0.0,2850.8048335446365
2023-10-23 23:00:00,17.7,86,0.0,2542.8401335007775
2023-10-24 00:00:00,17.7,90,0.0,2548.3828276207137
2023-10-24 01:00:00,17.9,89,0.0,2452.425168335726
2023-10-24 02:00:00,19.2,83,138.6,2961.657606033054
2023-10-24 03:00:00,22.0,72,375.3,3128.435924006353
2023-10-24 04:00:00,24.9,61,537.2,4349.869184831609
2023-10-24 05:00:00,27.3,51,631.0,7176.810557544072
2023-10-24 06:00:00,28.8,43,680.5,8500.0
2023-10-24 07:00:00,29.7,40,698.4,8500.0
2023-10-24 08:00:00,30.3,36,680.4,8500.0
2023-10-24 09:00:00,30.5,34,619.4,8500.0
2023-10-24 10:00:00,30.4,32,506.4,8500.0
2023-10-24 11:00:00,29.7,33,384.1,8500.0
2023-10-24 12:00:00,26.6,44,181.5,7051.556069095435
2023-10-24 13:00:00,24.7,44,0.0,5403.521109503084
2023-10-24 14:00:00,23.8,48,0.0,4586.83544559362
2023-10-24 15:00:00,22.7,52,0.0,4016.1441157033396
2023-10-24 16:00:00,21.5,58,0.0,3664.5657741189734
2023-10-24 17:00:00,20.8,61,0.0,3762.030127361003
2023-10-24 18:00:00,20.2,64,0.0,3322.5107915353133
2023-10-24 19:00:00,19.4,69,0.0,3259.5599742869563
2023-10-24 20:00:00,19.0,73,0.0,3125.012093856771
2023-10-24 21:00:00,18.6,77,0.0,2984.800423121983
2023-10-24 22:00:00,17.9,80,0.0,3059.4182275272815
2023-10-24 23:00:00,17.5,82,0.0,2629.9519266137704
2023-10-25 00:00:00,17.1,83,0.0,2927.9283254786073
2023-10-25 01:00:00,18.1,85,0.0,2790.670117088246
2023-10-25 02:00:00,19.5,79,140.1,2748.08769561838
2023-10-25 03:00:00,22.1,70,378.8,3014.3254651298726
2023-10-25 04:00:00,24.8,61,540.7,4147.796214941112
2023-10-25 05:00:00,27.1,54,636.0,7082.599509760115
2023-10-25 06:00:00,29.0,42,686.7,8500.0
2023-10-25 07:00:00,29.9,37,703.2,8500.0
2023-10-25 08:00:00,30.5,33,693.6,8500.0
2023-10-25 09:00:00,30.6,29,633.9,8500.0
2023-10-25 10:00:00,30.2,29,542.8,8500.0
2023-10-25 11:00:00,29.3,31,396.9,8500.0
2023-10-25 12:00:00,26.5,39,190.6,7038.8191016628225
2023-10-25 13:00:00,24.4,50,0.0,5220.895874413443
2023-10-25 14:00:00,23.2,56,0.0,4291.487982346256
2023-10-25 15:00:00,21.7,62,0.0,3908.7983907828157
2023-10-25 16:00:00,20.6,67,0.0,3953.1219565544234
2023-10-25 17:00:00,20.1,68,0.0,3657.3087753306027
2023-10-25 18:00:00,19.8,69,0.0,3411.762121780117
2023-10-25 19:00:00,19.2,72,0.0,3080.8832397438664
2023-10-25 20:00:00,18.2,77,0.0,3376.7286576181173
2023-10-25 21:00:00,17.9,79,0.0,2818.9624890258797
2023-10-25 22:00:00,17.8,79,0.0,2950.9777651989357
2023-10-25 23:00:00,17.3,81,0.0,2506.276343188947
2023-10-26 00:00:00,16.9,83,0.0,2520.8267665971853
2023-10-26 01:00:00,17.5,83,0.0,2659.235849685617
2023-10-26 02:00:00,18.8,78,133.9,2951.0930579003825
2023-10-26 03:00:00,21.5,68,379.2,3000.798796727252
2023-10-26 04:00:00,24.4,59,548.4,4082.340813010936
2023-10-26 05:00:00,26.8,51,644.3,6592.370148114058
2023-10-26 06:00:00,28.6,42,694.4,8500.0
2023-10-26 07:00:00,29.6,36,712.1,8500.0
2023-10-26 08:00:00,30.2,32,701.5,8500.0
2023-10-26 09:00:00,30.5,29,660.9,8500.0
2023-10-26 10:00:00,30.3,27,575.9,8500.0
2023-10-26 11:00:00,29.4,30,424.5,8500.0
2023-10-26 12:00:00,26.3,38,193.0,7028.138973088703
2023-10-26 13:00:00,24.1,46,0.0,4683.7003226835295
2023-10-26 14:00:00,22.5,54,0.0,4230.882499473716
2023-10-26 15:00:00,21.3,59,0.0,3928.1849458323313
2023-10-26 16:00:00,20.4,61,0.0,3524.349380472899
2023-10-26 17:00:00,20.3,59,0.0,3524.7718587335457
2023-10-26 18:00:00,19.7,61,0.0,3639.3248237508196
2023-10-26 19:00:00,19.2,61,0.0,3189.740217329312
2023-10-26 20:00:00,18.6,61,0.0,3011.067598786328
2023-10-26 21:00:00,17.8,63,0.0,3016.0402808992
2023-10-26 22:00:00,17.1,66,0.0,2886.4255493869605
2023-10-26 23:00:00,16.9,67,0.0,2645.94386553232
2023-10-27 00:00:00,16.6,67,0.0,2633.9738899686863
2023-10-27 01:00:00,16.8,76,0.0,2697.239330219459
2023-10-27 02:00:00,18.0,71,135.4,2824.7210185617346
2023-10-27 03:00:00,21.3,62,396.0,3175.59372014503
2023-10-27 04:00:00,24.5,52,564.5,3874.3536066564147
2023-10-27 05:00:00,27.2,44,660.8,7449.353272288231
2023-10-27 06:00:00,29.2,32,710.6,8500.0
2023-10-27 07:00:00,29.9,29,726.5,8500.0
2023-10-27 08:00:00,30.3,27,714.9,8500.0
2023-10-27 09:00:00,30.4,27,671.1,8500.0
2023-10-27 10:00:00,30.1,27,584.1,8500.0
2023-10-27 11:00:00,29.2,31,429.0,8500.0
2023-10-27 12:00:00,25.4,44,188.5,6026.717176849541
2023-10-27 13:00:00,23.5,51,0.0,4388.341297466272
2023-10-27 14:00:00,22.8,54,0.0,4386.6532063600125
2023-10-27 15:00:00,21.9,57,0.0,3804.721890678131
2023-10-27 16:00:00,21.1,58,0.0,3911.204340588054
2023-10-27 17:00:00,20.7,57,0.0,3843.474827428881
2023-10-27 18:00:00,22.3,50,0.0,3179.8586444614684
2023-10-27 19:00:00,23.3,45,0.0,3370.239372973096
2023-10-27 20:00:00,22.5,49,0.0,3205.1640940811217
2023-10-27 21:00:00,21.5,52,0.0,2861.1819633988493
2023-10-27 22:00:00,21.0,54,0.0,2836.276572287798
2023-10-27 23:00:00,20.7,54,0.0,2870.5677759185064
2023-10-28 00:00:00,20.3,55,0.0,2604.7799104768906
2023-10-28 01:00:00,18.6,67,0.0,2994.5007516632922
2023-10-28 02:00:00,19.1,68,104.8,2709.376544435108
2023-10-28 03:00:00,21.8,62,290.8,2874.8017828378574
2023-10-28 04:00:00,24.7,52,340.2,3958.56207167144
2023-10-28 05:00:00,27.0,45,415.1,6930.16164309397
2023-10-28 06:00:00,28.6,38,524.5,8500.0
2023-10-28 07:00:00,29.6,34,543.6,8500.0
2023-10-28 08:00:00,29.9,32,324.7,8500.0
2023-10-28 09:00:00,30.0,30,265.7,8500.0
2023-10-28 10:00:00,29.6,31,155.5,8500.0
2023-10-28 11:00:00,28.6,39,155.5,8500.0
2023-10-28 12:00:00,26.5,47,70.7,7006.877348598715
2023-10-28 13:00:00,23.8,51,0.0,4936.617341994418
2023-10-28 14:00:00,25.1,44,0.0,5608.226206992223
2023-10-28 15:00:00,26.0,41,0.0,6352.332367399303
2023-10-28 16:00:00,23.9,49,0.0,4301.862144206792
2023-10-28 17:00:00,22.6,54,0.0,3645.4117485181246
2023-10-28 18:00:00,21.4,57,0.0,3503.9480448452987
2023-10-28 19:00:00,21.6,57,0.0,3559.809722068749
2023-10-28 20:00:00,20.3,62,0.0,3080.0615547686357
2023-10-28 21:00:00,18.8,66,0.0,2919.753491998729
2023-10-28 22:00:00,18.3,69,0.0,2943.0476797098054
2023-10-28 23:00:00,17.8,73,0.0,2652.2768530646154
2023-10-29 00:00:00,18.2,72,0.0,2602.847274818439
2023-10-29 01:00:00,20.1,63,0.0,2520.2282562651926
2023-10-29 02:00:00,19.8,68,114.2,2925.716989105123
2023-10-29 03:00:00,22.4,62,347.2,3081.234878389342
2023-10-29 04:00:00,25.8,52,522.1,5289.430085281467
2023-10-29 05:00:00,28.2,43,623.1,8500.0
2023-10-29 06:00:00,29.7,39,670.1,8500.0
2023-10-29 07:00:00,30.6,36,674.7,8500.0
2023-10-29 08:00:00,31.2,33,669.7,8500.0
2023-10-29 09:00:00,31.4,32,632.0,8500.0
2023-10-29 10:00:00,31.2,32,547.2,8500.0
2023-10-29 11:00:00,30.0,41,395.9,8500.0
2023-10-29 12:00:00,27.4,48,171.9,8404.682388718582
2023-10-29 13:00:00,25.0,55,0.0,5815.714814858864
2023-10-29 14:00:00,23.8,60,0.0,4860.168935360239
2023-10-29 15:00:00,22.5,67,0.0,3994.1771179551074
2023-10-29 16:00:00,21.9,70,0.0,3788.6019516423275
2023-10-29 17:00:00,20.6,77,0.0,3844.816583872188
2023-10-29 18:00:00,20.0,79,0.0,3675.7743072783187
2023-10-29 19:00:00,19.4,81,0.0,3298.911258914699
2023-10-29 20:00:00,18.9,84,0.0,3158.3334554395383
2023-10-29 21:00:00,18.5,87,0.0,3119.2674094936247
2023-10-29 22:00:00,17.9,90,0.0,2952.5985048565253
2023-10-29 23:00:00,17.7,90,0.0,2917.1571397933712
2023-10-30 00:00:00,17.6,90,0.0,2709.8600048804747
2023-10-30 01:00:00,18.4,93,0.0,2566.3394758232776
2023-10-30 02:00:00,20.2,86,107.4,2705.9915936226175
2023-10-30 03:00:00,23.1,74,344.0,3067.3250919597062
2023-10-30 04:00:00,26.0,63,511.1,5411.4576054422605
2023-10-30 05:00:00,28.4,53,608.8,8500.0
2023-10-30 06:00:00,29.9,47,660.9,8500.0
2023-10-30 07:00:00,30.9,43,679.6,8500.0
2023-10-30 08:00:00,31.5,38,669.1,8500.0
2023-10-30 09:00:00,31.7,35,599.5,8500.0
2023-10-30 10:00:00,31.3,36,483.3,8500.0
2023-10-30 11:00:00,30.3,41,342.1,8500.0
2023-10-30 12:00:00,27.2,53,152.3,7955.989127775042
2023-10-30 13:00:00,24.6,59,0.0,5525.202858757578
2023-10-30 14:00:00,23.3,64,0.0,4573.505362925909
2023-10-30 15:00:00,22.6,64,0.0,4226.016430808905
2023-10-30 16:00:00,22.0,68,0.0,3933.3196644353447
2023-10-30 17:00:00,20.9,78,0.0,3541.785507087171
2023-10-30 18:00:00,20.8,80,0.0,3532.976481654076
2023-10-30 19:00:00,19.8,86,0.0,3372.139591477551
2023-10-30 20:00:00,19.9,85,0.0,3188.930155695195
2023-10-30 21:00:00,19.0,90,0.0,2673.1141308947876
2023-10-30 22:00:00,18.6,91,0.0,2662.0468288858724
2023-10-30 23:00:00,18.5,90,0.0,2538.8812148864504
2023-10-31 00:00:00,18.7,90,0.0,2492.9157618309264
2023-10-31 01:00:00,19.2,90,0.0,2778.6920521401357
2023-10-31 02:00:00,20.7,84,108.8,2801.8953575070313
2023-10-31 03:00:00,23.5,74,347.7,3454.4678512120067
2023-10-31 04:00:00,26.0,65,514.7,5339.473834054117
2023-10-31 05:00:00,28.1,56,610.7,8500.0
2023-10-31 06:00:00,29.5,49,661.6,8500.0
2023-10-31 07:00:00,30.3,45,679.0,8500.0
2023-10-31 08:00:00,30.8,41,667.1,8500.0
2023-10-31 09:00:00,31.1,37,582.4,8500.0
2023-10-31 10:00:00,30.9,36,502.9,8500.0
2023-10-31 11:00:00,30.0,40,330.3,8500.0
2023-10-31 12:00:00,26.5,56,139.5,7254.332231198307
2023-10-31 13:00:00,25.2,62,0.0,6008.878933675962
2023-10-31 14:00:00,24.2,69,0.0,5047.521186743859
2023-10-31 15:00:00,23.3,73,0.0,4251.923681933569
2023-10-31 16:00:00,22.3,77,0.0,3940.9835013020233
2023-10-31 17:00:00,21.4,80,0.0,3681.08107660932
2023-10-31 18:00:00,20.9,81,0.0,3319.924287590364
2023-10-31 19:00:00,20.5,83,0.0,3523.2027403548473
2023-10-31 20:00:00,20.3,84,0.0,3200.060494906756
2023-10-31 21:00:00,20.1,83,0.0,2991.6502897792334
2023-10-31 22:00:00,19.5,85,0.0,2797.2412721397186
2023-10-31 23:00:00,18.8,89,0.0,2691.1182173115108
2023-11-01 00:00:00,19.1,86,0.0,2489.439539440884
2023-11-01 01:00:00,20.2,81,0.0,2620.9006772575117
2023-11-01 02:00:00,20.2,82,101.7,2812.0615683724786
2023-11-01 03:00:00,22.6,74,341.0,3141.697393037255
2023-11-01 04:00:00,25.3,63,509.9,4643.869661302553
2023-11-01 05:00:00,27.4,54,607.8,7527.567376179437
2023-11-01 06:00:00,28.9,48,660.8,8500.0
2023-11-01 07:00:00,29.8,44,679.9,8500.0
2023-11-01 08:00:00,30.3,41,669.4,8500.0
2023-11-01 09:00:00,30.5,39,626.0,8500.0
2023-11-01 10:00:00,30.2,39,537.0,8500.0
2023-11-01 11:00:00,29.4,42,383.7,8500.0
2023-11-01 12:00:00,26.5,52,156.1,7221.216441800598
2023-11-01 13:00:00,25.8,55,0.0,6430.027418141935
2023-11-01 14:00:00,24.0,64,0.0,4571.256079905172
2023-11-01 15:00:00,23.0,69,0.0,4309.437451411648
2023-11-01 16:00:00,22.0,74,0.0,3679.556980428637
2023-11-01 17:00:00,21.1,78,0.0,3751.4087995560667
2023-11-01 18:00:00,20.4,82,0.0,3143.2434592610416
2023-11-01 19:00:00,20.0,84,0.0,3194.9689023892574
2023-11-01 20:00:00,20.0,83,0.0,3122.730334952507
2023-11-01 21:00:00,21.7,74,0.0,3014.5022941091906
2023-11-01 22:00:00,21.3,75,0.0,2932.5890762332588
2023-11-01 23:00:00,21.7,72,0.0,3035.1178004964017
2023-11-02 00:00:00,19.0,84,0.0,2753.992654349633
2023-11-02 01:00:00,19.1,85,0.0,2661.2325409849223
2023-11-02 02:00:00,19.8,82,103.1,3022.4400301722208
2023-11-02 03:00:00,22.6,73,337.8,2896.689617538738
2023-11-02 04:00:00,25.5,61,509.3,4837.135069148573
2023-11-02 05:00:00,27.7,53,604.8,7826.653679378844
2023-11-02 06:00:00,29.0,47,654.3,8500.0
2023-11-02 07:00:00,29.7,44,671.1,8500.0
2023-11-02 08:00:00,30.1,42,644.5,8500.0
2023-11-02 09:00:00,30.3,40,602.3,8500.0
2023-11-02 10:00:00,30.2,38,502.1,8500.0
2023-11-02 11:00:00,29.6,39,337.2,8500.0
2023-11-02 12:00:00,26.3,51,135.5,7166.508425038318
2023-11-02 13:00:00,24.6,64,0.0,5451.866560068742
2023-11-02 14:00:00,23.4,71,0.0,4481.409052947945
2023-11-02 15:00:00,22.6,75,0.0,4004.6885998982316
2023-11-02 16:00:00,21.6,78,0.0,3832.5630897274177
2023-11-02 17:00:00,21.3,78,0.0,3682.1245672829436
2023-11-02 18:00:00,21.2,77,0.0,3167.2131388293806
2023-11-02 19:00:00,19.8,84,0.0,3398.1240852915707
2023-11-02 20:00:00,19.5,86,0.0,2975.0317842136933
2023-11-02 21:00:00,18.6,90,0.0,2949.2386427122965
2023-11-02 22:00:00,18.6,90,0.0,2893.8923333522216
2023-11-02 23:00:00,18.2,92,0.0,2680.1513453890316
2023-11-03 00:00:00,17.8,93,0.0,2803.88097277062
2023-11-03 01:00:00,17.9,97,0.0,2735.8898271223306
2023-11-03 02:00:00,18.9,93,95.8,2888.4260351313137
2023-11-03 03:00:00,21.6,80,334.4,3061.6776544316563
2023-11-03 04:00:00,24.4,68,504.4,4024.9322097031145
2023-11-03 05:00:00,26.8,57,605.1,6593.285047132333
2023-11-03 06:00:00,28.3,49,656.4,8500.0
2023-11-03 07:00:00,27.1,52,671.9,7416.193944021875
2023-11-03 08:00:00,27.8,45,326.9,8440.549263845282
2023-11-03 09:00:00,28.5,44,560.6,8500.0
2023-11-03 10:00:00,28.4,44,518.1,8500.0
2023-11-03 11:00:00,27.7,48,372.6,8500.0
2023-11-03 12:00:00,25.1,59,144.8,5895.898938710703
2023-11-03 13:00:00,22.7,66,0.0,4540.326335670396
2023-11-03 14:00:00,22.2,66,0.0,4352.353324208719
2023-11-03 15:00:00,21.3,70,0.0,4051.432810260212
2023-11-03 16:00:00,20.8,70,0.0,3812.9813373123307
2023-11-03 17:00:00,20.2,70,0.0,3850.5860216191318
2023-11-03 18:00:00,18.7,77,0.0,3526.4353910273444
2023-11-03 19:00:00,17.6,81,0.0,3088.390105578547
2023-11-03 20:00:00,17.0,83,0.0,2911.8706481558684
2023-11-03 21:00:00,16.7,83,0.0,3123.641860940544
2023-11-03 22:00:00,17.2,79,0.0,2747.632595815588
2023-11-03 23:00:00,16.6,82,0.0,2592.44270916717
2023-11-04 00:00:00,15.9,85,0.0,2853.3277398237656
2023-11-04 01:00:00,17.6,91,0.0,2905.448821102182
2023-11-04 02:00:00,18.8,86,97.1,2607.536971942996
2023-11-04 03:00:00,21.4,75,338.2,2952.7805999438897
2023-11-04 04:00:00,23.8,66,512.5,3492.754372729221
2023-11-04 05:00:00,25.9,59,612.1,5437.342731548647
2023-11-04 06:00:00,27.6,51,661.5,7775.591931050907
2023-11-04 07:00:00,28.7,46,678.2,8500.0
2023-11-04 08:00:00,29.4,42,665.9,8500.0
2023-11-04 09:00:00,29.6,41,630.7,8500.0
2023-11-04 10:00:00,29.4,37,474.1,8500.0
2023-11-04 11:00:00,28.5,37,315.3,8500.0
2023-11-04 12:00:00,25.9,45,115.7,6445.19379273767
2023-11-04 13:00:00,23.6,65,0.0,4858.830166871757
2023-11-04 14:00:00,22.6,70,0.0,4330.06279020301
2023-11-04 15:00:00,21.8,75,0.0,4025.7728444324866
2023-11-04 16:00:00,23.9,62,0.0,4666.596952296497
2023-11-04 17:00:00,21.1,72,0.0,3589.0065585627717
2023-11-04 18:00:00,19.6,77,0.0,3272.947694207251
2023-11-04 19:00:00,19.2,78,0.0,3470.801272541366
2023-11-04 20:00:00,20.0,73,0.0,2939.8693458878915
2023-11-04 21:00:00,17.5,84,0.0,2635.7619679879163
2023-11-04 22:00:00,17.3,86,0.0,2951.579816263562
2023-11-04 23:00:00,16.9,88,0.0,2556.9483505995163
2023-11-05 00:00:00,16.8,89,0.0,2746.730112178615
2023-11-05 01:00:00,17.8,96,0.0,2745.7818732599326
2023-11-05 02:00:00,18.8,94,98.4,3074.046595515883
2023-11-05 03:00:00,21.3,84,320.4,2784.3572144783648
2023-11-05 04:00:00,24.7,69,544.9,4586.820674745331
2023-11-05 05:00:00,27.4,45,634.4,7223.244933258684
2023-11-05 06:00:00,28.7,34,685.6,8500.0
2023-11-05 07:00:00,29.3,32,701.4,8500.0
2023-11-05 08:00:00,29.6,32,691.2,8500.0
2023-11-05 09:00:00,29.6,32,647.5,8500.0
2023-11-05 10:00:00,29.4,32,558.8,8500.0
2023-11-05 11:00:00,28.0,39,396.4,8500.0
2023-11-05 12:00:00,24.4,52,156.2,4995.100123287051
2023-11-05 13:00:00,22.0,62,0.0,4183.367307459024
2023-11-05 14:00:00,21.2,64,0.0,4113.22176647562
2023-11-05 15:00:00,21.3,59,0.0,4120.097849865236
2023-11-05 16:00:00,21.0,57,0.0,3942.4386858914677
2023-11-05 17:00:00,22.1,51,0.0,3592.192004062372
2023-11-05 18:00:00,22.1,50,0.0,3553.207747876912
2023-11-05 19:00:00,18.3,64,0.0,3456.909744980834
2023-11-05 20:00:00,16.8,72,0.0,2953.7676684860994
2023-11-05 21:00:00,19.6,59,0.0,3032.167920727128
2023-11-05 22:00:00,19.3,60,0.0,2726.536800086529
2023-11-05 23:00:00,19.1,61,0.0,2739.8446734490626
2023-11-06 00:00:00,15.2,81,0.0,2374.1519089349126
2023-11-06 01:00:00,15.8,90,0.0,2730.237381199693
2023-11-06 02:00:00,17.7,84,99.8,2730.455550394136
2023-11-06 03:00:00,21.2,72,353.2,2708.8348698098653
2023-11-06 04:00:00,24.4,60,531.3,4132.0868960820335
2023-11-06 05:00:00,26.8,48,631.4,6643.491136537539
2023-11-06 06:00:00,28.1,40,680.5,8485.910880629955
2023-11-06 07:00:00,28.8,37,696.6,8500.0
2023-11-06 08:00:00,29.3,34,683.3,8500.0
2023-11-06 09:00:00,29.5,32,638.1,8500.0
2023-11-06 10:00:00,29.3,30,547.9,8500.0
2023-11-06 11:00:00,27.7,43,387.2,8500.0
2023-11-06 12:00:00,23.6,54,150.1,4532.71430205565
2023-11-06 13:00:00,23.3,60,0.0,4372.821314208443
2023-11-06 14:00:00,22.8,61,0.0,4213.375881110283
2023-11-06 15:00:00,20.3,70,0.0,4179.040967909477
2023-11-06 16:00:00,19.6,73,0.0,3879.5495997692283
2023-11-06 17:00:00,18.2,79,0.0,3694.2910809857203
2023-11-06 18:00:00,18.3,78,0.0,3309.668836532896
2023-11-06 19:00:00,17.4,82,0.0,3402.2964498874676
2023-11-06 20:00:00,17.6,81,0.0,3192.536845777519
2023-11-06 21:00:00,17.4,81,0.0,2933.676527795023
2023-11-06 22:00:00,18.0,77,0.0,2868.141252676716
2023-11-06 23:00:00,16.4,84,0.0,2849.60185015468
2023-11-07 00:00:00,18.3,74,0.0,2937.61388763313
2023-11-07 01:00:00,16.3,89,0.0,2665.631394117625
2023-11-07 02:00:00,18.6,81,92.1,2434.5586621628754
2023-11-07 03:00:00,21.9,72,335.2,3123.422408613405
2023-11-07 04:00:00,25.0,60,510.8,4416.637852354247
2023-11-07 05:00:00,27.2,50,609.7,6932.941792524019
2023-11-07 06:00:00,28.6,41,660.5,8500.0
2023-11-07 07:00:00,29.5,35,677.6,8500.0
2023-11-07 08:00:00,30.1,32,666.4,8500.0
2023-11-07 09:00:00,30.1,32,621.8,8500.0
2023-11-07 10:00:00,29.7,33,530.5,8500.0
2023-11-07 11:00:00,28.1,45,371.1,8500.0
2023-11-07 12:00:00,24.3,57,135.9,5012.072960016548
2023-11-07 13:00:00,22.8,66,0.0,4475.081387636586
2023-11-07 14:00:00,22.0,67,0.0,4029.237666347967
2023-11-07 15:00:00,20.9,69,0.0,3992.2155537548874
2023-11-07 16:00:00,20.4,70,0.0,3809.465386082037
2023-11-07 17:00:00,19.9,73,0.0,3885.004120884486
2023-11-07 18:00:00,19.0,78,0.0,3696.403382433321
2023-11-07 19:00:00,20.5,70,0.0,3075.7958069693836
2023-11-07 20:00:00,19.9,72,0.0,3081.2647978080163
2023-11-07 21:00:00,19.1,76,0.0,2729.7899408270237
2023-11-07 22:00:00,17.2,86,0.0,2714.718441157081
2023-11-07 23:00:00,16.8,89,0.0,2926.969163973354
2023-11-08 00:00:00,18.1,80,0.0,2685.80581951996
2023-11-08 01:00:00,18.4,82,0.0,2779.832694602753
2023-11-08 02:00:00,18.2,90,84.1,2894.596667635914
2023-11-08 03:00:00,20.9,76,331.7,3304.4519000456075
2023-11-08 04:00:00,23.7,66,503.4,3652.3185631966917
2023-11-08 05:00:00,25.8,58,599.7,5429.454734704487
2023-11-08 06:00:00,27.3,51,653.6,7454.465070744137
2023-11-08 07:00:00,28.5,45,672.6,8500.0
2023-11-08 08:00:00,29.2,40,665.4,8500.0
2023-11-08 09:00:00,29.5,38,622.0,8500.0
2023-11-08 10:00:00,29.2,37,534.1,8500.0
2023-11-08 11:00:00,27.6,48,378.0,8415.934308569804
2023-11-08 12:00:00,24.3,58,137.4,5484.889861067608
2023-11-08 13:00:00,24.2,59,0.0,5219.967144595809
2023-11-08 14:00:00,22.8,58,0.0,4310.946102116222
2023-11-08 15:00:00,22.6,60,0.0,4044.062374367727
2023-11-08 16:00:00,21.7,66,0.0,3836.826468319851
2023-11-08 17:00:00,20.3,73,0.0,3605.885221940152
2023-11-08 18:00:00,19.7,77,0.0,3624.443104028689
2023-11-08 19:00:00,22.6,61,0.0,2978.5964592783585
2023-11-08 20:00:00,20.4,70,0.0,3215.57032098761
2023-11-08 21:00:00,17.6,85,0.0,3078.3315728417733
2023-11-08 22:00:00,17.1,87,0.0,2835.9934395581236
2023-11-08 23:00:00,17.4,86,0.0,2532.7257692301255
2023-11-09 00:00:00,17.2,85,0.0,2739.262253057614
2023-11-09 01:00:00,16.9,90,0.0,2752.8676915418964
2023-11-09 02:00:00,18.0,85,75.8,2698.550477996872
2023-11-09 03:00:00,20.8,74,320.5,2873.634569196231
2023-11-09 04:00:00,23.8,66,495.9,3339.9097901432147
2023-11-09 05:00:00,26.2,55,596.4,5801.698881493652
2023-11-09 06:00:00,27.6,50,649.7,7870.866609769497
2023-11-09 07:00:00,28.6,47,671.7,8500.0
2023-11-09 08:00:00,29.1,43,631.9,8500.0
2023-11-09 09:00:00,29.2,40,561.8,8500.0
2023-11-09 10:00:00,29.0,38,494.8,8500.0
2023-11-09 11:00:00,27.5,47,357.9,8456.926791773934
2023-11-09 12:00:00,24.2,55,130.8,4932.659428171615
2023-11-09 13:00:00,24.0,59,0.0,5243.432715654839
2023-11-09 14:00:00,23.0,64,0.0,4694.504916903938
2023-11-09 15:00:00,24.7,52,0.0,5283.682196261604
2023-11-09 16:00:00,20.9,69,0.0,3839.561013304321
2023-11-09 17:00:00,20.0,73,0.0,3830.6413565134717
2023-11-09 18:00:00,19.4,76,0.0,3220.896274622189
2023-11-09 19:00:00,18.6,79,0.0,3157.626930652988
2023-11-09 20:00:00,18.5,78,0.0,3210.9984933956052
2023-11-09 21:00:00,19.0,76,0.0,2923.829186026363
2023-11-09 22:00:00,19.7,71,0.0,2619.959540478181
2023-11-09 23:00:00,17.7,80,0.0,2624.7769152025753
2023-11-10 00:00:00,17.4,81,0.0,2610.4947746748308
2023-11-10 01:00:00,18.3,88,0.0,2713.079848189166
2023-11-10 02:00:00,19.3,83,48.1,2874.8324063270743
2023-11-10 03:00:00,20.6,79,156.5,3101.402934040202
2023-11-10 04:00:00,22.9,71,451.8,3339.778237553869
2023-11-10 05:00:00,24.2,62,361.8,4257.697592223046
2023-11-10 06:00:00,26.4,52,518.9,6554.55353786961
2023-11-10 07:00:00,24.2,60,211.2,4339.834368332811
2023-11-10 08:00:00,23.6,63,492.3,4370.3537062017185
2023-11-10 09:00:00,24.8,61,399.6,5485.46193081646
2023-11-10 10:00:00,24.2,62,280.2,4983.503612954599
2023-11-10 11:00:00,23.6,64,115.8,4492.66099981546
2023-11-10 12:00:00,22.2,71,74.4,4076.307613128866
2023-11-10 13:00:00,19.4,88,0.0,4117.331539431874
2023-11-10 14:00:00,18.7,88,0.0,4158.920191923091
2023-11-10 15:00:00,17.8,90,0.0,4006.7191698757697
2023-11-10 16:00:00,17.8,88,0.0,4108.918626731031
2023-11-10 17:00:00,16.8,93,0.0,3607.2030438564334
2023-11-10 18:00:00,16.1,94,0.0,3455.0334590367106
2023-11-10 19:00:00,15.7,96,0.0,3493.905186206618
2023-11-10 20:00:00,16.6,92,0.0,3176.841591536889
2023-11-10 21:00:00,15.3,97,0.0,2967.4504524598
2023-11-10 22:00:00,15.2,97,0.0,2889.3956415494854
2023-11-10 23:00:00,14.9,97,0.0,2797.837102653037
2023-11-11 00:00:00,14.9,96,0.0,2449.771379595575
2023-11-11 01:00:00,15.8,94,0.0,2565.295494531734
2023-11-11 02:00:00,16.3,93,68.4,2723.8069197643827
2023-11-11 03:00:00,17.8,88,293.5,3408.4804767264045
2023-11-11 04:00:00,19.9,78,476.0,3144.663877848702
2023-11-11 05:00:00,22.0,67,584.5,3514.496030250128
2023-11-11 06:00:00,23.6,57,641.5,3753.6458917699547
2023-11-11 07:00:00,24.6,52,661.2,4616.644374275614
2023-11-11 08:00:00,25.1,48,650.3,5433.506856218751
2023-11-11 09:00:00,25.3,47,605.1,5811.895190444322
2023-11-11 10:00:00,25.0,48,511.9,5344.470047000165
2023-11-11 11:00:00,24.2,52,350.6,4990.021955150997
2023-11-11 12:00:00,20.9,67,116.9,4258.248980670535
2023-11-11 13:00:00,20.3,71,0.0,4238.426201225202
2023-11-11 14:00:00,19.4,73,0.0,4027.6735434331713
2023-11-11 15:00:00,18.5,74,0.0,4033.904574399639
2023-11-11 16:00:00,17.7,76,0.0,3865.8581509008504
2023-11-11 17:00:00,17.0,79,0.0,3605.8095806284196
2023-11-11 18:00:00,16.4,82,0.0,3650.9651762917533
2023-11-11 19:00:00,15.9,85,0.0,3230.188662989077
2023-11-11 20:00:00,15.2,88,0.0,3041.2539009449542
2023-11-11 21:00:00,14.7,90,0.0,2880.503108479507
2023-11-11 22:00:00,14.4,91,0.0,2945.807320773507
2023-11-11 23:00:00,14.2,92,0.0,2658.5870321670777
2023-11-12 00:00:00,13.9,92,0.0,2956.9360624343503
2023-11-12 01:00:00,14.2,93,0.0,2749.461563856336
2023-11-12 02:00:00,14.9,90,69.4,2731.8181238398256
2023-11-12 03:00:00,17.1,81,320.5,2761.728672677321
2023-11-12 04:00:00,19.5,72,500.5,3020.992648164758
2023-11-12 05:00:00,21.7,64,609.1,3408.244452600354
2023-11-12 06:00:00,23.4,55,663.2,4000.0406636889725
2023-11-12 07:00:00,24.4,50,683.4,4628.408951854618
2023-11-12 08:00:00,25.0,48,670.0,5227.277647996086
2023-11-12 09:00:00,25.1,48,623.6,5352.410659578489
2023-11-12 10:00:00,25.0,47,528.1,5620.312015228461
2023-11-12 11:00:00,24.0,53,363.9,5011.011389626181
2023-11-12 12:00:00,20.9,66,126.5,4093.1756082594093
2023-11-12 13:00:00,20.5,67,0.0,4318.619977846166
2023-11-12 14:00:00,19.2,72,0.0,4119.690790930478
2023-11-12 15:00:00,17.9,78,0.0,3853.7104922768453
2023-11-12 16:00:00,17.3,80,0.0,3803.911866556105
2023-11-12 17:00:00,16.9,81,0.0,3468.9332261949203
2023-11-12 18:00:00,16.4,83,0.0,3563.2828398564616
2023-11-12 19:00:00,15.9,84,0.0,3556.608811101552
2023-11-12 20:00:00,15.3,86,0.0,2978.6253372635865
2023-11-12 21:00:00,14.5,89,0.0,2953.0170960124397
2023-11-12 22:00:00,13.7,92,0.0,2870.8004742528515
2023-11-12 23:00:00,13.4,92,0.0,2543.5085707561866
2023-11-13 00:00:00,13.2,92,0.0,2872.73385336279
2023-11-13 01:00:00,13.5,94,0.0,2933.1920461988616
2023-11-13 02:00:00,14.6,90,70.5,2880.523191678553
2023-11-13 03:00:00,17.2,81,320.5,2853.6305950248397
2023-11-13 04:00:00,20.0,71,502.0,3076.9962977876307
2023-11-13 05:00:00,22.5,62,603.9,3647.968619655014
2023-11-13 06:00:00,24.1,52,659.0,4331.278427746254
2023-11-13 07:00:00,25.0,48,669.2,4942.125174890975
2023-11-13 08:00:00,25.5,46,650.6,5840.469880759273
2023-11-13 09:00:00,25.6,45,584.0,6050.402329847404
2023-11-13 10:00:00,25.2,46,469.7,5781.720688574789
2023-11-13 11:00:00,24.2,52,304.0,5080.331823022541
2023-11-13 12:00:00,22.5,57,85.2,4136.682800457462
2023-11-13 13:00:00,20.4,72,0.0,4445.409482300863
2023-11-13 14:00:00,19.5,77,0.0,4389.122033076813
2023-11-13 15:00:00,18.5,80,0.0,3987.134185512487
2023-11-13 16:00:00,18.0,81,0.0,3905.0232763172303
2023-11-13 17:00:00,16.9,85,0.0,3837.849118291441
2023-11-13 18:00:00,16.2,87,0.0,3094.034920797599
2023-11-13 19:00:00,15.9,87,0.0,3149.867495573223
2023-11-13 20:00:00,16.0,85,0.0,3188.9086186512586
2023-11-13 21:00:00,15.6,86,0.0,3034.1122665877374
2023-11-13 22:00:00,15.7,83,0.0,2766.2707424628356
2023-11-13 23:00:00,15.3,84,0.0,2736.4716294964064
2023-11-14 00:00:00,14.1,89,0.0,2563.1572413372833
2023-11-14 01:00:00,14.3,91,0.0,2557.1173082172018
2023-11-14 02:00:00,15.8,84,30.7,2997.306486040342
2023-11-14 03:00:00,18.0,76,144.2,2548.667582086082
2023-11-14 04:00:00,20.3,68,200.0,3276.668792719327
2023-11-14 05:00:00,22.5,62,331.4,3321.8250921752765
2023-11-14 06:00:00,24.0,52,337.4,4257.4762195839385
2023-11-14 07:00:00,24.8,45,364.8,4722.2053753748405
2023-11-14 08:00:00,25.1,43,298.8,5159.754331372746
2023-11-14 09:00:00,25.2,43,356.2,5639.382081061167
2023-11-14 10:00:00,25.0,44,375.3,5738.872727020293
2023-11-14 11:00:00,23.9,50,281.8,4828.452480663785
2023-11-14 12:00:00,20.4,64,111.7,4349.3734712405285
2023-11-14 13:00:00,19.0,71,0.0,4385.045202028105
2023-11-14 14:00:00,18.2,76,0.0,3817.925856677998
2023-11-14 15:00:00,17.5,76,0.0,4035.6771265287043
2023-11-14 16:00:00,16.6,78,0.0,3779.271223306384
2023-11-14 17:00:00,16.0,79,0.0,3675.00192095234
2023-11-14 18:00:00,15.8,79,0.0,3304.269253306506
2023-11-14 19:00:00,15.1,82,0.0,3131.335263097075
2023-11-14 20:00:00,14.3,87,0.0,3042.1956773542506
2023-11-14 21:00:00,14.0,87,0.0,3118.392555817701
2023-11-14 22:00:00,13.7,88,0.0,2894.61716843141
2023-11-14 23:00:00,13.5,89,0.0,2887.432967999813
2023-11-15 00:00:00,13.1,91,0.0,2842.0249752035647
2023-11-15 01:00:00,13.4,91,0.0,2785.8787526075666
2023-11-15 02:00:00,14.1,88,72.8,2863.9601801077174
2023-11-15 03:00:00,16.7,79,320.4,2774.1071937184156
2023-11-15 04:00:00,19.5,70,505.0,3224.6216288125993
2023-11-15 05:00:00,22.0,62,609.4,2970.877206932424
2023-11-15 06:00:00,23.9,54,665.8,3826.458074971797
2023-11-15 07:00:00,24.9,48,685.9,5135.132726680537
2023-11-15 08:00:00,25.5,44,675.0,5875.956862187307
2023-11-15 09:00:00,25.7,42,627.7,6144.10766243947
2023-11-15 10:00:00,25.4,42,532.7,5989.510970075077
2023-11-15 11:00:00,24.2,49,365.5,4970.867905080618
2023-11-15 12:00:00,20.1,65,121.4,4443.3687542692805
2023-11-15 13:00:00,19.7,71,0.0,4286.571575775954
2023-11-15 14:00:00,18.5,76,0.0,4124.709667062023
2023-11-15 15:00:00,17.6,77,0.0,4111.093614932941
2023-11-15 16:00:00,17.1,78,0.0,3854.812520228145
2023-11-15 17:00:00,16.1,82,0.0,3662.516172011989
2023-11-15 18:00:00,15.4,84,0.0,3379.0832945035336
2023-11-15 19:00:00,15.2,84,0.0,3133.274677387009
2023-11-15 20:00:00,14.6,86,0.0,2966.8473422163543
2023-11-15 21:00:00,14.2,88,0.0,3133.0271884044396
2023-11-15 22:00:00,13.8,89,0.0,3021.2951901269744
2023-11-15 23:00:00,13.2,92,0.0,2742.9123769479024
2023-11-16 00:00:00,13.0,91,0.0,2816.312053892091
2023-11-16 01:00:00,13.1,91,0.0,2949.9963284757123
2023-11-16 02:00:00,14.5,86,63.4,2700.05833364114
2023-11-16 03:00:00,17.1,76,304.0,2912.784624318568
2023-11-16 04:00:00,20.2,66,485.1,3012.0865408813975
2023-11-16 05:00:00,22.7,57,593.2,3590.9271941396587
2023-11-16 06:00:00,24.4,53,649.0,4445.10025566619
2023-11-16 07:00:00,25.4,48,668.5,5723.03517840333
2023-11-16 08:00:00,26.0,44,655.1,6205.766085550685
2023-11-16 09:00:00,26.2,42,604.6,6626.974997032768
2023-11-16 10:00:00,26.0,42,508.8,6652.567815429451
2023-11-16 11:00:00,24.9,49,339.6,5502.4184826606315
2023-11-16 12:00:00,21.9,60,105.0,4092.1311478641273
2023-11-16 13:00:00,23.1,58,0.0,4441.291545576466
2023-11-16 14:00:00,21.7,66,0.0,4033.633811134417
2023-11-16 15:00:00,21.6,67,0.0,4089.183411790192
2023-11-16 16:00:00,21.7,65,0.0,3864.4888751971134
2023-11-16 17:00:00,21.1,66,0.0,3787.086173000289
2023-11-16 18:00:00,18.2,79,0.0,3677.0363407096343
2023-11-16 19:00:00,16.0,89,0.0,3398.2516616538405
2023-11-16 20:00:00,17.2,83,0.0,3022.4948891707563
2023-11-16 21:00:00,17.4,82,0.0,2917.941034224478
2023-11-16 22:00:00,16.1,87,0.0,2732.283617364625
2023-11-16 23:00:00,15.0,91,0.0,2912.753311561132
2023-11-17 00:00:00,14.5,93,0.0,2774.8105744278496
2023-11-17 01:00:00,14.3,94,0.0,2828.4665980537443
2023-11-17 02:00:00,15.4,94,53.7,2927.275546207025
2023-11-17 03:00:00,18.4,82,282.9,2853.8003476581625
2023-11-17 04:00:00,21.5,72,467.2,3014.8678676008535
2023-11-17 05:00:00,24.0,63,576.8,4264.212830641288
2023-11-17 06:00:00,25.5,54,635.2,5330.316530863012
2023-11-17 07:00:00,26.3,47,630.0,6305.34379850755
2023-11-17 08:00:00,26.8,44,596.6,6980.999728093331
2023-11-17 09:00:00,26.8,44,532.4,7384.345974448899
2023-11-17 10:00:00,26.6,44,439.7,7059.499902049353
2023-11-17 11:00:00,25.5,50,295.2,6116.085425098072
2023-11-17 12:00:00,22.5,62,97.0,4245.986553910512
2023-11-17 13:00:00,24.0,55,0.0,5241.3514732680605
2023-11-17 14:00:00,21.2,68,0.0,4061.221018423913
2023-11-17 15:00:00,19.7,72,0.0,4264.031148552632
2023-11-17 16:00:00,19.7,70,0.0,3918.0209068157696
2023-11-17 17:00:00,18.3,78,0.0,3702.5890396070595
2023-11-17 18:00:00,18.2,79,0.0,3494.1403622255416
2023-11-17 19:00:00,16.8,85,0.0,3350.8422265997046
2023-11-17 20:00:00,16.9,82,0.0,2994.4434351814016
2023-11-17 21:00:00,16.3,85,0.0,3234.5236042606975
2023-11-17 22:00:00,15.7,88,0.0,2759.310364504178
2023-11-17 23:00:00,15.5,89,0.0,2598.926140068665
2023-11-18 00:00:00,14.8,93,0.0,3142.9643986358587
2023-11-18 01:00:00,14.6,94,0.0,2466.7936189108104
2023-11-18 02:00:00,15.1,93,54.7,3023.425982266613
2023-11-18 03:00:00,17.7,83,282.4,2960.395662717791
2023-11-18 04:00:00,21.0,72,463.6,3007.2274513930124
2023-11-18 05:00:00,23.6,60,574.8,3877.652450682571
2023-11-18 06:00:00,25.1,51,630.6,4838.384834241846
2023-11-18 07:00:00,25.9,47,604.6,5848.127727499533
2023-11-18 08:00:00,26.2,44,628.6,6645.040671838107
2023-11-18 09:00:00,26.2,44,571.6,6562.955819352026
2023-11-18 10:00:00,25.8,43,444.2,6049.252305966341
2023-11-18 11:00:00,24.8,48,304.5,5669.949873782529
2023-11-18 12:00:00,21.5,60,106.7,4463.214687576003
2023-11-18 13:00:00,20.6,67,0.0,4302.232812231425
2023-11-18 14:00:00,21.2,62,0.0,4314.967998459256
2023-11-18 15:00:00,19.3,70,0.0,3988.268052501037
2023-11-18 16:00:00,18.9,72,0.0,3863.7544993005276
2023-11-18 17:00:00,18.2,75,0.0,3574.9820035376465
2023-11-18 18:00:00,17.1,79,0.0,3775.4572153254426
2023-11-18 19:00:00,16.5,80,0.0,3293.393236421225
2023-11-18 20:00:00,16.0,81,0.0,3171.9181093079796
2023-11-18 21:00:00,15.8,82,0.0,3083.2654974482703
2023-11-18 22:00:00,15.4,84,0.0,2940.2131809685247
2023-11-18 23:00:00,14.6,88,0.0,2844.7648981583193
2023-11-19 00:00:00,13.9,91,0.0,2730.270724479356
2023-11-19 01:00:00,14.1,92,0.0,2738.1651732864025
2023-11-19 02:00:00,15.4,90,44.5,2862.4091715747254
2023-11-19 03:00:00,18.6,78,281.9,2730.4373208316047
2023-11-19 04:00:00,21.8,64,460.0,2974.001116692806
2023-11-19 05:00:00,23.8,55,556.3,3669.337139413585
2023-11-19 06:00:00,25.1,50,616.4,4967.954414195526
2023-11-19 07:00:00,25.5,47,560.9,5287.544968862591
2023-11-19 08:00:00,25.7,46,597.2,6070.358275345627
2023-11-19 09:00:00,25.6,45,574.2,5904.681570575766
2023-11-19 10:00:00,25.4,46,491.7,5947.261368689463
2023-11-19 11:00:00,24.6,50,310.1,5211.77458084924
2023-11-19 12:00:00,21.4,63,89.6,4609.360352425208
2023-11-19 13:00:00,20.9,58,0.0,4190.745357592478
2023-11-19 14:00:00,22.0,51,0.0,4559.825598359424
2023-11-19 15:00:00,20.7,57,0.0,4016.0170470864614
2023-11-19 16:00:00,20.3,60,0.0,4078.3797084197818
2023-11-19 17:00:00,19.8,61,0.0,3581.8549649101237
2023-11-19 18:00:00,19.7,59,0.0,3541.3002210348964
2023-11-19 19:00:00,19.9,56,0.0,3154.827518923525
2023-11-19 20:00:00,20.1,54,0.0,3240.5353504926507
2023-11-19 21:00:00,19.7,55,0.0,2914.244670937051
2023-11-19 22:00:00,16.7,67,0.0,3113.3166200387045
2023-11-19 23:00:00,14.5,80,0.0,2713.8765965584066
2023-11-20 00:00:00,13.4,89,0.0,2908.024462946965
2023-11-20 01:00:00,13.6,92,0.0,2957.1672547255994
2023-11-20 02:00:00,14.7,90,45.3,2532.520376334546
2023-11-20 03:00:00,17.4,78,294.4,2930.6404817750763
2023-11-20 04:00:00,20.5,67,478.5,3000.9495553250285
2023-11-20 05:00:00,22.9,56,589.2,3510.6583073344445
2023-11-20 06:00:00,24.4,47,648.1,4526.612077579148
2023-11-20 07:00:00,25.2,43,670.4,5228.871114414515
2023-11-20 08:00:00,25.5,42,659.0,5799.746603541891
2023-11-20 09:00:00,25.5,42,610.3,5952.338064344723
2023-11-20 10:00:00,25.2,43,512.2,5986.079575681105
2023-11-20 11:00:00,24.2,47,341.4,4958.4525546556
2023-11-20 12:00:00,20.3,64,108.3,4421.716957889383
2023-11-20 13:00:00,19.3,71,0.0,4301.151513538421
2023-11-20 14:00:00,18.4,75,0.0,3993.796581358568
2023-11-20 15:00:00,18.3,75,0.0,4046.6638502426727
2023-11-20 16:00:00,18.0,75,0.0,3846.761343909401
2023-11-20 17:00:00,17.0,78,0.0,3688.439043055642
2023-11-20 18:00:00,16.4,81,0.0,3569.663132079724
2023-11-20 19:00:00,15.6,85,0.0,3205.5396808757273
2023-11-20 20:00:00,14.8,89,0.0,3119.702525032139
2023-11-20 21:00:00,13.9,91,0.0,3074.967155832385
2023-11-20 22:00:00,14.0,90,0.0,2774.1779990432105
2023-11-20 23:00:00,13.8,91,0.0,2721.0186175833746
2023-11-21 00:00:00,13.5,92,0.0,2955.4132128156884
2023-11-21 01:00:00,13.6,92,0.0,2830.7588567320863
2023-11-21 02:00:00,14.2,90,46.1,2928.8958030085096
2023-11-21 03:00:00,16.7,80,294.1,2657.8910905113808
2023-11-21 04:00:00,19.4,68,484.8,3103.066526085731
2023-11-21 05:00:00,21.9,60,598.3,3304.696903611882
2023-11-21 06:00:00,23.9,52,657.8,4145.708459652594
2023-11-21 07:00:00,24.9,45,678.0,5179.46644080813
2023-11-21 08:00:00,25.2,43,660.2,5370.725004097559
2023-11-21 09:00:00,25.2,42,596.9,5856.245812519643
2023-11-21 10:00:00,24.8,43,505.4,5283.352691608196
2023-11-21 11:00:00,23.8,48,347.2,4967.7479911683395
2023-11-21 12:00:00,21.3,57,109.0,4552.78505826039
2023-11-21 13:00:00,20.4,66,0.0,4204.158694677413
2023-11-21 14:00:00,19.5,69,0.0,4207.461936493001
2023-11-21 15:00:00,18.8,68,0.0,3988.48903126436
2023-11-21 16:00:00,18.2,67,0.0,3966.3804766462245
2023-11-21 17:00:00,17.4,69,0.0,3286.8046073001733
2023-11-21 18:00:00,16.7,71,0.0,3502.6092529514362
2023-11-21 19:00:00,16.2,71,0.0,3174.050952557681
2023-11-21 20:00:00,15.6,71,0.0,3297.489352791373
2023-11-21 21:00:00,15.0,72,0.0,2877.288610123938
2023-11-21 22:00:00,14.5,73,0.0,2622.5059588191343
2023-11-21 23:00:00,14.0,74,0.0,2986.9940493583786
2023-11-22 00:00:00,13.6,76,0.0,2442.1329968746973
2023-11-22 01:00:00,13.1,80,0.0,2924.55132388406
2023-11-22 02:00:00,13.4,79,47.0,3178.737898112156
2023-11-22 03:00:00,15.7,71,311.5,2914.4711631803825
2023-11-22 04:00:00,18.3,62,498.7,3179.1823137814667
2023-11-22 05:00:00,20.8,55,609.4,3471.8301963616104
2023-11-22 06:00:00,22.8,49,669.1,3485.02919864439
2023-11-22 07:00:00,24.0,44,691.6,4477.451695409546
2023-11-22 08:00:00,24.6,43,680.3,4743.577209300189
2023-11-22 09:00:00,24.8,42,633.2,5291.577144939385
2023-11-22 10:00:00,24.4,43,537.5,4926.8956370041515
2023-11-22 11:00:00,23.2,48,364.0,4350.100451208976
2023-11-22 12:00:00,20.4,58,109.8,4076.5951175191694
2023-11-22 13:00:00,19.3,63,0.0,4152.5922930933475
2023-11-22 14:00:00,17.8,70,0.0,4106.0298606135
2023-11-22 15:00:00,16.4,77,0.0,4197.973420375087
2023-11-22 16:00:00,15.6,81,0.0,4055.6752878880898
2023-11-22 17:00:00,15.7,78,0.0,3668.4167824463407
2023-11-22 18:00:00,15.6,77,0.0,3688.7697846900564
2023-11-22 19:00:00,15.5,76,0.0,3578.468598990761
2023-11-22 20:00:00,15.6,75,0.0,3162.919069934521
2023-11-22 21:00:00,14.9,77,0.0,2820.3191955322413
2023-11-22 22:00:00,13.2,85,0.0,2837.474886173549
2023-11-22 23:00:00,12.8,86,0.0,2720.450119635469
2023-11-23 00:00:00,11.7,91,0.0,3004.942634648474
2023-11-23 01:00:00,11.3,95,0.0,3129.548891380448
2023-11-23 02:00:00,11.9,95,47.9,2913.32847670221
2023-11-23 03:00:00,15.0,83,302.3,2795.1450189289717
2023-11-23 04:00:00,18.6,69,492.6,3386.156996184071
2023-11-23 05:00:00,21.3,58,607.4,3083.5104205630514
2023-11-23 06:00:00,23.0,50,667.6,3707.604159565449
2023-11-23 07:00:00,24.0,46,690.1,4542.982966361027
2023-11-23 08:00:00,24.5,44,678.3,4595.0521383224295
2023-11-23 09:00:00,24.8,43,630.4,5094.3696102834665
2023-11-23 10:00:00,24.6,43,532.9,5336.160995655609
2023-11-23 11:00:00,23.9,45,358.5,4606.602479753991
2023-11-23 12:00:00,22.7,50,110.4,4310.197872257966
2023-11-23 13:00:00,19.1,68,0.0,4244.6251531721855
2023-11-23 14:00:00,19.5,65,0.0,4081.2343687759426
2023-11-23 15:00:00,17.8,71,0.0,3863.8842312106676
2023-11-23 16:00:00,17.2,71,0.0,3847.3502998235513
2023-11-23 17:00:00,15.5,78,0.0,3846.880579451568
2023-11-23 18:00:00,15.4,77,0.0,3557.2986044395116
2023-11-23 19:00:00,14.8,80,0.0,3376.2527035459084
2023-11-23 20:00:00,14.2,84,0.0,3074.362149614838
2023-11-23 21:00:00,13.4,87,0.0,2954.6096941312385
2023-11-23 22:00:00,13.4,87,0.0,3150.7542235908613
2023-11-23 23:00:00,15.1,78,0.0,2901.007029146696
2023-11-24 00:00:00,15.6,76,0.0,2843.4999900270345
2023-11-24 01:00:00,15.2,77,0.0,2586.253068730527
2023-11-24 02:00:00,14.9,78,36.6,2789.811932662973
2023-11-24 03:00:00,16.3,75,292.8,2969.7150638328985
2023-11-24 04:00:00,19.7,64,483.9,3233.9074406068426
2023-11-24 05:00:00,22.3,55,597.8,3257.9923722425942
2023-11-24 06:00:00,23.8,49,656.2,4294.856678222571
2023-11-24 07:00:00,24.6,46,676.1,4713.2580031389725
2023-11-24 08:00:00,25.1,45,666.7,5274.552939051883
2023-11-24 09:00:00,25.1,44,618.4,5374.5936008838235
2023-11-24 10:00:00,24.8,44,523.4,5377.228664945409
2023-11-24 11:00:00,23.5,53,356.5,4496.9666013818705
2023-11-24 12:00:00,20.0,66,101.8,4327.972631650242
2023-11-24 13:00:00,20.0,67,0.0,4212.729784773512
2023-11-24 14:00:00,18.3,75,0.0,4227.009452531028
2023-11-24 15:00:00,17.0,82,0.0,4234.141366517913
2023-11-24 16:00:00,16.5,82,0.0,3711.909192867567
2023-11-24 17:00:00,15.9,81,0.0,3983.8591622471968
2023-11-24 18:00:00,15.0,83,0.0,3573.9979192090423
2023-11-24 19:00:00,14.0,86,0.0,3446.4495485923717
2023-11-24 20:00:00,13.5,86,0.0,3154.2627082878635
2023-11-24 21:00:00,13.4,87,0.0,2941.92315606147
2023-11-24 22:00:00,13.3,89,0.0,2727.905503937402
2023-11-24 23:00:00,12.9,91,0.0,3143.211836329019
2023-11-25 00:00:00,12.6,92,0.0,2975.9199374068226
2023-11-25 01:00:00,12.4,94,0.0,2687.5717333215835
2023-11-25 02:00:00,12.6,94,37.3,3283.941570258874
2023-11-25 03:00:00,15.2,83,292.3,2770.6281080514236
2023-11-25 04:00:00,18.5,71,487.7,3231.034182763739
2023-11-25 05:00:00,21.5,60,601.3,3361.8522906150297
2023-11-25 06:00:00,23.5,51,661.0,3623.181262746837
2023-11-25 07:00:00,24.7,44,658.9,5011.042850787654
2023-11-25 08:00:00,25.2,41,675.6,5243.710596373459
2023-11-25 09:00:00,25.3,40,611.7,5772.4639910616
2023-11-25 10:00:00,24.9,40,369.7,5626.796879474022
2023-11-25 11:00:00,23.4,52,354.4,4547.737451846037
2023-11-25 12:00:00,20.6,58,93.0,4384.55919138173
2023-11-25 13:00:00,21.2,59,0.0,4382.648745687752
2023-11-25 14:00:00,20.4,62,0.0,4358.839841106072
2023-11-25 15:00:00,20.5,60,0.0,4275.777990699687
2023-11-25 16:00:00,19.9,62,0.0,3861.6731682304658
2023-11-25 17:00:00,19.4,64,0.0,3576.6909498301247
2023-11-25 18:00:00,16.3,77,0.0,3509.0832225308113
2023-11-25 19:00:00,15.4,82,0.0,3418.5739400496423
2023-11-25 20:00:00,16.0,80,0.0,2887.9336216208853
2023-11-25 21:00:00,16.3,78,0.0,2914.1601086556134
2023-11-25 22:00:00,15.2,84,0.0,3116.0906679619757
2023-11-25 23:00:00,14.3,90,0.0,2746.5563849793652
2023-11-26 00:00:00,14.2,90,0.0,2967.216220721502
2023-11-26 01:00:00,14.3,89,0.0,2506.7834440963256
2023-11-26 02:00:00,14.9,85,0.0,2568.7620117201827
2023-11-26 03:00:00,17.3,74,131.8,2851.9376524783506
2023-11-26 04:00:00,20.1,65,320.8,3224.2041480178323
2023-11-26 05:00:00,22.2,58,344.5,3501.570875982699
2023-11-26 06:00:00,23.8,50,371.3,3939.1899751109445
2023-11-26 07:00:00,24.8,45,350.9,4925.80741558765
2023-11-26 08:00:00,25.2,41,244.1,5134.060919351364
2023-11-26 09:00:00,25.5,40,329.5,5865.087204903505
2023-11-26 10:00:00,25.1,41,242.7,5902.484396648102
2023-11-26 11:00:00,23.8,47,22.7,4952.967081431205
2023-11-26 12:00:00,21.2,57,9.3,4120.218318064703
2023-11-26 13:00:00,20.3,66,0.0,4163.680206712303
2023-11-26 14:00:00,19.2,72,0.0,4245.119480181853
2023-11-26 15:00:00,18.7,73,0.0,4156.023635342868
2023-11-26 16:00:00,18.4,73,0.0,3930.154951551439
2023-11-26 17:00:00,18.1,74,0.0,3780.551832506454
2023-11-26 18:00:00,17.3,77,0.0,3560.5921797869673
2023-11-26 19:00:00,17.1,77,0.0,3288.4710460110987
2023-11-26 20:00:00,16.3,81,0.0,2791.775233793025
2023-11-26 21:00:00,16.2,82,0.0,3066.236343528191
2023-11-26 22:00:00,16.1,82,0.0,3145.732626500239
2023-11-26 23:00:00,15.9,85,0.0,2534.888226443879
2023-11-27 00:00:00,17.0,79,0.0,2943.859768894172
2023-11-27 01:00:00,16.5,83,0.0,2853.7261444810065
2023-11-27 02:00:00,16.7,83,0.0,2802.680250147614
2023-11-27 03:00:00,17.7,79,0.0,2814.056503557644
2023-11-27 04:00:00,18.8,76,2.6,2958.6173489791477
2023-11-27 05:00:00,19.7,72,7.7,3367.7607537357626
2023-11-27 06:00:00,20.0,73,8.2,3301.7823953170973
2023-11-27 07:00:00,22.4,64,256.1,4196.136535280861
2023-11-27 08:00:00,23.9,47,256.2,4451.625099599547
2023-11-27 09:00:00,24.0,43,494.2,4763.426724765494
2023-11-27 10:00:00,23.4,46,140.5,4593.090836840885
2023-11-27 11:00:00,22.0,54,41.8,3965.9123311831813
2023-11-27 12:00:00,19.4,70,65.7,4171.177427240178
2023-11-27 13:00:00,18.1,82,0.0,4319.316061918809
2023-11-27 14:00:00,17.4,90,0.0,3810.5978859383904
2023-11-27 15:00:00,17.1,92,0.0,3984.8246890208184
2023-11-27 16:00:00,16.7,90,0.0,4023.1065988040405
2023-11-27 17:00:00,17.0,86,0.0,3746.4575765728337
2023-11-27 18:00:00,15.7,93,0.0,3521.8485985046086
2023-11-27 19:00:00,15.8,93,0.0,3267.43975909514
2023-11-27 20:00:00,15.8,93,0.0,3203.986428559458
2023-11-27 21:00:00,15.4,95,0.0,2649.626257377454
2023-11-27 22:00:00,15.1,96,0.0,2773.807188336927
2023-11-27 23:00:00,15.1,96,0.0,2873.054790859753
2023-11-28 00:00:00,15.9,95,0.0,2649.859692140117
2023-11-28 01:00:00,15.6,94,0.0,2744.675433610203
2023-11-28 02:00:00,15.3,97,13.2,2809.309219215829
2023-11-28 03:00:00,17.1,88,164.6,2857.9113041964406
2023-11-28 04:00:00,18.6,80,107.8,3270.2735635616928
2023-11-28 05:00:00,20.2,67,241.9,3504.902884405085
2023-11-28 06:00:00,19.6,72,85.8,3560.5302171316503
2023-11-28 07:00:00,18.4,86,18.7,3579.037577723843
2023-11-28 08:00:00,18.8,83,27.3,3961.4872107005635
2023-11-28 09:00:00,19.7,78,160.4,4011.3712566525182
2023-11-28 10:00:00,20.6,72,321.8,4017.424981023757
2023-11-28 11:00:00,20.2,74,263.3,4407.893683490097
2023-11-28 12:00:00,17.9,88,56.6,4260.580476955807
2023-11-28 13:00:00,18.1,90,0.0,4176.361666188613
2023-11-28 14:00:00,17.8,92,0.0,4154.844142737949
2023-11-28 15:00:00,17.7,94,0.0,4035.8723126153272
2023-11-28 16:00:00,17.2,96,0.0,4213.385459332133
2023-11-28 17:00:00,16.7,96,0.0,3735.6379380897715
2023-11-28 18:00:00,15.9,97,0.0,3561.7358590485273
2023-11-28 19:00:00,15.2,98,0.0,3067.060602873401
2023-11-28 20:00:00,14.7,98,0.0,3139.1029411369036
2023-11-28 21:00:00,14.3,98,0.0,2839.6765850490974
2023-11-28 22:00:00,13.9,98,0.0,2551.924879098482
2023-11-28 23:00:00,13.7,98,0.0,2901.563337277014
2023-11-29 00:00:00,13.4,98,0.0,2747.3439480966504
2023-11-29 01:00:00,13.9,97,0.0,2871.9685935873094
2023-11-29 02:00:00,14.1,98,26.8,2974.2576091277438
2023-11-29 03:00:00,16.5,90,255.3,2825.4276375579325
2023-11-29 04:00:00,19.0,80,444.9,3291.0300174714503
2023-11-29 05:00:00,21.6,68,543.0,3652.9222080673785
2023-11-29 06:00:00,23.3,58,577.0,3781.293704189008
2023-11-29 07:00:00,24.2,53,594.3,4310.296923157956
2023-11-29 08:00:00,24.4,52,515.9,4765.605998514548
2023-11-29 09:00:00,24.3,52,462.5,4835.116595310086
2023-11-29 10:00:00,24.1,52,414.6,4875.625589296276
2023-11-29 11:00:00,23.3,57,294.8,4618.196978688871
2023-11-29 12:00:00,22.4,58,85.1,4395.994261871596
2023-11-29 13:00:00,19.0,82,0.0,4366.878506668207
2023-11-29 14:00:00,18.1,87,0.0,4106.671240126186
2023-11-29 15:00:00,17.7,88,0.0,4326.031312195668
2023-11-29 16:00:00,18.3,84,0.0,3771.9536740145877
2023-11-29 17:00:00,18.3,83,0.0,3680.1963903981505
2023-11-29 18:00:00,16.1,91,0.0,3388.481102650854
2023-11-29 19:00:00,17.7,84,0.0,3273.915287554866
2023-11-29 20:00:00,17.5,85,0.0,3194.553542915525
2023-11-29 21:00:00,16.4,90,0.0,2933.173071041987
2023-11-29 22:00:00,15.0,94,0.0,2828.4454056190752
2023-11-29 23:00:00,14.2,96,0.0,3084.434238145398
2023-11-30 00:00:00,14.1,96,0.0,2951.0028176413803
2023-11-30 01:00:00,15.9,94,0.0,3084.546490333464
2023-11-30 02:00:00,15.6,90,13.7,2655.4735123319265
2023-11-30 03:00:00,17.0,89,149.3,2830.7954628882553
2023-11-30 04:00:00,18.2,84,320.2,3211.5738732952736
2023-11-30 05:00:00,19.2,74,315.0,3212.186653482631
2023-11-30 06:00:00,20.9,69,344.7,3187.6517516137956
2023-11-30 07:00:00,21.3,68,386.1,4081.0150574324493
2023-11-30 08:00:00,21.7,66,286.2,4136.769687696611
2023-11-30 09:00:00,21.6,66,390.5,4012.0032721585
2023-11-30 10:00:00,21.4,66,309.4,4473.941951140723
2023-11-30 11:00:00,20.9,68,265.0,4025.50397237798
2023-11-30 12:00:00,19.2,77,75.9,4158.478880001283
2023-11-30 13:00:00,18.6,84,0.0,4243.406085619617
2023-11-30 14:00:00,17.5,91,0.0,4082.968643167962
2023-11-30 15:00:00,16.4,95,0.0,3959.267626343103
2023-11-30 16:00:00,16.3,95,0.0,4111.494011074363
2023-11-30 17:00:00,15.9,95,0.0,3662.8974097134665
2023-11-30 18:00:00,15.0,97,0.0,3483.550855162871
2023-11-30 19:00:00,14.9,97,0.0,3212.9267539379985
2023-11-30 20:00:00,14.8,97,0.0,3219.9777022693306
2023-11-30 21:00:00,14.4,97,0.0,3140.9850345855084
2023-11-30 22:00:00,14.5,97,0.0,2798.485853230088
2023-11-30 23:00:00,14.0,97,0.0,2639.868418078715
2023-12-01 00:00:00,13.8,97,0.0,2796.33630515777
2023-12-01 01:00:00,15.8,96,0.0,2899.0714569692277
2023-12-01 02:00:00,15.9,94,14.0,2806.531498093137
2023-12-01 03:00:00,17.3,89,171.6,3122.4591946177766
2023-12-01 04:00:00,18.7,82,268.9,3018.4801737208754
2023-12-01 05:00:00,20.6,74,391.5,3186.3681226397466
2023-12-01 06:00:00,22.2,68,506.6,3673.8234957450068
2023-12-01 07:00:00,23.3,63,576.4,4056.495799435293
2023-12-01 08:00:00,24.0,58,596.9,4457.302887265794
2023-12-01 09:00:00,24.2,55,507.4,5114.336136604054
2023-12-01 10:00:00,23.9,54,407.3,4725.230015311699
2023-12-01 11:00:00,23.1,58,277.2,4415.097414202056
2023-12-01 12:00:00,20.2,71,76.1,4177.988619935202
2023-12-01 13:00:00,19.3,82,0.0,4296.870877568973
2023-12-01 14:00:00,18.8,82,0.0,3903.9888847861466
2023-12-01 15:00:00,18.1,85,0.0,4050.4153399196884
2023-12-01 16:00:00,17.7,86,0.0,3804.835008393369
2023-12-01 17:00:00,16.9,88,0.0,3602.538354069732
2023-12-01 18:00:00,16.2,90,0.0,3285.5153546596225
2023-12-01 19:00:00,15.6,92,0.0,3421.9039981638834
2023-12-01 20:00:00,14.8,94,0.0,2888.414884663772
2023-12-01 21:00:00,14.3,95,0.0,2918.0189167423114
2023-12-01 22:00:00,13.9,96,0.0,3230.807489419643
2023-12-01 23:00:00,13.6,96,0.0,2900.1233700622224
2023-12-02 00:00:00,13.2,96,0.0,2779.8880065562275
2023-12-02 01:00:00,14.2,97,0.0,2951.618422224744
2023-12-02 02:00:00,14.6,97,14.2,3007.6160385174267
2023-12-02 03:00:00,16.4,91,204.7,2811.8341735686295
2023-12-02 04:00:00,18.9,81,419.8,3256.811173519083
2023-12-02 05:00:00,21.4,70,545.7,2997.2615814826486
2023-12-02 06:00:00,23.0,61,614.4,3794.1892968572765
2023-12-02 07:00:00,23.8,55,641.5,4149.181007575913
2023-12-02 08:00:00,24.2,51,553.1,4541.137798484495
2023-12-02 09:00:00,24.2,50,495.8,4688.883161501035
2023-12-02 10:00:00,24.0,50,439.1,4572.934048316953
2023-12-02 11:00:00,23.0,56,297.1,4527.661672446661
2023-12-02 12:00:00,20.0,68,85.8,4099.559116837609
2023-12-02 13:00:00,19.0,74,0.0,4079.327950938504
2023-12-02 14:00:00,18.1,78,0.0,4295.238816956592
2023-12-02 15:00:00,16.9,83,0.0,4166.651688233762
2023-12-02 16:00:00,16.2,85,0.0,4107.987827838169
2023-12-02 17:00:00,15.4,88,0.0,3625.059999683578
2023-12-02 18:00:00,14.8,89,0.0,3377.5281889260946
2023-12-02 19:00:00,14.0,91,0.0,3400.2821380382393
2023-12-02 20:00:00,13.4,92,0.0,3145.1160383349566
2023-12-02 21:00:00,13.1,92,0.0,3058.3447281004424
2023-12-02 22:00:00,12.5,93,0.0,2948.8746749178767
2023-12-02 23:00:00,12.2,94,0.0,2824.1521742945943
2023-12-03 00:00:00,12.5,93,0.0,3188.0152333364817
2023-12-03 01:00:00,13.1,95,0.0,2664.400880420611
2023-12-03 02:00:00,12.8,97,14.5,2845.5526284621665
2023-12-03 03:00:00,15.5,89,249.1,3064.7659596551935
2023-12-03 04:00:00,18.3,79,444.6,3158.6743670530573
2023-12-03 05:00:00,20.9,68,562.3,3303.527641058697
2023-12-03 06:00:00,22.6,58,626.9,3759.127766514172
2023-12-03 07:00:00,23.8,49,649.9,4164.83853254405
2023-12-03 08:00:00,24.4,45,639.4,4938.0783850778
2023-12-03 09:00:00,24.5,42,594.8,5043.190730534525
2023-12-03 10:00:00,24.2,43,499.4,4860.112135189325
2023-12-03 11:00:00,22.9,52,328.5,4545.357331634784
2023-12-03 12:00:00,19.9,63,85.9,4499.5677506056745
2023-12-03 13:00:00,20.2,68,0.0,4392.4779268387
2023-12-03 14:00:00,20.5,63,0.0,4064.9048504654183
2023-12-03 15:00:00,19.0,72,0.0,4061.5550867882494
2023-12-03 16:00:00,18.1,80,0.0,4043.2737712194557
2023-12-03 17:00:00,17.7,84,0.0,3907.361888562339
2023-12-03 18:00:00,17.1,85,0.0,3432.1415184153666
2023-12-03 19:00:00,16.6,85,0.0,3376.4042602558543
2023-12-03 20:00:00,15.9,85,0.0,3348.7243209283406
2023-12-03 21:00:00,15.5,84,0.0,3063.2526170859983
2023-12-03 22:00:00,14.4,88,0.0,2754.0378666334495
2023-12-03 23:00:00,13.7,89,0.0,2741.863519395463
2023-12-04 00:00:00,14.2,85,0.0,2834.436397485138
2023-12-04 01:00:00,14.7,94,0.0,2906.682921159303
2023-12-04 02:00:00,14.8,94,14.8,3022.9793865504016
2023-12-04 03:00:00,16.4,87,226.1,2942.8977984391254
2023-12-04 04:00:00,18.2,75,392.8,3182.397927092267
2023-12-04 05:00:00,19.8,65,415.3,3275.296916883013
2023-12-04 06:00:00,21.4,53,439.8,3712.301070002847
2023-12-04 07:00:00,22.3,47,475.4,3643.9151583269395
2023-12-04 08:00:00,22.8,46,485.6,4040.4969809102795
2023-12-04 09:00:00,22.9,45,468.3,4230.694218763091
2023-12-04 10:00:00,22.6,46,397.8,4336.444708959072
2023-12-04 11:00:00,21.8,50,247.7,4040.988052411423
2023-12-04 12:00:00,19.5,59,76.5,4422.336716536481
2023-12-04 13:00:00,19.4,64,0.0,4382.64917814954
2023-12-04 14:00:00,20.0,58,0.0,4275.9589351993845
2023-12-04 15:00:00,16.6,74,0.0,4069.468094602353
2023-12-04 16:00:00,15.0,86,0.0,3661.9068162978433
2023-12-04 17:00:00,14.3,90,0.0,3516.026680044915
2023-12-04 18:00:00,13.7,91,0.0,3462.1114842247503
2023-12-04 19:00:00,13.0,92,0.0,3742.9286527238537
2023-12-04 20:00:00,12.8,90,0.0,3300.5974665641984
2023-12-04 21:00:00,12.5,90,0.0,2975.2662890793817
2023-12-04 22:00:00,12.3,91,0.0,3296.3304226997425
2023-12-04 23:00:00,11.5,92,0.0,2838.3323605380815
2023-12-05 00:00:00,11.9,90,0.0,2998.5105545757588
2023-12-05 01:00:00,11.9,95,0.0,2980.2461675398913
2023-12-05 02:00:00,12.7,93,15.1,3051.5355677579673
2023-12-05 03:00:00,14.8,85,255.9,2872.018508376881
2023-12-05 04:00:00,17.2,77,456.4,3201.162896334988
2023-12-05 05:00:00,19.5,68,577.8,3227.756351500973
2023-12-05 06:00:00,21.4,57,645.1,3680.0801168973576
2023-12-05 07:00:00,22.5,48,674.5,3589.6008194927035
2023-12-05 08:00:00,23.1,44,668.7,4079.0697995956266
2023-12-05 09:00:00,23.2,42,623.1,4488.207343603611
2023-12-05 10:00:00,22.9,43,529.6,4382.195747945514
2023-12-05 11:00:00,21.6,49,360.2,4381.250302721587
2023-12-05 12:00:00,18.4,61,105.2,4329.690585894769
2023-12-05 13:00:00,17.8,66,0.0,4057.3861800473683
2023-12-05 14:00:00,16.8,69,0.0,4253.075760240475
2023-12-05 15:00:00,15.9,73,0.0,4489.469882449103
2023-12-05 16:00:00,15.1,76,0.0,4209.126460700777
2023-12-05 17:00:00,14.7,77,0.0,3822.441526618456
2023-12-05 18:00:00,14.3,79,0.0,3461.7604873208343
2023-12-05 19:00:00,13.8,81,0.0,3647.272842466053
2023-12-05 20:00:00,13.3,83,0.0,3167.5522785718313
2023-12-05 21:00:00,12.8,85,0.0,3375.690890151097
2023-12-05 22:00:00,12.4,87,0.0,3214.6606321655863
2023-12-05 23:00:00,12.1,88,0.0,3008.330969437072
2023-12-06 00:00:00,11.9,90,0.0,2913.779888880916
2023-12-06 01:00:00,11.7,94,0.0,2932.298044021405
2023-12-06 02:00:00,11.7,95,15.4,3192.156712731623
2023-12-06 03:00:00,14.0,88,264.8,3074.7361566274185
2023-12-06 04:00:00,16.5,80,470.7,3073.506829425843
2023-12-06 05:00:00,18.8,72,596.6,3378.9271958993745
2023-12-06 06:00:00,20.9,64,662.7,3485.6998363471916
2023-12-06 07:00:00,22.4,56,690.7,3508.0444436550624
2023-12-06 08:00:00,23.3,47,683.3,4241.272998510543
2023-12-06 09:00:00,23.6,45,639.0,4583.541458304049
2023-12-06 10:00:00,23.3,45,542.2,4576.034425344473
2023-12-06 11:00:00,21.8,57,368.1,4327.20034006594
2023-12-06 12:00:00,17.9,69,105.2,4254.583814055551
2023-12-06 13:00:00,17.4,74,0.0,4134.790400170874
2023-12-06 14:00:00,16.6,77,0.0,4251.681547005579
2023-12-06 15:00:00,15.4,82,0.0,3892.992697798691
2023-12-06 16:00:00,14.6,86,0.0,3861.7482301775312
2023-12-06 17:00:00,14.2,87,0.0,3882.227289326202
2023-12-06 18:00:00,13.9,88,0.0,3443.9005484451022
2023-12-06 19:00:00,13.1,90,0.0,3488.951828677453
2023-12-06 20:00:00,12.5,91,0.0,3381.1890181488734
2023-12-06 21:00:00,12.2,92,0.0,3136.513055580603
2023-12-06 22:00:00,11.9,93,0.0,2884.198989604497
2023-12-06 23:00:00,11.6,94,0.0,3196.082146217302
2023-12-07 00:00:00,11.6,94,0.0,3184.2198344897415
2023-12-07 01:00:00,11.6,97,0.0,3059.5561862508853
2023-12-07 02:00:00,12.0,97,15.7,3223.014860450191
2023-12-07 03:00:00,14.2,91,208.2,2955.0849193859262
2023-12-07 04:00:00,17.1,82,420.6,3120.9051994276106
2023-12-07 05:00:00,19.7,72,571.0,3528.4944868091034
2023-12-07 06:00:00,21.7,63,639.3,3305.2382807390245
2023-12-07 07:00:00,23.2,55,666.9,3702.2336477878516
2023-12-07 08:00:00,23.9,49,656.7,4444.235952667384
2023-12-07 09:00:00,24.1,46,614.0,4935.8534820213345
2023-12-07 10:00:00,23.7,46,521.2,4475.779071448758
2023-12-07 11:00:00,22.3,53,356.5,4188.4332909279265
2023-12-07 12:00:00,19.1,65,105.1,4113.105777763911
2023-12-07 13:00:00,18.7,67,0.0,4351.778362898352
2023-12-07 14:00:00,17.6,70,0.0,4441.713486591981
2023-12-07 15:00:00,16.3,75,0.0,4213.619230841221
2023-12-07 16:00:00,15.1,81,0.0,4153.607497324996
2023-12-07 17:00:00,14.1,86,0.0,3942.579812783023
2023-12-07 18:00:00,13.5,88,0.0,3837.215067345142
2023-12-07 19:00:00,13.2,88,0.0,3608.4506229378526
2023-12-07 20:00:00,12.8,89,0.0,3471.905476427335
2023-12-07 21:00:00,12.3,91,0.0,3276.5888085581214
2023-12-07 22:00:00,11.9,91,0.0,3090.974112310663
2023-12-07 23:00:00,11.7,92,0.0,3010.102013714022
2023-12-08 00:00:00,11.4,92,0.0,3226.0965771441724
2023-12-08 01:00:00,11.7,94,0.0,2918.350833509398
2023-12-08 02:00:00,11.9,94,16.0,3125.9982405994533
2023-12-08 03:00:00,14.0,85,261.0,2622.396090801452
2023-12-08 04:00:00,16.8,76,465.8,3297.539409864211
2023-12-08 05:00:00,19.3,69,589.8,3597.842596271874
2023-12-08 06:00:00,21.4,61,658.5,3140.455259679371
2023-12-08 07:00:00,22.7,53,684.6,3652.423591926853
2023-12-08 08:00:00,23.5,47,679.4,4265.67955387021
2023-12-08 09:00:00,23.8,43,637.1,4441.266196594154
2023-12-08 10:00:00,23.5,43,543.0,4334.214943222388
2023-12-08 11:00:00,22.2,49,371.8,4387.920231304297
2023-12-08 12:00:00,18.9,61,114.5,4076.6253323140218
2023-12-08 13:00:00,18.3,65,0.0,4338.141382938751
2023-12-08 14:00:00,16.7,72,0.0,4366.455986520886
2023-12-08 15:00:00,15.3,78,0.0,3999.6204630414168
2023-12-08 16:00:00,14.8,80,0.0,3919.9378979142807
2023-12-08 17:00:00,14.1,82,0.0,3749.1215046432812
2023-12-08 18:00:00,13.2,86,0.0,3660.5005828799067
2023-12-08 19:00:00,12.6,87,0.0,3458.097815943763
2023-12-08 20:00:00,11.5,90,0.0,3457.203146976441
2023-12-08 21:00:00,11.3,89,0.0,3210.892164323793
2023-12-08 22:00:00,11.1,90,0.0,3316.3694932223752
2023-12-08 23:00:00,10.9,90,0.0,2965.789530192875
2023-12-09 00:00:00,10.7,90,0.0,3092.3677360419356
2023-12-09 01:00:00,10.8,91,0.0,3414.6155870817993
2023-12-09 02:00:00,10.8,91,16.4,3588.8413643163776
2023-12-09 03:00:00,13.3,81,270.3,3205.046811263656
2023-12-09 04:00:00,16.2,72,483.2,2999.570327311578
2023-12-09 05:00:00,19.0,61,606.7,3297.713617393487
2023-12-09 06:00:00,21.0,53,672.7,3413.9522237044107
2023-12-09 07:00:00,22.4,47,699.1,3770.155957506309
2023-12-09 08:00:00,23.2,43,692.1,3796.5346018608248
2023-12-09 09:00:00,23.4,40,647.1,4343.34312410362
2023-12-09 10:00:00,23.1,40,552.8,4195.68183438099
2023-12-09 11:00:00,21.6,46,379.2,4322.16273074869
2023-12-09 12:00:00,18.1,59,114.3,4333.76617774104
2023-12-09 13:00:00,17.5,62,0.0,4366.709919928214
2023-12-09 14:00:00,16.5,65,0.0,4096.023677862924
2023-12-09 15:00:00,15.4,70,0.0,3973.917203942943
2023-12-09 16:00:00,14.5,73,0.0,3927.4846848295792
2023-12-09 17:00:00,13.8,76,0.0,3719.117084792076
2023-12-09 18:00:00,13.0,80,0.0,3540.637391910596
2023-12-09 19:00:00,12.6,82,0.0,3353.894308204372
2023-12-09 20:00:00,12.2,84,0.0,3497.3824007437865
2023-12-09 21:00:00,11.9,84,0.0,3263.883289867349
2023-12-09 22:00:00,11.6,83,0.0,3228.2986511728304
2023-12-09 23:00:00,11.4,82,0.0,3076.7480097688795
2023-12-10 00:00:00,11.2,82,0.0,2757.4498704963803
2023-12-10 01:00:00,10.8,86,0.0,2873.510823736008
2023-12-10 02:00:00,10.8,86,16.7,3095.531307037712
2023-12-10 03:00:00,12.8,78,274.0,3090.6856812723004
2023-12-10 04:00:00,15.6,68,486.4,2974.1644462744375
2023-12-10 05:00:00,18.2,60,611.3,3381.2127248073166
2023-12-10 06:00:00,20.3,53,676.5,3396.9216102384835
2023-12-10 07:00:00,21.6,45,703.9,3665.58352635489
2023-12-10 08:00:00,22.3,41,693.2,4023.9004644978436
2023-12-10 09:00:00,22.5,39,625.4,4307.870697166435
2023-12-10 10:00:00,22.1,40,543.3,4477.482062876326
2023-12-10 11:00:00,20.8,46,386.5,4601.858118479232
2023-12-10 12:00:00,17.8,58,114.0,4303.837927761626
2023-12-10 13:00:00,16.8,64,0.0,4348.555009690244
2023-12-10 14:00:00,15.7,69,0.0,4504.480495562066
2023-12-10 15:00:00,14.9,72,0.0,4413.275996634178
2023-12-10 16:00:00,14.0,76,0.0,3895.3902054300793
2023-12-10 17:00:00,13.2,79,0.0,3813.4406125129435
2023-12-10 18:00:00,12.4,82,0.0,3604.8194568821905
2023-12-10 19:00:00,11.4,86,0.0,3570.2800031984316
2023-12-10 20:00:00,10.4,89,0.0,3501.039818300245
2023-12-10 21:00:00,10.1,89,0.0,3249.0545206501074
2023-12-10 22:00:00,9.8,89,0.0,3241.3792984458914
2023-12-10 23:00:00,10.0,89,0.0,3132.119766100578
2023-12-11 00:00:00,9.9,90,0.0,3184.619528797519
2023-12-11 01:00:00,9.1,95,0.0,3478.969961862701
2023-12-11 02:00:00,9.1,95,17.0,3557.915691677535
2023-12-11 03:00:00,11.9,86,266.2,2818.2848351303514
2023-12-11 04:00:00,15.6,74,475.1,2986.4056582555318
2023-12-11 05:00:00,18.4,63,601.5,3383.7604462230006
2023-12-11 06:00:00,20.3,53,666.3,3294.4154905084124
2023-12-11 07:00:00,21.4,47,689.2,3683.1695933960364
2023-12-11 08:00:00,22.1,43,679.2,3691.517187292944
2023-12-11 09:00:00,22.3,40,635.2,4062.7247783358357
2023-12-11 10:00:00,21.9,40,540.9,4184.463397526935
2023-12-11 11:00:00,20.4,56,374.2,4007.439303813024
2023-12-11 12:00:00,20.0,47,113.7,4201.506100584136
2023-12-11 13:00:00,19.5,48,0.0,4276.175919518022
2023-12-11 14:00:00,18.4,53,0.0,4078.1294817222533
2023-12-11 15:00:00,16.7,61,0.0,4058.468796907331
2023-12-11 16:00:00,13.6,74,0.0,4079.133276847433
2023-12-11 17:00:00,12.3,78,0.0,3944.453470485122
2023-12-11 18:00:00,11.6,80,0.0,3779.3653717428556
2023-12-11 19:00:00,10.8,83,0.0,3679.1962395505443
2023-12-11 20:00:00,10.4,85,0.0,3518.085383175454
2023-12-11 21:00:00,10.3,86,0.0,3398.7467730543694
2023-12-11 22:00:00,10.0,87,0.0,3698.035744633225
2023-12-11 23:00:00,9.9,87,0.0,3658.3603177900286
2023-12-12 00:00:00,9.6,89,0.0,3239.4217269776245
2023-12-12 01:00:00,9.3,91,0.0,3421.0470420206157
2023-12-12 02:00:00,9.4,92,17.4,3454.878662245022
2023-12-12 03:00:00,12.7,81,252.3,3145.0383307094767
2023-12-12 04:00:00,15.8,71,457.9,3102.876354226131
2023-12-12 05:00:00,18.5,62,583.3,3191.5347166846623
2023-12-12 06:00:00,20.5,56,649.1,3810.054778043878
2023-12-12 07:00:00,21.7,52,674.3,3686.3761658496496
2023-12-12 08:00:00,22.3,49,666.8,3955.170332568982
2023-12-12 09:00:00,22.8,44,613.1,3993.8600474005493
2023-12-12 10:00:00,22.8,42,528.8,4287.725901451094
2023-12-12 11:00:00,21.4,68,350.4,4396.811437907674
2023-12-12 12:00:00,20.7,51,103.9,4105.634317039732
2023-12-12 13:00:00,19.4,52,0.0,4347.898929156471
2023-12-12 14:00:00,18.5,55,0.0,4539.435286507799
2023-12-12 15:00:00,17.7,59,0.0,4098.22489306916
2023-12-12 16:00:00,13.5,79,0.0,4094.1022978476844
2023-12-12 17:00:00,12.7,84,0.0,4338.773469216676
2023-12-12 18:00:00,13.9,76,0.0,3722.0885972468373
2023-12-12 19:00:00,13.3,77,0.0,3454.937114219809
2023-12-12 20:00:00,13.0,77,0.0,3406.192080455977
2023-12-12 21:00:00,12.1,81,0.0,3455.0647920323445
2023-12-12 22:00:00,11.5,83,0.0,3359.6858519725665
2023-12-12 23:00:00,11.4,82,0.0,3135.108090294343
2023-12-13 00:00:00,12.5,77,0.0,2988.1308086140775
2023-12-13 01:00:00,12.3,84,0.0,2921.715886628528
2023-12-13 02:00:00,10.4,90,17.8,3467.023986258021
2023-12-13 03:00:00,13.1,83,255.7,2968.9872917374846
2023-12-13 04:00:00,16.3,73,460.7,3024.8958619947466
2023-12-13 05:00:00,18.9,64,587.6,3381.304066857714
2023-12-13 06:00:00,20.8,55,654.3,3651.280641204663
2023-12-13 07:00:00,21.9,49,682.1,3934.0900543004636
2023-12-13 08:00:00,22.6,44,674.2,4105.044156823743
2023-12-13 09:00:00,22.8,41,628.3,4084.452832710837
2023-12-13 10:00:00,22.5,41,535.6,4267.568304987835
2023-12-13 11:00:00,21.3,46,368.8,4122.762276221892
2023-12-13 12:00:00,17.4,61,112.9,4246.32018426477
2023-12-13 13:00:00,17.3,55,0.0,4265.659354087626
2023-12-13 14:00:00,16.2,58,0.0,4300.982899581991
2023-12-13 15:00:00,14.9,64,0.0,3847.9615506270884
2023-12-13 16:00:00,14.0,67,0.0,3966.088795592302
2023-12-13 17:00:00,13.1,71,0.0,3835.53963392405
2023-12-13 18:00:00,12.4,75,0.0,3867.250616966689
2023-12-13 19:00:00,11.6,80,0.0,3770.6214275461375
2023-12-13 20:00:00,10.6,85,0.0,3514.9377073234014
2023-12-13 21:00:00,10.4,86,0.0,3612.8835218956674
2023-12-13 22:00:00,10.1,87,0.0,3337.059149972149
2023-12-13 23:00:00,9.9,88,0.0,3180.6989742932437
2023-12-14 00:00:00,9.7,89,0.0,3244.9735592940074
2023-12-14 01:00:00,9.9,90,0.0,3599.400907923097
2023-12-14 02:00:00,9.9,90,18.1,3582.4092410263083
2023-12-14 03:00:00,12.1,82,265.2,3116.66054955926
2023-12-14 04:00:00,14.9,72,478.2,2839.8717597057293
2023-12-14 05:00:00,17.6,62,606.5,3347.782314453831
2023-12-14 06:00:00,19.7,53,673.4,3445.624005577134
2023-12-14 07:00:00,21.1,45,699.4,3833.746142621089
2023-12-14 08:00:00,21.9,41,694.8,3797.814467095578
2023-12-14 09:00:00,22.1,40,643.3,3761.861025324217
2023-12-14 10:00:00,21.8,41,547.1,4116.932456303411
2023-12-14 11:00:00,20.5,48,367.8,4188.063281952131
2023-12-14 12:00:00,17.4,60,112.5,4136.575500658423
2023-12-14 13:00:00,16.0,67,0.0,4338.414122885269
2023-12-14 14:00:00,14.5,74,0.0,4146.561019262275
2023-12-14 15:00:00,13.6,77,0.0,4053.8863441879407
2023-12-14 16:00:00,12.9,80,0.0,4020.3695819814825
2023-12-14 17:00:00,12.4,81,0.0,3949.968075023581
2023-12-14 18:00:00,12.0,83,0.0,3912.2267611216125
2023-12-14 19:00:00,10.8,88,0.0,3879.5839599464525
2023-12-14 20:00:00,9.6,91,0.0,3935.230154948179
2023-12-14 21:00:00,9.3,91,0.0,3646.96685112106
2023-12-14 22:00:00,9.1,92,0.0,3490.3877427218563
2023-12-14 23:00:00,8.9,92,0.0,3322.640792862781
2023-12-15 00:00:00,8.6,93,0.0,3478.241841532591
2023-12-15 01:00:00,7.5,93,0.0,3941.9136702627284
2023-12-15 02:00:00,7.7,94,18.5,4032.185041575793
2023-12-15 03:00:00,10.5,85,268.7,3400.4618977369887
2023-12-15 04:00:00,14.2,71,475.1,3217.3926734485294
2023-12-15 05:00:00,17.3,60,615.0,3269.3561684543756
2023-12-15 06:00:00,19.5,49,682.0,3405.7222709508624
2023-12-15 07:00:00,21.0,42,698.9,3839.783477902753
2023-12-15 08:00:00,21.8,39,690.3,3944.020745498465
2023-12-15 09:00:00,22.1,39,592.8,4419.859156237919
2023-12-15 10:00:00,21.8,40,489.3,4299.24854946017
2023-12-15 11:00:00,20.3,49,282.6,4474.3574294997725
2023-12-15 12:00:00,17.2,59,93.3,4296.201418484085
2023-12-15 13:00:00,17.7,58,0.0,4263.119369917069
2023-12-15 14:00:00,14.9,70,0.0,4292.230443341486
2023-12-15 15:00:00,13.4,76,0.0,4300.36405120331
2023-12-15 16:00:00,12.5,80,0.0,3978.220569131238
2023-12-15 17:00:00,12.8,75,0.0,3871.626472878103
2023-12-15 18:00:00,12.1,75,0.0,3783.169461997394
2023-12-15 19:00:00,10.9,79,0.0,3722.159464654078
2023-12-15 20:00:00,10.4,80,0.0,3598.214901630465
2023-12-15 21:00:00,9.9,82,0.0,3458.5437410819254
2023-12-15 22:00:00,9.9,82,0.0,3391.1447272309356
2023-12-15 23:00:00,9.2,85,0.0,3362.7373804445424
2023-12-16 00:00:00,8.2,89,0.0,3367.775142411177
2023-12-16 01:00:00,7.7,92,0.0,3623.4893308461174
2023-12-16 02:00:00,7.9,93,0.0,3656.269149566485
2023-12-16 03:00:00,10.9,83,247.5,3276.997468233206
2023-12-16 04:00:00,14.8,71,439.2,2947.537232717035
2023-12-16 05:00:00,18.1,58,577.2,3123.7558429470655
2023-12-16 06:00:00,20.4,46,625.7,3560.138624408447
2023-12-16 07:00:00,21.5,42,584.0,3582.6189945684214
2023-12-16 08:00:00,22.2,41,652.5,3770.191302405214
2023-12-16 09:00:00,22.3,39,630.1,4046.4232641948993
2023-12-16 10:00:00,22.0,38,548.3,4145.16778530357
2023-12-16 11:00:00,20.7,43,384.4,4134.6660593664965
2023-12-16 12:00:00,16.3,60,120.7,3995.368072369224
2023-12-16 13:00:00,17.4,53,0.0,4410.008356121205
2023-12-16 14:00:00,15.1,63,0.0,4396.503369736379
2023-12-16 15:00:00,15.1,63,0.0,4260.099983591457
2023-12-16 16:00:00,14.1,66,0.0,3993.2443592281084
2023-12-16 17:00:00,12.0,75,0.0,3930.195069527565
2023-12-16 18:00:00,11.0,78,0.0,4058.907721292156
2023-12-16 19:00:00,10.3,80,0.0,3712.126003717531
2023-12-16 20:00:00,10.3,79,0.0,3784.301662893719
2023-12-16 21:00:00,12.1,70,0.0,3196.8987173147666
2023-12-16 22:00:00,12.2,70,0.0,3168.3959642693403
2023-12-16 23:00:00,12.0,71,0.0,2783.7164297726813
2023-12-17 00:00:00,11.8,72,0.0,3107.0194723848826
2023-12-17 01:00:00,9.5,86,0.0,3544.9018394031086
2023-12-17 02:00:00,9.5,87,0.0,3536.3270810131626
2023-12-17 03:00:00,12.1,77,244.4,3340.994053713773
2023-12-17 04:00:00,16.1,64,453.6,3161.819319270187
2023-12-17 05:00:00,19.0,55,587.5,3357.532249634985
2023-12-17 06:00:00,20.9,46,655.0,3475.242049349237
2023-12-17 07:00:00,22.0,42,684.3,3871.321121722146
2023-12-17 08:00:00,22.5,40,677.7,3739.0208690324926
2023-12-17 09:00:00,22.6,39,633.6,4117.102803217093
2023-12-17 10:00:00,22.3,39,540.3,4336.276999469981
2023-12-17 11:00:00,21.1,44,371.6,4389.4319642655855
2023-12-17 12:00:00,17.3,60,120.0,4469.65162029178
2023-12-17 13:00:00,16.8,59,0.0,4396.07253610661
2023-12-17 14:00:00,15.7,63,0.0,4103.636541045665
2023-12-17 15:00:00,14.5,67,0.0,3999.3689600885828
2023-12-17 16:00:00,13.9,69,0.0,3962.6135555987007
2023-12-17 17:00:00,13.0,73,0.0,4085.287397396286
2023-12-17 18:00:00,11.7,80,0.0,3779.8375858839404
2023-12-17 19:00:00,11.1,84,0.0,3874.9298406623648
2023-12-17 20:00:00,11.0,84,0.0,3471.1735441794062
2023-12-17 21:00:00,10.5,86,0.0,3872.209118340083
2023-12-17 22:00:00,9.9,89,0.0,3487.114751817181
2023-12-17 23:00:00,9.5,90,0.0,3340.090535797096
2023-12-18 00:00:00,9.3,91,0.0,3295.189990859667
2023-12-18 01:00:00,9.1,93,0.0,3470.65529179151
2023-12-18 02:00:00,9.1,93,0.0,3541.9010336866113
2023-12-18 03:00:00,11.1,84,253.7,3217.778762407635
2023-12-18 04:00:00,13.7,74,465.0,3169.5454748549514
2023-12-18 05:00:00,16.4,64,599.8,2947.3385197948737
2023-12-18 06:00:00,18.7,55,672.1,3592.6895155744887
2023-12-18 07:00:00,20.3,47,701.4,3911.585094161907
2023-12-18 08:00:00,21.2,40,694.6,3978.860826330256
2023-12-18 09:00:00,21.5,36,652.0,3940.955719450637
2023-12-18 10:00:00,21.2,34,563.2,4086.7855296314897
2023-12-18 11:00:00,20.2,38,396.6,4326.666196962536
2023-12-18 12:00:00,17.5,48,137.7,4054.097021265929
2023-12-18 13:00:00,15.9,56,0.0,4193.595893344285
2023-12-18 14:00:00,14.9,60,0.0,4435.589292626447
2023-12-18 15:00:00,14.1,61,0.0,4300.484643115425
2023-12-18 16:00:00,13.4,63,0.0,3930.93190258224
2023-12-18 17:00:00,12.6,65,0.0,3989.3801125592927
2023-12-18 18:00:00,12.0,68,0.0,3795.6673702091994
2023-12-18 19:00:00,11.6,69,0.0,3744.1409515281143
2023-12-18 20:00:00,11.2,71,0.0,3490.8875682358716
2023-12-18 21:00:00,10.8,72,0.0,3415.109304269808
2023-12-18 22:00:00,10.4,73,0.0,3487.8426189802717
2023-12-18 23:00:00,9.9,75,0.0,3277.1979766639806
2023-12-19 00:00:00,9.5,77,0.0,3343.7165565836076
2023-12-19 01:00:00,8.7,87,0.0,3402.0639686338354
2023-12-19 02:00:00,8.6,87,0.0,3654.231971385952
2023-12-19 03:00:00,10.4,79,263.2,3556.551283756062
2023-12-19 04:00:00,13.2,69,479.3,3074.219605561911
2023-12-19 05:00:00,15.9,60,618.5,3251.0952078793243
2023-12-19 06:00:00,18.3,54,689.1,3536.449834522101
2023-12-19 07:00:00,20.0,48,716.7,3832.7137837441387
2023-12-19 08:00:00,21.0,43,711.3,3827.04852204912
2023-12-19 09:00:00,21.5,40,668.3,4169.773141073297
2023-12-19 10:00:00,21.2,41,574.0,3886.2269793933883
2023-12-19 11:00:00,20.0,46,402.4,4194.811314378254
2023-12-19 12:00:00,17.1,57,136.9,4367.8728582765025
2023-12-19 13:00:00,15.8,61,0.0,4051.8471870976523
2023-12-19 14:00:00,14.7,64,0.0,4405.872771361268
2023-12-19 15:00:00,14.0,66,0.0,3997.1743295686265
2023-12-19 16:00:00,13.4,67,0.0,3915.20455998213
2023-12-19 17:00:00,12.7,69,0.0,3862.542815153435
2023-12-19 18:00:00,12.0,71,0.0,3809.1474314488473
2023-12-19 19:00:00,11.4,74,0.0,3853.553617772745
2023-12-19 20:00:00,10.8,76,0.0,3414.868551488945
2023-12-19 21:00:00,10.2,78,0.0,3404.507660884892
2023-12-19 22:00:00,10.0,79,0.0,3378.46575308471
2023-12-19 23:00:00,9.7,80,0.0,3435.946071569559
2023-12-20 00:00:00,9.1,84,0.0,3522.793955876247
2023-12-20 01:00:00,7.9,90,0.0,3477.978781262788
2023-12-20 02:00:00,7.9,89,0.0,3766.194236946369
2023-12-20 03:00:00,10.0,80,207.8,3635.4432297552007
2023-12-20 04:00:00,12.8,70,457.4,2886.6992159597726
2023-12-20 05:00:00,15.5,61,577.7,3382.952891003628
2023-12-20 06:00:00,17.7,54,642.5,3475.824292141476
2023-12-20 07:00:00,19.2,49,609.1,3577.8919086991204
2023-12-20 08:00:00,20.1,46,574.6,3856.025868100345
2023-12-20 09:00:00,20.4,45,367.4,4060.9178575904584
2023-12-20 10:00:00,20.2,46,355.0,4108.797382847657
2023-12-20 11:00:00,19.2,50,232.1,4157.916025722162
2023-12-20 12:00:00,16.1,63,54.4,4369.32608659937
2023-12-20 13:00:00,15.5,67,0.0,4389.07002477006
2023-12-20 14:00:00,14.2,74,0.0,4125.293137828902
2023-12-20 15:00:00,13.3,78,0.0,4195.180069172493
2023-12-20 16:00:00,12.9,80,0.0,3943.6880579968365
2023-12-20 17:00:00,11.9,85,0.0,4118.4491479303915
2023-12-20 18:00:00,11.6,85,0.0,3750.520778776273
2023-12-20 19:00:00,11.2,86,0.0,3611.590538252306
2023-12-20 20:00:00,10.7,87,0.0,3618.8125276872893
2023-12-20 21:00:00,9.7,91,0.0,3840.433278422105
2023-12-20 22:00:00,9.3,91,0.0,3156.255587552055
2023-12-20 23:00:00,9.1,92,0.0,3322.223936402471
2023-12-21 00:00:00,9.0,92,0.0,3603.2913175180984
2023-12-21 01:00:00,8.1,95,0.0,3453.4736945722993
2023-12-21 02:00:00,8.5,94,0.0,3759.8062026149005
2023-12-21 03:00:00,10.6,86,137.9,3228.3363596342933
2023-12-21 04:00:00,13.2,76,252.5,3329.6547791804555
2023-12-21 05:00:00,15.9,67,398.1,3443.048781207637
2023-12-21 06:00:00,18.6,57,634.5,3439.9766244060124
2023-12-21 07:00:00,20.3,50,686.4,3656.10413523256
2023-12-21 08:00:00,21.2,47,676.1,4111.4229220678135
2023-12-21 09:00:00,21.6,45,642.8,4069.232447219812
2023-12-21 10:00:00,21.3,44,555.0,4278.396322948145
2023-12-21 11:00:00,20.2,49,383.8,4302.485839310999
2023-12-21 12:00:00,17.0,60,99.1,4582.467326002997
2023-12-21 13:00:00,16.3,65,0.0,4497.300775486959
2023-12-21 14:00:00,15.1,70,0.0,4239.508826826246
2023-12-21 15:00:00,13.9,76,0.0,4174.263143492808
2023-12-21 16:00:00,12.4,83,0.0,4035.448116134345
2023-12-21 17:00:00,11.4,88,0.0,4052.5002849572916
2023-12-21 18:00:00,10.8,89,0.0,4038.4030304618773
2023-12-21 19:00:00,10.2,91,0.0,3764.0215152264445
2023-12-21 20:00:00,9.6,92,0.0,3740.9044977665294
2023-12-21 21:00:00,8.9,93,0.0,3603.6624131849608
2023-12-21 22:00:00,8.6,94,0.0,3516.7291527071225
2023-12-21 23:00:00,8.0,95,0.0,3685.284027804758
2023-12-22 00:00:00,8.1,95,0.0,3494.767698245515
2023-12-22 01:00:00,7.5,96,0.0,3847.655173940176
2023-12-22 02:00:00,7.1,97,0.0,4011.912338014943
2023-12-22 03:00:00,9.8,90,245.5,3321.994818912241
2023-12-22 04:00:00,13.0,79,458.2,3372.587113647909
2023-12-22 05:00:00,16.0,69,567.5,3270.1666326649834
2023-12-22 06:00:00,18.3,59,638.7,3447.2000694667163
2023-12-22 07:00:00,19.9,50,681.7,3664.068834128752
2023-12-22 08:00:00,20.9,45,700.8,4009.8380909999582
2023-12-22 09:00:00,21.4,44,638.3,4259.384436883968
2023-12-22 10:00:00,21.5,44,570.1,4294.948144680355
2023-12-22 11:00:00,20.4,52,367.0,4392.603100024074
2023-12-22 12:00:00,16.7,66,116.4,4150.477468662792
2023-12-22 13:00:00,16.6,69,0.0,4317.230800716076
2023-12-22 14:00:00,15.2,75,0.0,4329.056410009978
2023-12-22 15:00:00,13.8,83,0.0,4158.555631922198
2023-12-22 16:00:00,14.3,80,0.0,3864.6580659330234
2023-12-22 17:00:00,15.1,76,0.0,3623.009817562276
2023-12-22 18:00:00,12.3,87,0.0,3979.5480471477063
2023-12-22 19:00:00,11.4,90,0.0,3762.5089110458
2023-12-22 20:00:00,11.1,91,0.0,3466.2952654940577
2023-12-22 21:00:00,11.1,92,0.0,3144.248044934796
2023-12-22 22:00:00,11.3,91,0.0,3117.5711525934466
2023-12-22 23:00:00,12.6,85,0.0,2767.4263964283646
2023-12-23 00:00:00,11.9,91,0.0,3087.825228344749
2023-12-23 01:00:00,12.3,88,0.0,2656.2615916886957
2023-12-23 02:00:00,11.5,88,0.0,3193.867716121659
2023-12-23 03:00:00,13.2,84,227.8,3015.297234226873
2023-12-23 04:00:00,15.9,75,435.4,3168.089426106899
2023-12-23 05:00:00,18.3,67,570.7,3267.576056070984
2023-12-23 06:00:00,19.9,59,648.1,3632.792324492425
2023-12-23 07:00:00,21.0,53,673.6,3872.7593618187248
2023-12-23 08:00:00,21.7,48,667.1,3877.4661154453006
2023-12-23 09:00:00,22.1,46,628.1,3922.6121894925122
2023-12-23 10:00:00,21.9,45,542.7,4262.00280076502
2023-12-23 11:00:00,21.0,50,383.6,4227.608328933978
2023-12-23 12:00:00,16.8,68,133.3,4483.953087933677
2023-12-23 13:00:00,17.3,68,0.0,4381.749846378409
2023-12-23 14:00:00,19.1,60,0.0,4333.7445377076
2023-12-23 15:00:00,18.2,64,0.0,4051.2434512641626
2023-12-23 16:00:00,16.0,74,0.0,4089.471325939573
2023-12-23 17:00:00,15.5,77,0.0,3553.853892025243
2023-12-23 18:00:00,15.3,77,0.0,3515.4768577988416
2023-12-23 19:00:00,15.1,78,0.0,3369.6850242605365
2023-12-23 20:00:00,11.0,94,0.0,3607.965644431994
2023-12-23 21:00:00,10.6,95,0.0,3574.6392277217165
2023-12-23 22:00:00,12.6,89,0.0,2981.643335927985
2023-12-23 23:00:00,12.7,88,0.0,2752.9625487764406
2023-12-24 00:00:00,12.5,88,0.0,2964.0219395907698
2023-12-24 01:00:00,11.1,92,0.0,3063.7894526750806
2023-12-24 02:00:00,9.7,95,0.0,3495.980082434473
2023-12-24 03:00:00,12.0,92,216.4,3329.6879989262425
2023-12-24 04:00:00,15.2,81,415.4,3189.254386682401
2023-12-24 05:00:00,18.5,68,584.6,3464.634982542306
2023-12-24 06:00:00,20.6,58,650.4,3536.5954367289914
2023-12-24 07:00:00,21.9,52,653.9,3875.566624413769
2023-12-24 08:00:00,22.6,48,678.2,3868.1772652140053
2023-12-24 09:00:00,22.9,46,636.3,4076.2256978875116
2023-12-24 10:00:00,22.7,46,548.2,4382.592458282578
2023-12-24 11:00:00,21.7,51,385.1,4278.238146112654
2023-12-24 12:00:00,17.5,69,141.2,4346.814025717183
2023-12-24 13:00:00,17.3,74,0.0,4155.319938884212
2023-12-24 14:00:00,16.5,78,0.0,4353.130291067246
2023-12-24 15:00:00,15.6,82,0.0,4130.979955025762
2023-12-24 16:00:00,14.7,86,0.0,4006.6705021006755
2023-12-24 17:00:00,13.3,90,0.0,4071.4605589196294
2023-12-24 18:00:00,12.2,92,0.0,3727.880374463378
2023-12-24 19:00:00,12.2,91,0.0,3534.4233843496045
2023-12-24 20:00:00,11.9,92,0.0,3314.73021341499
2023-12-24 21:00:00,11.5,93,0.0,3134.3900234544944
2023-12-24 22:00:00,11.2,94,0.0,3276.4950483678776
2023-12-24 23:00:00,11.0,94,0.0,3180.9066076771537
2023-12-25 00:00:00,10.9,94,0.0,3159.360520137774
2023-12-25 01:00:00,10.7,95,0.0,3154.9545903012
2023-12-25 02:00:00,10.7,95,0.0,3401.7314738875166
2023-12-25 03:00:00,12.4,90,238.7,3371.654154021359
2023-12-25 04:00:00,15.0,81,456.8,3096.3620202896054
2023-12-25 05:00:00,17.7,71,594.0,3096.0025532213813
2023-12-25 06:00:00,19.9,61,664.9,3373.4811047089493
2023-12-25 07:00:00,21.5,54,693.1,3588.841131686162
2023-12-25 08:00:00,22.4,50,689.2,4010.643660910635
2023-12-25 09:00:00,22.9,48,648.1,4286.771091091905
2023-12-25 10:00:00,22.8,47,560.5,4770.844398398289
2023-12-25 11:00:00,21.9,51,397.5,4040.168396225091
2023-12-25 12:00:00,17.6,70,148.9,4349.392370813495
2023-12-25 13:00:00,16.9,75,0.0,4174.705185273293
2023-12-25 14:00:00,15.8,79,0.0,4390.151301273134
2023-12-25 15:00:00,14.9,84,0.0,4326.321507238054
2023-12-25 16:00:00,14.0,87,0.0,4128.816742004374
2023-12-25 17:00:00,13.2,89,0.0,3965.768430252132
2023-12-25 18:00:00,12.5,90,0.0,3491.5848653304506
2023-12-25 19:00:00,11.8,92,0.0,3773.397264829145
2023-12-25 20:00:00,11.3,93,0.0,3585.16846515033
2023-12-25 21:00:00,10.8,94,0.0,3458.78436443359
2023-12-25 22:00:00,10.1,94,0.0,3617.799236253518
2023-12-25 23:00:00,9.5,95,0.0,3510.7524514846355
2023-12-26 00:00:00,9.6,95,0.0,3232.718898993396
2023-12-26 01:00:00,10.0,94,0.0,3138.370637342036
2023-12-26 02:00:00,9.7,95,0.0,3316.5882765232914
2023-12-26 03:00:00,11.8,89,144.4,3527.466709902758
2023-12-26 04:00:00,15.0,78,377.7,3307.617002974955
2023-12-26 05:00:00,17.7,67,468.1,3173.9993658942153
2023-12-26 06:00:00,19.9,58,592.4,3757.0780745821503
2023-12-26 07:00:00,21.4,52,607.6,3833.4923548634433
2023-12-26 08:00:00,22.3,47,529.2,3965.4257487031246
2023-12-26 09:00:00,22.7,44,499.0,4129.2928587167535
2023-12-26 10:00:00,22.5,45,400.4,4305.982720731425
2023-12-26 11:00:00,21.5,52,326.2,4164.242417281583
2023-12-26 12:00:00,18.4,64,121.6,4364.08082704071
2023-12-26 13:00:00,16.6,73,0.0,4314.868368794141
2023-12-26 14:00:00,17.0,71,0.0,4155.945067889786
2023-12-26 15:00:00,16.4,73,0.0,3767.2632038747197
2023-12-26 16:00:00,15.4,77,0.0,3970.4278397425796
2023-12-26 17:00:00,14.3,80,0.0,3914.601274046214
2023-12-26 18:00:00,13.2,83,0.0,3844.664195134925
2023-12-26 19:00:00,11.2,90,0.0,3665.8622113040965
2023-12-26 20:00:00,10.9,90,0.0,3522.8751487072627
2023-12-26 21:00:00,12.4,84,0.0,3090.8681624973865
2023-12-26 22:00:00,10.4,90,0.0,3580.704398595815
2023-12-26 23:00:00,9.6,93,0.0,3438.731696863515
2023-12-27 00:00:00,9.2,93,0.0,3898.0441501399027
2023-12-27 01:00:00,8.5,95,0.0,3599.9424140249307
2023-12-27 02:00:00,8.7,96,0.0,3330.391846478998
2023-12-27 03:00:00,10.9,92,221.9,3454.7233028943815
2023-12-27 04:00:00,14.2,80,447.0,3389.224347538861
2023-12-27 05:00:00,17.0,69,586.8,3541.8646155456013
2023-12-27 06:00:00,19.0,61,659.9,3423.260799364932
2023-12-27 07:00:00,20.4,56,690.8,3533.590088002735
2023-12-27 08:00:00,21.2,53,687.5,3871.9141046344444
2023-12-27 09:00:00,21.7,51,645.4,4098.4310886279245
2023-12-27 10:00:00,21.6,52,547.4,4045.005013081054
2023-12-27 11:00:00,20.8,55,392.5,4094.682571294492
2023-12-27 12:00:00,16.6,74,146.4,4352.955203706309
2023-12-27 13:00:00,14.6,86,0.0,4342.21347527389
2023-12-27 14:00:00,13.9,88,0.0,4254.841681237789
2023-12-27 15:00:00,13.6,89,0.0,3941.656729528765
2023-12-27 16:00:00,12.9,91,0.0,4284.4302826513585
2023-12-27 17:00:00,12.5,92,0.0,4045.4640968677845
2023-12-27 18:00:00,12.2,92,0.0,3648.0877683521626
2023-12-27 19:00:00,11.9,93,0.0,3741.5942488470523
2023-12-27 20:00:00,11.6,94,0.0,3372.4578092886945
2023-12-27 21:00:00,11.3,95,0.0,3322.663212406499
2023-12-27 22:00:00,10.8,96,0.0,3498.5614282294196
2023-12-27 23:00:00,10.3,97,0.0,3472.153645239451
2023-12-28 00:00:00,9.8,98,0.0,3195.4164297816133
2023-12-28 01:00:00,9.9,99,0.0,3423.4459867192763
2023-12-28 02:00:00,9.7,99,0.0,3322.2460381892424
2023-12-28 03:00:00,10.7,98,90.8,3248.241800041084
2023-12-28 04:00:00,11.8,96,84.0,3358.43096485088
2023-12-28 05:00:00,14.5,85,290.4,3296.601152641712
2023-12-28 06:00:00,17.1,74,624.4,3454.628721126303
2023-12-28 07:00:00,19.1,64,698.4,3701.81640783939
2023-12-28 08:00:00,20.3,57,699.7,3705.9002344937085
2023-12-28 09:00:00,20.9,55,660.4,4213.7324438268015
2023-12-28 10:00:00,20.8,55,573.0,4421.00861584973
2023-12-28 11:00:00,20.0,61,411.2,4326.779811155415
2023-12-28 12:00:00,16.2,81,162.2,4355.602204523626
2023-12-28 13:00:00,13.4,89,0.0,4215.822250095298
2023-12-28 14:00:00,12.4,92,0.0,4308.467995760595
2023-12-28 15:00:00,12.9,89,0.0,4282.8914209445875
2023-12-28 16:00:00,14.3,85,0.0,4093.376704780223
2023-12-28 17:00:00,13.5,88,0.0,3939.516770596246
2023-12-28 18:00:00,12.5,92,0.0,3746.3191639885176
2023-12-28 19:00:00,11.9,95,0.0,3504.095099793431
2023-12-28 20:00:00,11.5,99,0.0,3245.6110455211697
2023-12-28 21:00:00,10.7,100,0.0,3655.394762430351
2023-12-28 22:00:00,9.0,100,0.0,3465.5145849325577
2023-12-28 23:00:00,8.3,100,0.0,3448.109674736713
2023-12-29 00:00:00,8.3,99,0.0,3407.9251766672437
2023-12-29 01:00:00,9.0,97,0.0,3603.6200332764824
2023-12-29 02:00:00,9.3,99,0.0,3512.723115666063
2023-12-29 03:00:00,10.3,98,35.2,3528.3020952491142
2023-12-29 04:00:00,11.5,95,84.2,3590.4520135853754
2023-12-29 05:00:00,13.4,95,118.4,3363.850370672268
2023-12-29 06:00:00,16.2,82,195.1,3595.65816129141
2023-12-29 07:00:00,18.2,73,473.9,3874.886461375083
2023-12-29 08:00:00,19.4,66,611.0,3983.5981754142067
2023-12-29 09:00:00,20.1,62,583.5,4373.847826578077
2023-12-29 10:00:00,20.2,61,554.6,3990.611610285405
2023-12-29 11:00:00,19.7,63,390.6,4202.392442271378
2023-12-29 12:00:00,17.3,75,143.7,4304.748486820063
2023-12-29 13:00:00,15.5,79,0.0,4463.111466236222
2023-12-29 14:00:00,15.4,79,0.0,4234.713122898911
2023-12-29 15:00:00,13.9,85,0.0,4203.167818525095
2023-12-29 16:00:00,11.7,94,0.0,4138.455395900811
2023-12-29 17:00:00,10.7,98,0.0,4218.646197776614
2023-12-29 18:00:00,9.3,100,0.0,3876.776927858015
2023-12-29 19:00:00,9.0,100,0.0,3994.8048707369558
2023-12-29 20:00:00,9.0,100,0.0,3653.135758447097
2023-12-29 21:00:00,9.0,100,0.0,3540.9469430365784
2023-12-29 22:00:00,9.2,100,0.0,3296.02186293836
2023-12-29 23:00:00,9.2,100,0.0,3494.9495219049486
2023-12-30 00:00:00,9.5,100,0.0,3226.2688024481295
2023-12-30 01:00:00,9.5,99,0.0,3489.120411287482
2023-12-30 02:00:00,9.7,99,0.0,3329.5895500573165
2023-12-30 03:00:00,10.4,98,21.3,3372.1970617594234
2023-12-30 04:00:00,11.4,97,46.9,3490.6891581393234
2023-12-30 05:00:00,13.1,92,79.7,3586.5983110179004
2023-12-30 06:00:00,16.1,80,184.4,3706.7848681043783
2023-12-30 07:00:00,17.7,72,388.5,3814.9402530273433
2023-12-30 08:00:00,18.5,69,362.6,4097.656871210185
2023-12-30 09:00:00,19.0,67,316.5,3950.7140429915
2023-12-30 10:00:00,18.7,68,217.7,4002.0513385489535
2023-12-30 11:00:00,18.1,70,91.6,4058.9282426315312
2023-12-30 12:00:00,15.9,82,16.8,4277.701363530075
2023-12-30 13:00:00,13.1,92,0.0,4580.964573665737
2023-12-30 14:00:00,12.2,95,0.0,4510.626313206558
2023-12-30 15:00:00,11.7,95,0.0,4566.911682611607
2023-12-30 16:00:00,11.1,96,0.0,4310.2365684837505
2023-12-30 17:00:00,10.1,98,0.0,4341.086289917069
2023-12-30 18:00:00,10.1,98,0.0,4058.194570181284
2023-12-30 19:00:00,9.4,100,0.0,3881.106208489923
2023-12-30 20:00:00,9.0,100,0.0,3600.7161226733792
2023-12-30 21:00:00,9.0,100,0.0,3793.643964181262
2023-12-30 22:00:00,9.9,99,0.0,3368.5407609803638
2023-12-30 23:00:00,9.7,100,0.0,3357.475526453563
2023-12-31 00:00:00,9.5,100,0.0,3514.222554855651
2023-12-31 01:00:00,11.7,92,0.0,3213.9046810087234
2023-12-31 02:00:00,12.0,91,0.0,2873.1481150033733
2023-12-31 03:00:00,12.9,88,28.5,3254.2768917097405
2023-12-31 04:00:00,14.0,77,128.3,2940.0231641940354
2023-12-31 05:00:00,15.1,72,353.4,3467.0614272772636
2023-12-31 06:00:00,16.3,68,432.4,3568.391791247463
2023-12-31 07:00:00,17.5,63,627.7,3875.500840289486
2023-12-31 08:00:00,18.3,60,672.8,3918.101404467648
2023-12-31 09:00:00,18.7,59,634.8,3851.041539967733
2023-12-31 10:00:00,18.7,58,552.1,4309.974687986413
2023-12-31 11:00:00,18.2,60,402.2,4264.78515054545
2023-12-31 12:00:00,14.8,80,165.9,4079.5583932323784
2023-12-31 13:00:00,13.7,76,0.0,4282.502996314529
2023-12-31 14:00:00,11.1,88,0.0,4261.361361991712
2023-12-31 15:00:00,10.2,91,0.0,4438.606105775506
2023-12-31 16:00:00,9.3,94,0.0,4951.049062283371
2023-12-31 17:00:00,8.4,96,0.0,4339.445843967988
2023-12-31 18:00:00,7.6,98,0.0,4662.989567634619
2023-12-31 19:00:00,7.0,99,0.0,4648.470154603587
2023-12-31 20:00:00,6.8,100,0.0,4213.31033433399
2023-12-31 21:00:00,6.8,100,0.0,4247.899488090542
2023-12-31 22:00:00,5.9,100,0.0,4042.960396636392
2023-12-31 23:00:00,6.4,99,0.0,4031.537905565934
