timestamp,temp_c,humidity,solar_irradiance,actual_demand_mw,hour,dayofweek,month,is_weekend,cdd,hdd,temp_lag_1h,demand_lag_24h,predicted_demand_mw
2023-10-20 04:00:00,24.4,59,545.5,3822.733716443168,4,4,10,0,2.3999999999999986,0.0,21.9,3122.5682172069405,3849.019709202677
2023-10-20 05:00:00,26.2,51,640.6,5794.66604973153,5,4,10,0,4.199999999999999,0.0,24.4,4755.280623662406,5891.167067477141
2023-10-20 06:00:00,27.3,46,691.2,7398.960101794358,6,4,10,0,5.300000000000001,0.0,26.2,6348.757396064141,7492.65300252936
2023-10-20 07:00:00,28.2,42,710.1,8500.0,7,4,10,0,6.199999999999999,0.0,27.3,8033.675897121396,8500.0
2023-10-20 08:00:00,28.8,39,701.8,8500.0,8,4,10,0,6.800000000000001,0.0,28.2,8500.0,8500.0
2023-10-20 09:00:00,29.1,37,664.1,8500.0,9,4,10,0,7.100000000000001,0.0,28.8,8500.0,8500.0
2023-10-20 10:00:00,29.1,36,584.1,8500.0,10,4,10,0,7.100000000000001,0.0,29.1,8500.0,8500.0
2023-10-20 11:00:00,28.3,38,441.8,8500.0,11,4,10,0,6.300000000000001,0.0,29.1,8428.16758234081,8500.0
2023-10-20 12:00:00,25.7,49,220.3,6225.969369869214,12,4,10,0,3.6999999999999993,0.0,28.3,5569.551286311339,6139.785963709328
2023-10-20 13:00:00,23.7,57,0.0,4815.596847289745,13,4,10,0,1.6999999999999993,0.0,25.7,4153.012556826653,4662.192215640891
2023-10-20 14:00:00,22.4,65,0.0,4025.129783121784,14,4,10,0,0.3999999999999986,0.0,23.7,4212.806169811929,4210.608265326122
2023-10-20 15:00:00,21.3,70,0.0,4271.781223327436,15,4,10,0,0.0,0.0,22.4,3870.641616692376,3872.836989287335
2023-10-20 16:00:00,20.3,75,0.0,3530.4454885692894,16,4,10,0,0.0,0.0,21.3,3851.3698141498658,3752.9055527141113
2023-10-20 17:00:00,19.6,78,0.0,3653.2798910780966,17,4,10,0,0.0,0.0,20.3,3458.863785995357,3708.297538752173
2023-10-20 18:00:00,18.9,81,0.0,3395.603577686522,18,4,10,0,0.0,0.0,19.6,3605.22016525216,3561.5172334580725
2023-10-20 19:00:00,18.4,83,0.0,3009.093285945366,19,4,10,0,0.0,0.0,18.9,3350.1703830512315,3229.6115794003067
2023-10-20 20:00:00,17.8,85,0.0,3238.8379624805684,20,4,10,0,0.0,0.0,18.4,3059.709309208682,3089.015999228997
2023-10-20 21:00:00,17.5,87,0.0,2898.159217748808,21,4,10,0,0.0,0.0,17.8,2952.05050143887,2869.5800913515814
2023-10-20 22:00:00,16.9,90,0.0,2887.0462426955705,22,4,10,0,0.0,0.0,17.5,2812.920486844433,2786.9580305683344
2023-10-20 23:00:00,16.7,90,0.0,2891.921226017378,23,4,10,0,0.0,0.0,16.9,2684.740035085448,2795.647336720279
2023-10-21 00:00:00,17.5,89,0.0,2858.740150051842,0,5,10,1,0.0,0.0,16.7,2576.523143173831,2822.3014561930486
2023-10-21 01:00:00,17.6,90,0.0,2790.167383975893,1,5,10,1,0.0,0.0,17.5,2688.0207357527925,2710.9765462549294
2023-10-21 02:00:00,19.3,83,149.1,2761.0935882602826,2,5,10,1,0.0,0.0,17.6,2437.097212639367,2732.831645716589
2023-10-21 03:00:00,22.3,72,383.8,2989.9216026908634,3,5,10,1,0.3000000000000007,0.0,19.3,3089.417202982433,2962.5522885748605
2023-10-21 04:00:00,24.9,62,544.9,4394.501372527334,4,5,10,1,2.8999999999999986,0.0,22.3,3822.733716443168,4375.373609231584
2023-10-21 05:00:00,26.9,53,636.3,6545.567996426723,5,5,10,1,4.899999999999999,0.0,24.9,5794.66604973153,6882.388044890536
2023-10-21 06:00:00,28.2,45,685.1,8500.0,6,5,10,1,6.199999999999999,0.0,26.9,7398.960101794358,8495.369615205367
2023-10-21 07:00:00,29.0,40,702.1,8500.0,7,5,10,1,7.0,0.0,28.2,8500.0,8500.0
2023-10-21 08:00:00,29.5,38,692.3,8500.0,8,5,10,1,7.5,0.0,29.0,8500.0,8500.0
2023-10-21 09:00:00,29.7,36,653.2,8500.0,9,5,10,1,7.699999999999999,0.0,29.5,8500.0,8500.0
2023-10-21 10:00:00,29.6,36,573.6,8500.0,10,5,10,1,7.600000000000001,0.0,29.7,8500.0,8500.0
2023-10-21 11:00:00,29.0,38,430.0,8500.0,11,5,10,1,7.0,0.0,29.6,8500.0,8500.0
2023-10-21 12:00:00,26.2,49,212.9,6895.503425787079,12,5,10,1,4.199999999999999,0.0,29.0,6225.969369869214,6746.313416877642
2023-10-21 13:00:00,24.5,47,0.0,5362.614670127672,13,5,10,1,2.5,0.0,26.2,4815.596847289745,5268.59269023549
2023-10-21 14:00:00,23.4,48,0.0,4533.324236571439,14,5,10,1,1.3999999999999986,0.0,24.5,4025.129783121784,4283.281533148815
2023-10-21 15:00:00,21.7,55,0.0,4161.386160006537,15,5,10,1,0.0,0.0,23.4,4271.781223327436,4056.489462796676
2023-10-21 16:00:00,21.0,61,0.0,3879.66933513676,16,5,10,1,0.0,0.0,21.7,3530.4454885692894,3840.5807287314883
2023-10-21 17:00:00,19.9,69,0.0,3875.9210858030174,17,5,10,1,0.0,0.0,21.0,3653.2798910780966,3740.2643588158203
2023-10-21 18:00:00,19.5,72,0.0,3391.37994938704,18,5,10,1,0.0,0.0,19.9,3395.603577686522,3613.3109826545406
2023-10-21 19:00:00,18.4,77,0.0,3204.9939591572534,19,5,10,1,0.0,0.0,19.5,3009.093285945366,3193.5703252878347
2023-10-21 20:00:00,18.5,75,0.0,3157.3768965767213,20,5,10,1,0.0,0.0,18.4,3238.8379624805684,3171.665141247513
2023-10-21 21:00:00,19.2,71,0.0,2925.919952126272,21,5,10,1,0.0,0.0,18.5,2898.159217748808,2944.7528082818253
2023-10-21 22:00:00,17.5,79,0.0,2860.39013597819,22,5,10,1,0.0,0.0,19.2,2887.0462426955705,2743.8596387379034
2023-10-21 23:00:00,17.3,79,0.0,2711.248092635729,23,5,10,1,0.0,0.0,17.5,2891.921226017378,2630.9999857731386
2023-10-22 00:00:00,17.2,84,0.0,2588.5355272595693,0,6,10,1,0.0,0.0,17.3,2858.740150051842,2654.828607487792
2023-10-22 01:00:00,17.1,86,0.0,2441.01575282288,1,6,10,1,0.0,0.0,17.2,2790.167383975893,2649.0520196976095
2023-10-22 02:00:00,19.1,78,143.1,2820.3407749821204,2,6,10,1,0.0,0.0,17.1,2761.0935882602826,2663.9858274674193
2023-10-22 03:00:00,22.3,68,365.4,2815.600383398348,3,6,10,1,0.3000000000000007,0.0,19.1,2989.9216026908634,2899.089096307045
2023-10-22 04:00:00,25.1,58,520.4,4732.699004058034,4,6,10,1,3.1000000000000014,0.0,22.3,4394.501372527334,4457.094592709892
2023-10-22 05:00:00,27.3,48,610.2,7331.345044096345,5,6,10,1,5.300000000000001,0.0,25.1,6545.567996426723,7255.39388853374
2023-10-22 06:00:00,28.7,40,658.6,8500.0,6,6,10,1,6.699999999999999,0.0,27.3,8500.0,8500.0
2023-10-22 07:00:00,29.6,37,675.7,8500.0,7,6,10,1,7.600000000000001,0.0,28.7,8500.0,8500.0
2023-10-22 08:00:00,30.3,35,669.1,8500.0,8,6,10,1,8.3,0.0,29.6,8500.0,8500.0
2023-10-22 09:00:00,30.4,36,621.0,8500.0,9,6,10,1,8.399999999999999,0.0,30.3,8500.0,8500.0
2023-10-22 10:00:00,30.2,36,540.3,8500.0,10,6,10,1,8.2,0.0,30.4,8500.0,8500.0
2023-10-22 11:00:00,29.4,38,392.7,8500.0,11,6,10,1,7.399999999999999,0.0,30.2,8500.0,8500.0
2023-10-22 12:00:00,26.5,47,183.5,7407.359874414761,12,6,10,1,4.5,0.0,29.4,6895.503425787079,6986.213782287031
2023-10-22 13:00:00,25.4,50,0.0,5862.497680165126,13,6,10,1,3.3999999999999986,0.0,26.5,5362.614670127672,5838.270268585773
2023-10-22 14:00:00,24.1,58,0.0,5141.491846218311,14,6,10,1,2.1000000000000014,0.0,25.4,4533.324236571439,4888.359175613972
2023-10-22 15:00:00,22.9,64,0.0,4225.60107299791,15,6,10,1,0.8999999999999986,0.0,24.1,4161.386160006537,4113.289807858528
2023-10-22 16:00:00,21.8,70,0.0,3833.076938744318,16,6,10,1,0.0,0.0,22.9,3879.66933513676,3765.2748143608173
2023-10-22 17:00:00,21.3,74,0.0,3773.162602985951,17,6,10,1,0.0,0.0,21.8,3875.9210858030174,3577.097793425863
2023-10-22 18:00:00,20.4,79,0.0,3447.622377846514,18,6,10,1,0.0,0.0,21.3,3391.37994938704,3570.7190260755433
2023-10-22 19:00:00,19.7,83,0.0,3193.53421577923,19,6,10,1,0.0,0.0,20.4,3204.9939591572534,3251.4806359386102
2023-10-22 20:00:00,19.0,86,0.0,3040.444845256536,20,6,10,1,0.0,0.0,19.7,3157.3768965767213,3011.8802580949596
2023-10-22 21:00:00,18.5,88,0.0,3000.034979632103,21,6,10,1,0.0,0.0,19.0,2925.919952126272,2939.050852859072
2023-10-22 22:00:00,18.0,90,0.0,2708.747715993663,22,6,10,1,0.0,0.0,18.5,2860.39013597819,2790.7895248191803
2023-10-22 23:00:00,17.6,91,0.0,2703.183998857688,23,6,10,1,0.0,0.0,18.0,2711.248092635729,2774.111634612619
2023-10-23 00:00:00,17.9,91,0.0,2775.4383229360374,0,0,10,0,0.0,0.0,17.6,2588.5355272595693,2752.7048988703373
2023-10-23 01:00:00,18.2,90,0.0,2948.7664856099814,1,0,10,0,0.0,0.0,17.9,2441.01575282288,2739.3670881587223
2023-10-23 02:00:00,19.7,84,137.1,2898.086060142605,2,0,10,0,0.0,0.0,18.2,2820.3407749821204,2723.1244129688253
2023-10-23 03:00:00,22.3,73,365.6,2913.3784437651343,3,0,10,0,0.3000000000000007,0.0,19.7,2815.600383398348,3025.167244680858
2023-10-23 04:00:00,24.9,63,525.8,4334.277616994022,4,0,10,0,2.8999999999999986,0.0,22.3,4732.699004058034,4352.753971244958
2023-10-23 05:00:00,27.1,50,621.3,7142.65287824523,5,0,10,0,5.100000000000001,0.0,24.9,7331.345044096345,7115.046192163628
2023-10-23 06:00:00,28.2,44,670.2,8500.0,6,0,10,0,6.199999999999999,0.0,27.1,8500.0,8494.42034227482
2023-10-23 07:00:00,29.0,41,689.6,8500.0,7,0,10,0,7.0,0.0,28.2,8500.0,8500.0
2023-10-23 08:00:00,29.5,40,680.8,8500.0,8,0,10,0,7.5,0.0,29.0,8500.0,8500.0
2023-10-23 09:00:00,29.7,38,629.3,8500.0,9,0,10,0,7.699999999999999,0.0,29.5,8500.0,8500.0
2023-10-23 10:00:00,29.5,37,538.7,8500.0,10,0,10,0,7.5,0.0,29.7,8500.0,8500.0
2023-10-23 11:00:00,28.9,37,402.7,8500.0,11,0,10,0,6.899999999999999,0.0,29.5,8500.0,8500.0
2023-10-23 12:00:00,26.1,46,192.5,6590.413311255337,12,0,10,0,4.100000000000001,0.0,28.9,7407.359874414761,6651.915632814403
2023-10-23 13:00:00,24.0,54,0.0,4896.848607732296,13,0,10,0,2.0,0.0,26.1,5862.497680165126,4807.68048010253
2023-10-23 14:00:00,23.1,59,0.0,4390.172985973338,14,0,10,0,1.1000000000000014,0.0,24.0,5141.491846218311,4401.02400047655
2023-10-23 15:00:00,22.4,63,0.0,3819.552046619092,15,0,10,0,0.3999999999999986,0.0,23.1,4225.60107299791,4058.1233038897294
2023-10-23 16:00:00,22.0,65,0.0,4036.618369538548,16,0,10,0,0.0,0.0,22.4,3833.076938744318,3754.8163645499594
2023-10-23 17:00:00,21.8,66,0.0,4076.8616554448,17,0,10,0,0.0,0.0,22.0,3773.162602985951,3596.8724329887496
2023-10-23 18:00:00,21.0,69,0.0,3548.9989980706846,18,0,10,0,0.0,0.0,21.8,3447.622377846514,3513.3982415386868
2023-10-23 19:00:00,19.9,76,0.0,3274.7702861137327,19,0,10,0,0.0,0.0,21.0,3193.53421577923,3300.763636960923
2023-10-23 20:00:00,19.2,79,0.0,3017.8925907188477,20,0,10,0,0.0,0.0,19.9,3040.444845256536,3105.6827236942836
2023-10-23 21:00:00,18.2,84,0.0,3048.6632152162115,21,0,10,0,0.0,0.0,19.2,3000.034979632103,2945.135073939595
2023-10-23 22:00:00,17.9,85,0.0,2850.8048335446365,22,0,10,0,0.0,0.0,18.2,2708.747715993663,2719.8856382241424
2023-10-23 23:00:00,17.7,86,0.0,2542.840133500777,23,0,10,0,0.0,0.0,17.9,2703.183998857688,2747.580263566124
2023-10-24 00:00:00,17.7,90,0.0,2548.3828276207137,0,1,10,0,0.0,0.0,17.7,2775.4383229360374,2711.554115817213
2023-10-24 01:00:00,17.9,89,0.0,2452.425168335726,1,1,10,0,0.0,0.0,17.7,2948.7664856099814,2789.022873510496
2023-10-24 02:00:00,19.2,83,138.6,2961.657606033054,2,1,10,0,0.0,0.0,17.9,2898.086060142605,2748.797111331657
2023-10-24 03:00:00,22.0,72,375.3,3128.435924006353,3,1,10,0,0.0,0.0,19.2,2913.3784437651343,3006.1623489173594
2023-10-24 04:00:00,24.9,61,537.2,4349.869184831609,4,1,10,0,2.8999999999999986,0.0,22.0,4334.277616994022,4324.47427410033
2023-10-24 05:00:00,27.3,51,631.0,7176.810557544072,5,1,10,0,5.300000000000001,0.0,24.9,7142.65287824523,7238.432031104363
2023-10-24 06:00:00,28.8,43,680.5,8500.0,6,1,10,0,6.800000000000001,0.0,27.3,8500.0,8500.0
2023-10-24 07:00:00,29.7,40,698.4,8500.0,7,1,10,0,7.699999999999999,0.0,28.8,8500.0,8500.0
2023-10-24 08:00:00,30.3,36,680.4,8500.0,8,1,10,0,8.3,0.0,29.7,8500.0,8500.0
2023-10-24 09:00:00,30.5,34,619.4,8500.0,9,1,10,0,8.5,0.0,30.3,8500.0,8500.0
2023-10-24 10:00:00,30.4,32,506.4,8500.0,10,1,10,0,8.399999999999999,0.0,30.5,8500.0,8500.0
2023-10-24 11:00:00,29.7,33,384.1,8500.0,11,1,10,0,7.699999999999999,0.0,30.4,8500.0,8500.0
2023-10-24 12:00:00,26.6,44,181.5,7051.556069095435,12,1,10,0,4.600000000000001,0.0,29.7,6590.413311255337,7253.059883819915
2023-10-24 13:00:00,24.7,44,0.0,5403.521109503084,13,1,10,0,2.6999999999999993,0.0,26.6,4896.848607732296,5340.425680453229
2023-10-24 14:00:00,23.8,48,0.0,4586.83544559362,14,1,10,0,1.8000000000000007,0.0,24.7,4390.172985973338,4686.904838700777
2023-10-24 15:00:00,22.7,52,0.0,4016.14411570334,15,1,10,0,0.6999999999999993,0.0,23.8,3819.552046619092,4026.4446584907273
2023-10-24 16:00:00,21.5,58,0.0,3664.565774118973,16,1,10,0,0.0,0.0,22.7,4036.618369538548,3823.9830684188632
2023-10-24 17:00:00,20.8,61,0.0,3762.030127361003,17,1,10,0,0.0,0.0,21.5,4076.8616554448,3759.665677822309
2023-10-24 18:00:00,20.2,64,0.0,3322.5107915353133,18,1,10,0,0.0,0.0,20.8,3548.9989980706846,3597.9994966311206
2023-10-24 19:00:00,19.4,69,0.0,3259.5599742869563,19,1,10,0,0.0,0.0,20.2,3274.7702861137327,3334.24696863841
2023-10-24 20:00:00,19.0,73,0.0,3125.012093856771,20,1,10,0,0.0,0.0,19.4,3017.8925907188477,3091.2944013385527
2023-10-24 21:00:00,18.6,77,0.0,2984.800423121983,21,1,10,0,0.0,0.0,19.0,3048.6632152162115,2956.078859071862
2023-10-24 22:00:00,17.9,80,0.0,3059.418227527281,22,1,10,0,0.0,0.0,18.6,2850.8048335446365,2836.6270642467953
2023-10-24 23:00:00,17.5,82,0.0,2629.9519266137704,23,1,10,0,0.0,0.0,17.9,2542.840133500777,2774.795536269169
2023-10-25 00:00:00,17.1,83,0.0,2927.928325478608,0,2,10,0,0.0,0.0,17.5,2548.3828276207137,2743.5658501361254
2023-10-25 01:00:00,18.1,85,0.0,2790.670117088246,1,2,10,0,0.0,0.0,17.1,2452.425168335726,2748.708587881855
2023-10-25 02:00:00,19.5,79,140.1,2748.08769561838,2,2,10,0,0.0,0.0,18.1,2961.657606033054,2731.7033710915343
2023-10-25 03:00:00,22.1,70,378.8,3014.325465129873,3,2,10,0,0.10000000000000142,0.0,19.5,3128.435924006353,3016.507582650907
2023-10-25 04:00:00,24.8,61,540.7,4147.796214941112,4,2,10,0,2.8000000000000007,0.0,22.1,4349.869184831609,4137.696458388129
2023-10-25 05:00:00,27.1,54,636.0,7082.599509760115,5,2,10,0,5.100000000000001,0.0,24.8,7176.810557544072,7098.850899973295
2023-10-25 06:00:00,29.0,42,686.7,8500.0,6,2,10,0,7.0,0.0,27.1,8500.0,8500.0
2023-10-25 07:00:00,29.9,37,703.2,8500.0,7,2,10,0,7.899999999999999,0.0,29.0,8500.0,8500.0
2023-10-25 08:00:00,30.5,33,693.6,8500.0,8,2,10,0,8.5,0.0,29.9,8500.0,8500.0
2023-10-25 09:00:00,30.6,29,633.9,8500.0,9,2,10,0,8.600000000000001,0.0,30.5,8500.0,8500.0
2023-10-25 10:00:00,30.2,29,542.8,8500.0,10,2,10,0,8.2,0.0,30.6,8500.0,8500.0
2023-10-25 11:00:00,29.3,31,396.9,8500.0,11,2,10,0,7.300000000000001,0.0,30.2,8500.0,8500.0
2023-10-25 12:00:00,26.5,39,190.6,7038.819101662823,12,2,10,0,4.5,0.0,29.3,7051.556069095435,6968.828537596704
2023-10-25 13:00:00,24.4,50,0.0,5220.895874413443,13,2,10,0,2.3999999999999986,0.0,26.5,5403.521109503084,5151.583735459671
2023-10-25 14:00:00,23.2,56,0.0,4291.487982346256,14,2,10,0,1.1999999999999993,0.0,24.4,4586.83544559362,4462.163292919495
2023-10-25 15:00:00,21.7,62,0.0,3908.798390782816,15,2,10,0,0.0,0.0,23.2,4016.14411570334,3971.611648100542
2023-10-25 16:00:00,20.6,67,0.0,3953.121956554424,16,2,10,0,0.0,0.0,21.7,3664.565774118973,3758.04426829349
2023-10-25 17:00:00,20.1,68,0.0,3657.308775330602,17,2,10,0,0.0,0.0,20.6,3762.030127361003,3602.6547157521186
2023-10-25 18:00:00,19.8,69,0.0,3411.762121780117,18,2,10,0,0.0,0.0,20.1,3322.5107915353133,3517.7869321336825
2023-10-25 19:00:00,19.2,72,0.0,3080.8832397438664,19,2,10,0,0.0,0.0,19.8,3259.5599742869563,3296.5706509830943
2023-10-25 20:00:00,18.2,77,0.0,3376.7286576181173,20,2,10,0,0.0,0.0,19.2,3125.012093856771,3111.883810965506
2023-10-25 21:00:00,17.9,79,0.0,2818.96248902588,21,2,10,0,0.0,0.0,18.2,2984.800423121983,2927.1898620707925
2023-10-25 22:00:00,17.8,79,0.0,2950.977765198936,22,2,10,0,0.0,0.0,17.9,3059.418227527281,2841.4303529075323
2023-10-25 23:00:00,17.3,81,0.0,2506.276343188947,23,2,10,0,0.0,0.0,17.8,2629.9519266137704,2811.009842329336
2023-10-26 00:00:00,16.9,83,0.0,2520.8267665971853,0,3,10,0,0.0,0.0,17.3,2927.928325478608,2687.387929210092
2023-10-26 01:00:00,17.5,83,0.0,2659.235849685617,1,3,10,0,0.0,0.0,16.9,2790.670117088246,2805.482848385
2023-10-26 02:00:00,18.8,78,133.9,2951.0930579003825,2,3,10,0,0.0,0.0,17.5,2748.08769561838,2735.4530251035612
2023-10-26 03:00:00,21.5,68,379.2,3000.798796727252,3,3,10,0,0.0,0.0,18.8,3014.325465129873,2950.457252976987
2023-10-26 04:00:00,24.4,59,548.4,4082.340813010936,4,3,10,0,2.3999999999999986,0.0,21.5,4147.796214941112,3818.444309660149
2023-10-26 05:00:00,26.8,51,644.3,6592.370148114058,5,3,10,0,4.800000000000001,0.0,24.4,7082.599509760115,6519.296871513281
2023-10-26 06:00:00,28.6,42,694.4,8500.0,6,3,10,0,6.600000000000001,0.0,26.8,8500.0,8500.0
2023-10-26 07:00:00,29.6,36,712.1,8500.0,7,3,10,0,7.600000000000001,0.0,28.6,8500.0,8500.0
2023-10-26 08:00:00,30.2,32,701.5,8500.0,8,3,10,0,8.2,0.0,29.6,8500.0,8500.0
2023-10-26 09:00:00,30.5,29,660.9,8500.0,9,3,10,0,8.5,0.0,30.2,8500.0,8500.0
2023-10-26 10:00:00,30.3,27,575.9,8500.0,10,3,10,0,8.3,0.0,30.5,8500.0,8500.0
2023-10-26 11:00:00,29.4,30,424.5,8500.0,11,3,10,0,7.399999999999999,0.0,30.3,8500.0,8500.0
2023-10-26 12:00:00,26.3,38,193.0,7028.138973088703,12,3,10,0,4.300000000000001,0.0,29.4,7038.819101662823,6780.114994753833
2023-10-26 13:00:00,24.1,46,0.0,4683.7003226835295,13,3,10,0,2.1000000000000014,0.0,26.3,5220.895874413443,4944.189299169937
2023-10-26 14:00:00,22.5,54,0.0,4230.882499473716,14,3,10,0,0.5,0.0,24.1,4291.487982346256,4317.214442349604
2023-10-26 15:00:00,21.3,59,0.0,3928.1849458323313,15,3,10,0,0.0,0.0,22.5,3908.798390782816,3928.2625577991676
2023-10-26 16:00:00,20.4,61,0.0,3524.349380472899,16,3,10,0,0.0,0.0,21.3,3953.121956554424,3786.2053634604385
2023-10-26 17:00:00,20.3,59,0.0,3524.7718587335457,17,3,10,0,0.0,0.0,20.4,3657.308775330602,3669.098716350513
2023-10-26 18:00:00,19.7,61,0.0,3639.32482375082,18,3,10,0,0.0,0.0,20.3,3411.762121780117,3568.51365433493
2023-10-26 19:00:00,19.2,61,0.0,3189.740217329312,19,3,10,0,0.0,0.0,19.7,3080.8832397438664,3223.341052592799
2023-10-26 20:00:00,18.6,61,0.0,3011.067598786328,20,3,10,0,0.0,0.0,19.2,3376.7286576181173,3205.092915606387
2023-10-26 21:00:00,17.8,63,0.0,3016.0402808992,21,3,10,0,0.0,0.0,18.6,2818.96248902588,2983.070614143872
2023-10-26 22:00:00,17.1,66,0.0,2886.4255493869605,22,3,10,0,0.0,0.0,17.8,2950.977765198936,2746.4771666114025
2023-10-26 23:00:00,16.9,67,0.0,2645.94386553232,23,3,10,0,0.0,0.0,17.1,2506.276343188947,2741.4098176933553
2023-10-27 00:00:00,16.6,67,0.0,2633.9738899686863,0,4,10,0,0.0,0.0,16.9,2520.8267665971853,2786.560588896349
2023-10-27 01:00:00,16.8,76,0.0,2697.239330219459,1,4,10,0,0.0,0.0,16.6,2659.235849685617,2838.4803322706757
2023-10-27 02:00:00,18.0,71,135.4,2824.7210185617346,2,4,10,0,0.0,0.0,16.8,2951.0930579003825,2763.763469389833
2023-10-27 03:00:00,21.3,62,396.0,3175.59372014503,3,4,10,0,0.0,0.0,18.0,3000.798796727252,2942.621423094197
2023-10-27 04:00:00,24.5,52,564.5,3874.353606656415,4,4,10,0,2.5,0.0,21.3,4082.340813010936,3819.606705846807
2023-10-27 05:00:00,27.2,44,660.8,7449.353272288231,5,4,10,0,5.199999999999999,0.0,24.5,6592.370148114058,7218.05834912973
2023-10-27 06:00:00,29.2,32,710.6,8500.0,6,4,10,0,7.199999999999999,0.0,27.2,8500.0,8500.0
2023-10-27 07:00:00,29.9,29,726.5,8500.0,7,4,10,0,7.899999999999999,0.0,29.2,8500.0,8500.0
2023-10-27 08:00:00,30.3,27,714.9,8500.0,8,4,10,0,8.3,0.0,29.9,8500.0,8500.0
2023-10-27 09:00:00,30.4,27,671.1,8500.0,9,4,10,0,8.399999999999999,0.0,30.3,8500.0,8500.0
2023-10-27 10:00:00,30.1,27,584.1,8500.0,10,4,10,0,8.100000000000001,0.0,30.4,8500.0,8500.0
2023-10-27 11:00:00,29.2,31,429.0,8500.0,11,4,10,0,7.199999999999999,0.0,30.1,8500.0,8500.0
2023-10-27 12:00:00,25.4,44,188.5,6026.717176849541,12,4,10,0,3.3999999999999986,0.0,29.2,7028.138973088703,5908.672157722517
2023-10-27 13:00:00,23.5,51,0.0,4388.341297466272,13,4,10,0,1.5,0.0,25.4,4683.7003226835295,4507.976854635952
2023-10-27 14:00:00,22.8,54,0.0,4386.6532063600125,14,4,10,0,0.8000000000000007,0.0,23.5,4230.882499473716,4320.969762688634
2023-10-27 15:00:00,21.9,57,0.0,3804.721890678131,15,4,10,0,0.0,0.0,22.8,3928.1849458323313,3946.7845848422694
2023-10-27 16:00:00,21.1,58,0.0,3911.204340588054,16,4,10,0,0.0,0.0,21.9,3524.349380472899,3869.231140723314
2023-10-27 17:00:00,20.7,57,0.0,3843.474827428881,17,4,10,0,0.0,0.0,21.1,3524.7718587335457,3733.701980663224
2023-10-27 18:00:00,22.3,50,0.0,3179.8586444614684,18,4,10,0,0.3000000000000007,0.0,20.7,3639.32482375082,3473.91458605267
2023-10-27 19:00:00,23.3,45,0.0,3370.239372973096,19,4,10,0,1.3000000000000007,0.0,22.3,3189.740217329312,3324.196257189804
2023-10-27 20:00:00,22.5,49,0.0,3205.1640940811217,20,4,10,0,0.5,0.0,23.3,3011.067598786328,3116.1172003719134
2023-10-27 21:00:00,21.5,52,0.0,2861.1819633988493,21,4,10,0,0.0,0.0,22.5,3016.0402808992,2935.5833435365407
2023-10-27 22:00:00,21.0,54,0.0,2836.276572287798,22,4,10,0,0.0,0.0,21.5,2886.4255493869605,2765.701204850592
2023-10-27 23:00:00,20.7,54,0.0,2870.5677759185064,23,4,10,0,0.0,0.0,21.0,2645.94386553232,2746.4639997963195
2023-10-28 00:00:00,20.3,55,0.0,2604.7799104768906,0,5,10,1,0.0,0.0,20.7,2633.9738899686863,2700.6329181406986
2023-10-28 01:00:00,18.6,67,0.0,2994.500751663292,1,5,10,1,0.0,0.0,20.3,2697.239330219459,2686.8697522485636
2023-10-28 02:00:00,19.1,68,104.8,2709.376544435108,2,5,10,1,0.0,0.0,18.6,2824.7210185617346,2768.6104153814504
2023-10-28 03:00:00,21.8,62,290.8,2874.801782837857,3,5,10,1,0.0,0.0,19.1,3175.59372014503,2957.8419023120314
2023-10-28 04:00:00,24.7,52,340.2,3958.56207167144,4,5,10,1,2.6999999999999993,0.0,21.8,3874.353606656415,3959.9121540912165
2023-10-28 05:00:00,27.0,45,415.1,6930.16164309397,5,5,10,1,5.0,0.0,24.7,7449.353272288231,7084.879483202315
2023-10-28 06:00:00,28.6,38,524.5,8500.0,6,5,10,1,6.600000000000001,0.0,27.0,8500.0,8500.0
2023-10-28 07:00:00,29.6,34,543.6,8500.0,7,5,10,1,7.600000000000001,0.0,28.6,8500.0,8500.0
2023-10-28 08:00:00,29.9,32,324.7,8500.0,8,5,10,1,7.899999999999999,0.0,29.6,8500.0,8500.0
2023-10-28 09:00:00,30.0,30,265.7,8500.0,9,5,10,1,8.0,0.0,29.9,8500.0,8500.0
2023-10-28 10:00:00,29.6,31,155.5,8500.0,10,5,10,1,7.600000000000001,0.0,30.0,8500.0,8500.0
2023-10-28 11:00:00,28.6,39,155.5,8500.0,11,5,10,1,6.600000000000001,0.0,29.6,8500.0,8500.0
2023-10-28 12:00:00,26.5,47,70.7,7006.877348598715,12,5,10,1,4.5,0.0,28.6,6026.717176849541,6989.29079572346
2023-10-28 13:00:00,23.8,51,0.0,4936.617341994418,13,5,10,1,1.8000000000000007,0.0,26.5,4388.341297466272,4774.7281608484955
2023-10-28 14:00:00,25.1,44,0.0,5608.226206992223,14,5,10,1,3.1000000000000014,0.0,23.8,4386.6532063600125,5209.732880198243
2023-10-28 15:00:00,26.0,41,0.0,6352.332367399303,15,5,10,1,4.0,0.0,25.1,3804.721890678131,5793.272661209879
2023-10-28 16:00:00,23.9,49,0.0,4301.862144206792,16,5,10,1,1.8999999999999986,0.0,26.0,3911.204340588054,4342.192919674909
2023-10-28 17:00:00,22.6,54,0.0,3645.411748518125,17,5,10,1,0.6000000000000014,0.0,23.9,3843.474827428881,3689.29425146444
2023-10-28 18:00:00,21.4,57,0.0,3503.9480448452987,18,5,10,1,0.0,0.0,22.6,3179.8586444614684,3471.345263024041
2023-10-28 19:00:00,21.6,57,0.0,3559.809722068749,19,5,10,1,0.0,0.0,21.4,3370.239372973096,3116.672112577035
2023-10-28 20:00:00,20.3,62,0.0,3080.061554768636,20,5,10,1,0.0,0.0,21.6,3205.1640940811217,3149.01778601149
2023-10-28 21:00:00,18.8,66,0.0,2919.753491998729,21,5,10,1,0.0,0.0,20.3,2861.1819633988493,2925.5484042494027
2023-10-28 22:00:00,18.3,69,0.0,2943.0476797098054,22,5,10,1,0.0,0.0,18.8,2836.276572287798,2800.5101872445352
2023-10-28 23:00:00,17.8,73,0.0,2652.276853064616,23,5,10,1,0.0,0.0,18.3,2870.5677759185064,2769.85331828075
2023-10-29 00:00:00,18.2,72,0.0,2602.847274818439,0,6,10,1,0.0,0.0,17.8,2604.7799104768906,2808.497442789399
2023-10-29 01:00:00,20.1,63,0.0,2520.2282562651926,1,6,10,1,0.0,0.0,18.2,2994.500751663292,2748.479913738155
2023-10-29 02:00:00,19.8,68,114.2,2925.716989105123,2,6,10,1,0.0,0.0,20.1,2709.376544435108,2755.4645443185723
2023-10-29 03:00:00,22.4,62,347.2,3081.234878389342,3,6,10,1,0.3999999999999986,0.0,19.8,2874.801782837857,2817.5851134961295
2023-10-29 04:00:00,25.8,52,522.1,5289.430085281467,4,6,10,1,3.8000000000000007,0.0,22.4,3958.56207167144,5081.01888368061
2023-10-29 05:00:00,28.2,43,623.1,8500.0,5,6,10,1,6.199999999999999,0.0,25.8,6930.16164309397,8365.917444381586
2023-10-29 06:00:00,29.7,39,670.1,8500.0,6,6,10,1,7.699999999999999,0.0,28.2,8500.0,8500.0
2023-10-29 07:00:00,30.6,36,674.7,8500.0,7,6,10,1,8.600000000000001,0.0,29.7,8500.0,8500.0
2023-10-29 08:00:00,31.2,33,669.7,8500.0,8,6,10,1,9.2,0.0,30.6,8500.0,8500.0
2023-10-29 09:00:00,31.4,32,632.0,8500.0,9,6,10,1,9.399999999999999,0.0,31.2,8500.0,8500.0
2023-10-29 10:00:00,31.2,32,547.2,8500.0,10,6,10,1,9.2,0.0,31.4,8500.0,8500.0
2023-10-29 11:00:00,30.0,41,395.9,8500.0,11,6,10,1,8.0,0.0,31.2,8500.0,8500.0
2023-10-29 12:00:00,27.4,48,171.9,8404.682388718582,12,6,10,1,5.399999999999999,0.0,30.0,7006.877348598715,8284.53029299812
2023-10-29 13:00:00,25.0,55,0.0,5815.714814858864,13,6,10,1,3.0,0.0,27.4,4936.617341994418,5505.033230380346
2023-10-29 14:00:00,23.8,60,0.0,4860.168935360239,14,6,10,1,1.8000000000000007,0.0,25.0,5608.226206992223,4640.653904273954
2023-10-29 15:00:00,22.5,67,0.0,3994.1771179551074,15,6,10,1,0.5,0.0,23.8,6352.332367399303,4087.532642136128
2023-10-29 16:00:00,21.9,70,0.0,3788.601951642328,16,6,10,1,0.0,0.0,22.5,4301.862144206792,3854.199526018191
2023-10-29 17:00:00,20.6,77,0.0,3844.816583872188,17,6,10,1,0.0,0.0,21.9,3645.411748518125,3748.50992334001
2023-10-29 18:00:00,20.0,79,0.0,3675.774307278319,18,6,10,1,0.0,0.0,20.6,3503.9480448452987,3668.4567975893133
2023-10-29 19:00:00,19.4,81,0.0,3298.911258914699,19,6,10,1,0.0,0.0,20.0,3559.809722068749,3384.937573496117
2023-10-29 20:00:00,18.9,84,0.0,3158.3334554395383,20,6,10,1,0.0,0.0,19.4,3080.061554768636,3131.574616222647
2023-10-29 21:00:00,18.5,87,0.0,3119.2674094936247,21,6,10,1,0.0,0.0,18.9,2919.753491998729,2964.671223907785
2023-10-29 22:00:00,17.9,90,0.0,2952.5985048565253,22,6,10,1,0.0,0.0,18.5,2943.0476797098054,2775.413284437161
2023-10-29 23:00:00,17.7,90,0.0,2917.1571397933712,23,6,10,1,0.0,0.0,17.9,2652.276853064616,2793.4930583065584
2023-10-30 00:00:00,17.6,90,0.0,2709.8600048804747,0,0,10,0,0.0,0.0,17.7,2602.847274818439,2758.2383571542496
2023-10-30 01:00:00,18.4,93,0.0,2566.3394758232776,1,0,10,0,0.0,0.0,17.6,2520.2282562651926,2737.8579835231753
2023-10-30 02:00:00,20.2,86,107.4,2705.991593622617,2,0,10,0,0.0,0.0,18.4,2925.716989105123,2758.3281246065517
2023-10-30 03:00:00,23.1,74,344.0,3067.3250919597062,3,0,10,0,1.1000000000000014,0.0,20.2,3081.234878389342,3194.0250834851818
2023-10-30 04:00:00,26.0,63,511.1,5411.4576054422605,4,0,10,0,4.0,0.0,23.1,5289.430085281467,5154.023329707615
2023-10-30 05:00:00,28.4,53,608.8,8500.0,5,0,10,0,6.399999999999999,0.0,26.0,8500.0,8493.737184145477
2023-10-30 06:00:00,29.9,47,660.9,8500.0,6,0,10,0,7.899999999999999,0.0,28.4,8500.0,8500.0
2023-10-30 07:00:00,30.9,43,679.6,8500.0,7,0,10,0,8.899999999999999,0.0,29.9,8500.0,8500.0
2023-10-30 08:00:00,31.5,38,669.1,8500.0,8,0,10,0,9.5,0.0,30.9,8500.0,8500.0
2023-10-30 09:00:00,31.7,35,599.5,8500.0,9,0,10,0,9.7,0.0,31.5,8500.0,8500.0
2023-10-30 10:00:00,31.3,36,483.3,8500.0,10,0,10,0,9.3,0.0,31.7,8500.0,8500.0
2023-10-30 11:00:00,30.3,41,342.1,8500.0,11,0,10,0,8.3,0.0,31.3,8500.0,8500.0
2023-10-30 12:00:00,27.2,53,152.3,7955.989127775042,12,0,10,0,5.199999999999999,0.0,30.3,8404.682388718582,8066.206806146694
2023-10-30 13:00:00,24.6,59,0.0,5525.202858757578,13,0,10,0,2.6000000000000014,0.0,27.2,5815.714814858864,5339.4009717262525
2023-10-30 14:00:00,23.3,64,0.0,4573.505362925909,14,0,10,0,1.3000000000000007,0.0,24.6,4860.168935360239,4477.142840103994
2023-10-30 15:00:00,22.6,64,0.0,4226.016430808905,15,0,10,0,0.6000000000000014,0.0,23.3,3994.1771179551074,3957.360015100889
2023-10-30 16:00:00,22.0,68,0.0,3933.3196644353447,16,0,10,0,0.0,0.0,22.6,3788.601951642328,3735.4461712066195
2023-10-30 17:00:00,20.9,78,0.0,3541.785507087171,17,0,10,0,0.0,0.0,22.0,3844.816583872188,3587.252880329114
2023-10-30 18:00:00,20.8,80,0.0,3532.976481654076,18,0,10,0,0.0,0.0,20.9,3675.774307278319,3515.8787954412633
2023-10-30 19:00:00,19.8,86,0.0,3372.139591477551,19,0,10,0,0.0,0.0,20.8,3298.911258914699,3228.159355476416
2023-10-30 20:00:00,19.9,85,0.0,3188.930155695195,20,0,10,0,0.0,0.0,19.8,3158.3334554395383,3002.761716264363
2023-10-30 21:00:00,19.0,90,0.0,2673.114130894788,21,0,10,0,0.0,0.0,19.9,3119.2674094936247,2971.108465174571
2023-10-30 22:00:00,18.6,91,0.0,2662.0468288858724,22,0,10,0,0.0,0.0,19.0,2952.5985048565253,2799.5770265965157
2023-10-30 23:00:00,18.5,90,0.0,2538.8812148864504,23,0,10,0,0.0,0.0,18.6,2917.1571397933712,2758.66550747718
2023-10-31 00:00:00,18.7,90,0.0,2492.9157618309264,0,1,10,0,0.0,0.0,18.5,2709.8600048804747,2703.4947770595145
2023-10-31 01:00:00,19.2,90,0.0,2778.692052140136,1,1,10,0,0.0,0.0,18.7,2566.3394758232776,2736.6734098576644
2023-10-31 02:00:00,20.7,84,108.8,2801.895357507032,2,1,10,0,0.0,0.0,19.2,2705.991593622617,2675.729128867367
2023-10-31 03:00:00,23.5,74,347.7,3454.4678512120067,3,1,10,0,1.5,0.0,20.7,3067.3250919597062,3256.4293517163155
2023-10-31 04:00:00,26.0,65,514.7,5339.473834054117,4,1,10,0,4.0,0.0,23.5,5411.4576054422605,5188.426437177676
2023-10-31 05:00:00,28.1,56,610.7,8500.0,5,1,10,0,6.100000000000001,0.0,26.0,8500.0,8404.238790860843
2023-10-31 06:00:00,29.5,49,661.6,8500.0,6,1,10,0,7.5,0.0,28.1,8500.0,8500.0
2023-10-31 07:00:00,30.3,45,679.0,8500.0,7,1,10,0,8.3,0.0,29.5,8500.0,8500.0
2023-10-31 08:00:00,30.8,41,667.1,8500.0,8,1,10,0,8.8,0.0,30.3,8500.0,8500.0
2023-10-31 09:00:00,31.1,37,582.4,8500.0,9,1,10,0,9.100000000000001,0.0,30.8,8500.0,8500.0
2023-10-31 10:00:00,30.9,36,502.9,8500.0,10,1,10,0,8.899999999999999,0.0,31.1,8500.0,8500.0
2023-10-31 11:00:00,30.0,40,330.3,8500.0,11,1,10,0,8.0,0.0,30.9,8500.0,8500.0
2023-10-31 12:00:00,26.5,56,139.5,7254.332231198307,12,1,10,0,4.5,0.0,30.0,7955.989127775042,6969.327175878812
2023-10-31 13:00:00,25.2,62,0.0,6008.878933675962,13,1,10,0,3.1999999999999993,0.0,26.5,5525.202858757578,5698.802066515071
2023-10-31 14:00:00,24.2,69,0.0,5047.521186743859,14,1,10,0,2.1999999999999993,0.0,25.2,4573.505362925909,4864.877686362567
2023-10-31 15:00:00,23.3,73,0.0,4251.923681933569,15,1,10,0,1.3000000000000007,0.0,24.2,4226.016430808905,4349.748066846979
2023-10-31 16:00:00,22.3,77,0.0,3940.9835013020233,16,1,10,0,0.3000000000000007,0.0,23.3,3933.3196644353447,3843.196423826067
2023-10-31 17:00:00,21.4,80,0.0,3681.08107660932,17,1,10,0,0.0,0.0,22.3,3541.785507087171,3786.41313705565
2023-10-31 18:00:00,20.9,81,0.0,3319.924287590364,18,1,10,0,0.0,0.0,21.4,3532.976481654076,3525.332828541062
2023-10-31 19:00:00,20.5,83,0.0,3523.2027403548477,19,1,10,0,0.0,0.0,20.9,3372.139591477551,3268.494574106633
2023-10-31 20:00:00,20.3,84,0.0,3200.060494906756,20,1,10,0,0.0,0.0,20.5,3188.930155695195,3046.678209953068
2023-10-31 21:00:00,20.1,83,0.0,2991.6502897792334,21,1,10,0,0.0,0.0,20.3,2673.114130894788,2956.716102055087
2023-10-31 22:00:00,19.5,85,0.0,2797.2412721397186,22,1,10,0,0.0,0.0,20.1,2662.0468288858724,2717.455110645776
2023-10-31 23:00:00,18.8,89,0.0,2691.1182173115108,23,1,10,0,0.0,0.0,19.5,2538.8812148864504,2782.072936594287
2023-11-01 00:00:00,19.1,86,0.0,2489.439539440884,0,2,11,0,0.0,0.0,18.8,2492.9157618309264,2723.6571876148846
2023-11-01 01:00:00,20.2,81,0.0,2620.900677257512,1,2,11,0,0.0,0.0,19.1,2778.692052140136,2721.749633137754
2023-11-01 02:00:00,20.2,82,101.7,2812.061568372478,2,2,11,0,0.0,0.0,20.2,2801.895357507032,2692.2998811378875
2023-11-01 03:00:00,22.6,74,341.0,3141.697393037255,3,2,11,0,0.6000000000000014,0.0,20.2,3454.4678512120067,3071.139857601183
2023-11-01 04:00:00,25.3,63,509.9,4643.869661302553,4,2,11,0,3.3000000000000007,0.0,22.6,5339.473834054117,4736.783991876675
2023-11-01 05:00:00,27.4,54,607.8,7527.567376179437,5,2,11,0,5.399999999999999,0.0,25.3,8500.0,7351.934753708248
2023-11-01 06:00:00,28.9,48,660.8,8500.0,6,2,11,0,6.899999999999999,0.0,27.4,8500.0,8500.0
2023-11-01 07:00:00,29.8,44,679.9,8500.0,7,2,11,0,7.800000000000001,0.0,28.9,8500.0,8500.0
2023-11-01 08:00:00,30.3,41,669.4,8500.0,8,2,11,0,8.3,0.0,29.8,8500.0,8500.0
2023-11-01 09:00:00,30.5,39,626.0,8500.0,9,2,11,0,8.5,0.0,30.3,8500.0,8500.0
2023-11-01 10:00:00,30.2,39,537.0,8500.0,10,2,11,0,8.2,0.0,30.5,8500.0,8500.0
2023-11-01 11:00:00,29.4,42,383.7,8500.0,11,2,11,0,7.399999999999999,0.0,30.2,8500.0,8500.0
2023-11-01 12:00:00,26.5,52,156.1,7221.216441800598,12,2,11,0,4.5,0.0,29.4,7254.332231198307,6971.707833981362
2023-11-01 13:00:00,25.8,55,0.0,6430.027418141935,13,2,11,0,3.8000000000000007,0.0,26.5,6008.878933675962,6249.694305113183
2023-11-01 14:00:00,24.0,64,0.0,4571.256079905172,14,2,11,0,2.0,0.0,25.8,5047.521186743859,4868.8822997454445
2023-11-01 15:00:00,23.0,69,0.0,4309.437451411648,15,2,11,0,1.0,0.0,24.0,4251.923681933569,4195.909433369084
2023-11-01 16:00:00,22.0,74,0.0,3679.556980428637,16,2,11,0,0.0,0.0,23.0,3940.9835013020233,3804.4480445936288
2023-11-01 17:00:00,21.1,78,0.0,3751.4087995560662,17,2,11,0,0.0,0.0,22.0,3681.08107660932,3643.4411218089867
2023-11-01 18:00:00,20.4,82,0.0,3143.2434592610416,18,2,11,0,0.0,0.0,21.1,3319.924287590364,3465.8556160217604
2023-11-01 19:00:00,20.0,84,0.0,3194.968902389257,19,2,11,0,0.0,0.0,20.4,3523.2027403548477,3375.1032415234613
2023-11-01 20:00:00,20.0,83,0.0,3122.730334952507,20,2,11,0,0.0,0.0,20.0,3200.060494906756,3041.4549222419814
2023-11-01 21:00:00,21.7,74,0.0,3014.50229410919,21,2,11,0,0.0,0.0,20.0,2991.6502897792334,2878.022252663596
2023-11-01 22:00:00,21.3,75,0.0,2932.5890762332588,22,2,11,0,0.0,0.0,21.7,2797.2412721397186,2798.9027025381633
2023-11-01 23:00:00,21.7,72,0.0,3035.1178004964017,23,2,11,0,0.0,0.0,21.3,2691.1182173115108,2726.588717269794
2023-11-02 00:00:00,19.0,84,0.0,2753.992654349633,0,3,11,0,0.0,0.0,21.7,2489.439539440884,2715.980462732148
2023-11-02 01:00:00,19.1,85,0.0,2661.2325409849223,1,3,11,0,0.0,0.0,19.0,2620.900677257512,2773.4126506829703
2023-11-02 02:00:00,19.8,82,103.1,3022.4400301722208,2,3,11,0,0.0,0.0,19.1,2812.061568372478,2684.355096112814
2023-11-02 03:00:00,22.6,73,337.8,2896.689617538738,3,3,11,0,0.6000000000000014,0.0,19.8,3141.697393037255,2836.0249307309177
2023-11-02 04:00:00,25.5,61,509.3,4837.135069148573,4,3,11,0,3.5,0.0,22.6,4643.869661302553,4890.132971426591
2023-11-02 05:00:00,27.7,53,604.8,7826.653679378844,5,3,11,0,5.699999999999999,0.0,25.5,7527.567376179437,7744.085999678019
2023-11-02 06:00:00,29.0,47,654.3,8500.0,6,3,11,0,7.0,0.0,27.7,8500.0,8500.0
2023-11-02 07:00:00,29.7,44,671.1,8500.0,7,3,11,0,7.699999999999999,0.0,29.0,8500.0,8500.0
2023-11-02 08:00:00,30.1,42,644.5,8500.0,8,3,11,0,8.100000000000001,0.0,29.7,8500.0,8500.0
2023-11-02 09:00:00,30.3,40,602.3,8500.0,9,3,11,0,8.3,0.0,30.1,8500.0,8500.0
2023-11-02 10:00:00,30.2,38,502.1,8500.0,10,3,11,0,8.2,0.0,30.3,8500.0,8500.0
2023-11-02 11:00:00,29.6,39,337.2,8500.0,11,3,11,0,7.600000000000001,0.0,30.2,8500.0,8500.0
2023-11-02 12:00:00,26.3,51,135.5,7166.508425038318,12,3,11,0,4.300000000000001,0.0,29.6,7221.216441800598,6802.9721466935625
2023-11-02 13:00:00,24.6,64,0.0,5451.866560068742,13,3,11,0,2.6000000000000014,0.0,26.3,6430.027418141935,5291.176090904567
2023-11-02 14:00:00,23.4,71,0.0,4481.409052947945,14,3,11,0,1.3999999999999986,0.0,24.6,4571.256079905172,4516.4322756619
2023-11-02 15:00:00,22.6,75,0.0,4004.688599898232,15,3,11,0,0.6000000000000014,0.0,23.4,4309.437451411648,4057.30770981943
2023-11-02 16:00:00,21.6,78,0.0,3832.5630897274177,16,3,11,0,0.0,0.0,22.6,3679.556980428637,3766.344468321527
2023-11-02 17:00:00,21.3,78,0.0,3682.124567282944,17,3,11,0,0.0,0.0,21.6,3751.4087995560662,3528.0999782277568
2023-11-02 18:00:00,21.2,77,0.0,3167.213138829381,18,3,11,0,0.0,0.0,21.3,3143.2434592610416,3289.4211915201067
2023-11-02 19:00:00,19.8,84,0.0,3398.1240852915707,19,3,11,0,0.0,0.0,21.2,3194.968902389257,3241.4062108964927
2023-11-02 20:00:00,19.5,86,0.0,2975.0317842136933,20,3,11,0,0.0,0.0,19.8,3122.730334952507,3069.277196834671
2023-11-02 21:00:00,18.6,90,0.0,2949.2386427122965,21,3,11,0,0.0,0.0,19.5,3014.50229410919,2922.6466808220243
2023-11-02 22:00:00,18.6,90,0.0,2893.8923333522216,22,3,11,0,0.0,0.0,18.6,2932.5890762332588,2780.6698998545735
2023-11-02 23:00:00,18.2,92,0.0,2680.151345389032,23,3,11,0,0.0,0.0,18.6,3035.1178004964017,2789.8487762581826
2023-11-03 00:00:00,17.8,93,0.0,2803.88097277062,0,4,11,0,0.0,0.0,18.2,2753.992654349633,2681.415185944526
2023-11-03 01:00:00,17.9,97,0.0,2735.88982712233,1,4,11,0,0.0,0.0,17.8,2661.2325409849223,2713.6728328888194
2023-11-03 02:00:00,18.9,93,95.8,2888.4260351313137,2,4,11,0,0.0,0.0,17.9,3022.4400301722208,2696.4077444911445
2023-11-03 03:00:00,21.6,80,334.4,3061.6776544316563,3,4,11,0,0.0,0.0,18.9,2896.689617538738,2954.941452235913
2023-11-03 04:00:00,24.4,68,504.4,4024.9322097031145,4,4,11,0,2.3999999999999986,0.0,21.6,4837.135069148573,3707.633146304465
2023-11-03 05:00:00,26.8,57,605.1,6593.285047132333,5,4,11,0,4.800000000000001,0.0,24.4,7826.653679378844,6525.465202751024
2023-11-03 06:00:00,28.3,49,656.4,8500.0,6,4,11,0,6.300000000000001,0.0,26.8,8500.0,8498.181305437749
2023-11-03 07:00:00,27.1,52,671.9,7416.193944021875,7,4,11,0,5.100000000000001,0.0,28.3,8500.0,7193.1173229403175
2023-11-03 08:00:00,27.8,45,326.9,8440.549263845282,8,4,11,0,5.800000000000001,0.0,27.1,8500.0,8444.00325457834
2023-11-03 09:00:00,28.5,44,560.6,8500.0,9,4,11,0,6.5,0.0,27.8,8500.0,8500.0
2023-11-03 10:00:00,28.4,44,518.1,8500.0,10,4,11,0,6.399999999999999,0.0,28.5,8500.0,8500.0
2023-11-03 11:00:00,27.7,48,372.6,8500.0,11,4,11,0,5.699999999999999,0.0,28.4,8500.0,8473.179666760418
2023-11-03 12:00:00,25.1,59,144.8,5895.898938710703,12,4,11,0,3.1000000000000014,0.0,27.7,7166.508425038318,5717.461978030466
2023-11-03 13:00:00,22.7,66,0.0,4540.326335670396,13,4,11,0,0.6999999999999993,0.0,25.1,5451.866560068742,4366.497569949318
2023-11-03 14:00:00,22.2,66,0.0,4352.353324208719,14,4,11,0,0.1999999999999993,0.0,22.7,4481.409052947945,4267.757740760745
2023-11-03 15:00:00,21.3,70,0.0,4051.432810260212,15,4,11,0,0.0,0.0,22.2,4004.688599898232,3855.8949360114693
2023-11-03 16:00:00,20.8,70,0.0,3812.98133731233,16,4,11,0,0.0,0.0,21.3,3832.5630897274177,3745.146079101704
2023-11-03 17:00:00,20.2,70,0.0,3850.586021619132,17,4,11,0,0.0,0.0,20.8,3682.124567282944,3683.506038231289
2023-11-03 18:00:00,18.7,77,0.0,3526.4353910273444,18,4,11,0,0.0,0.0,20.2,3167.213138829381,3436.4278333703223
2023-11-03 19:00:00,17.6,81,0.0,3088.390105578547,19,4,11,0,0.0,0.0,18.7,3398.1240852915707,3321.956049116298
2023-11-03 20:00:00,17.0,83,0.0,2911.8706481558684,20,4,11,0,0.0,0.0,17.6,2975.0317842136933,3138.5688801220426
2023-11-03 21:00:00,16.7,83,0.0,3123.641860940544,21,4,11,0,0.0,0.0,17.0,2949.2386427122965,2877.90374184413
2023-11-03 22:00:00,17.2,79,0.0,2747.632595815588,22,4,11,0,0.0,0.0,16.7,2893.8923333522216,2747.9019569301045
2023-11-03 23:00:00,16.6,82,0.0,2592.44270916717,23,4,11,0,0.0,0.0,17.2,2680.151345389032,2771.4406373549455
2023-11-04 00:00:00,15.9,85,0.0,2853.3277398237656,0,5,11,1,0.0,0.0,16.6,2803.88097277062,2762.649157013864
2023-11-04 01:00:00,17.6,91,0.0,2905.448821102182,1,5,11,1,0.0,0.0,15.9,2735.88982712233,2767.832377029465
2023-11-04 02:00:00,18.8,86,97.1,2607.536971942996,2,5,11,1,0.0,0.0,17.6,2888.4260351313137,2694.2502470182158
2023-11-04 03:00:00,21.4,75,338.2,2952.7805999438897,3,5,11,1,0.0,0.0,18.8,3061.6776544316563,2929.0861890658794
2023-11-04 04:00:00,23.8,66,512.5,3492.754372729221,4,5,11,1,1.8000000000000007,0.0,21.4,4024.9322097031145,3465.3724539306313
2023-11-04 05:00:00,25.9,59,612.1,5437.342731548647,5,5,11,1,3.8999999999999986,0.0,23.8,6593.285047132333,5431.826197665789
2023-11-04 06:00:00,27.6,51,661.5,7775.591931050907,6,5,11,1,5.600000000000001,0.0,25.9,8500.0,7765.091171260444
2023-11-04 07:00:00,28.7,46,678.2,8500.0,7,5,11,1,6.699999999999999,0.0,27.6,7416.193944021875,8500.0
2023-11-04 08:00:00,29.4,42,665.9,8500.0,8,5,11,1,7.399999999999999,0.0,28.7,8440.549263845282,8500.0
2023-11-04 09:00:00,29.6,41,630.7,8500.0,9,5,11,1,7.600000000000001,0.0,29.4,8500.0,8500.0
2023-11-04 10:00:00,29.4,37,474.1,8500.0,10,5,11,1,7.399999999999999,0.0,29.6,8500.0,8500.0
2023-11-04 11:00:00,28.5,37,315.3,8500.0,11,5,11,1,6.5,0.0,29.4,8500.0,8500.0
2023-11-04 12:00:00,25.9,45,115.7,6445.19379273767,12,5,11,1,3.8999999999999986,0.0,28.5,5895.898938710703,6505.759031872518
2023-11-04 13:00:00,23.6,65,0.0,4858.830166871757,13,5,11,1,1.6000000000000014,0.0,25.9,4540.326335670396,4698.811267352727
2023-11-04 14:00:00,22.6,70,0.0,4330.06279020301,14,5,11,1,0.6000000000000014,0.0,23.6,4352.353324208719,4297.229999244678
2023-11-04 15:00:00,21.8,75,0.0,4025.772844432487,15,5,11,1,0.0,0.0,22.6,4051.432810260212,3945.7971915494204
2023-11-04 16:00:00,23.9,62,0.0,4666.596952296497,16,5,11,1,1.8999999999999986,0.0,21.8,3812.98133731233,4109.857767155965
2023-11-04 17:00:00,21.1,72,0.0,3589.006558562772,17,5,11,1,0.0,0.0,23.9,3850.586021619132,3639.494678021627
2023-11-04 18:00:00,19.6,77,0.0,3272.947694207251,18,5,11,1,0.0,0.0,21.1,3526.4353910273444,3627.139202506074
2023-11-04 19:00:00,19.2,78,0.0,3470.801272541366,19,5,11,1,0.0,0.0,19.6,3088.390105578547,3259.5707499834434
2023-11-04 20:00:00,20.0,73,0.0,2939.8693458878915,20,5,11,1,0.0,0.0,19.2,2911.8706481558684,3056.2859330033825
2023-11-04 21:00:00,17.5,84,0.0,2635.7619679879163,21,5,11,1,0.0,0.0,20.0,3123.641860940544,2980.334239969882
2023-11-04 22:00:00,17.3,86,0.0,2951.579816263562,22,5,11,1,0.0,0.0,17.5,2747.632595815588,2793.1014612148247
2023-11-04 23:00:00,16.9,88,0.0,2556.9483505995163,23,5,11,1,0.0,0.0,17.3,2592.44270916717,2752.5021745993395
2023-11-05 00:00:00,16.8,89,0.0,2746.730112178615,0,6,11,1,0.0,0.0,16.9,2853.3277398237656,2732.603586901297
2023-11-05 01:00:00,17.8,96,0.0,2745.7818732599326,1,6,11,1,0.0,0.0,16.8,2905.448821102182,2783.5183524496283
2023-11-05 02:00:00,18.8,94,98.4,3074.046595515883,2,6,11,1,0.0,0.0,17.8,2607.536971942996,2736.7949694737604
2023-11-05 03:00:00,21.3,84,320.4,2784.3572144783648,3,6,11,1,0.0,0.0,18.8,2952.7805999438897,2909.4055385270017
2023-11-05 04:00:00,24.7,69,544.9,4586.820674745331,4,6,11,1,2.6999999999999993,0.0,21.3,3492.754372729221,4060.0991616143547
2023-11-05 05:00:00,27.4,45,634.4,7223.244933258684,5,6,11,1,5.399999999999999,0.0,24.7,5437.342731548647,7303.0262289180155
2023-11-05 06:00:00,28.7,34,685.6,8500.0,6,6,11,1,6.699999999999999,0.0,27.4,7775.591931050907,8500.0
2023-11-05 07:00:00,29.3,32,701.4,8500.0,7,6,11,1,7.300000000000001,0.0,28.7,8500.0,8500.0
2023-11-05 08:00:00,29.6,32,691.2,8500.0,8,6,11,1,7.600000000000001,0.0,29.3,8500.0,8500.0
2023-11-05 09:00:00,29.6,32,647.5,8500.0,9,6,11,1,7.600000000000001,0.0,29.6,8500.0,8500.0
2023-11-05 10:00:00,29.4,32,558.8,8500.0,10,6,11,1,7.399999999999999,0.0,29.6,8500.0,8500.0
2023-11-05 11:00:00,28.0,39,396.4,8500.0,11,6,11,1,6.0,0.0,29.4,8500.0,8490.177108292944
2023-11-05 12:00:00,24.4,52,156.2,4995.100123287051,12,6,11,1,2.3999999999999986,0.0,28.0,6445.19379273767,5152.080238056478
2023-11-05 13:00:00,22.0,62,0.0,4183.367307459024,13,6,11,1,0.0,0.0,24.4,4858.830166871757,4319.901564234959
2023-11-05 14:00:00,21.2,64,0.0,4113.22176647562,14,6,11,1,0.0,0.0,22.0,4330.06279020301,4240.693844992305
2023-11-05 15:00:00,21.3,59,0.0,4120.097849865236,15,6,11,1,0.0,0.0,21.2,4025.772844432487,3906.706773251064
2023-11-05 16:00:00,21.0,57,0.0,3942.438685891468,16,6,11,1,0.0,0.0,21.3,4666.596952296497,3928.39754070474
2023-11-05 17:00:00,22.1,51,0.0,3592.192004062372,17,6,11,1,0.10000000000000142,0.0,21.0,3589.006558562772,3792.433131766267
2023-11-05 18:00:00,22.1,50,0.0,3553.207747876912,18,6,11,1,0.10000000000000142,0.0,22.1,3272.947694207251,3508.1719393791386
2023-11-05 19:00:00,18.3,64,0.0,3456.909744980834,19,6,11,1,0.0,0.0,22.1,3470.801272541366,3435.068775589485
2023-11-05 20:00:00,16.8,72,0.0,2953.7676684860994,20,6,11,1,0.0,0.0,18.3,2939.8693458878915,3100.8730767030893
2023-11-05 21:00:00,19.6,59,0.0,3032.167920727128,21,6,11,1,0.0,0.0,16.8,2635.7619679879163,2936.6180134822866
2023-11-05 22:00:00,19.3,60,0.0,2726.536800086529,22,6,11,1,0.0,0.0,19.6,2951.579816263562,2813.5903512697405
2023-11-05 23:00:00,19.1,61,0.0,2739.8446734490626,23,6,11,1,0.0,0.0,19.3,2556.9483505995163,2779.766600434828
2023-11-06 00:00:00,15.2,81,0.0,2374.1519089349126,0,0,11,0,0.0,0.0,19.1,2746.730112178615,2699.6142040892114
2023-11-06 01:00:00,15.8,90,0.0,2730.237381199693,1,0,11,0,0.0,0.0,15.2,2745.7818732599326,2781.973572967112
2023-11-06 02:00:00,17.7,84,99.8,2730.455550394136,2,0,11,0,0.0,0.0,15.8,3074.046595515883,2830.688424969556
2023-11-06 03:00:00,21.2,72,353.2,2708.8348698098653,3,0,11,0,0.0,0.0,17.7,2784.3572144783648,3037.6544546279856
2023-11-06 04:00:00,24.4,60,531.3,4132.0868960820335,4,0,11,0,2.3999999999999986,0.0,21.2,4586.820674745331,3784.2608516843816
2023-11-06 05:00:00,26.8,48,631.4,6643.491136537539,5,0,11,0,4.800000000000001,0.0,24.4,7223.244933258684,6536.742596820615
2023-11-06 06:00:00,28.1,40,680.5,8485.910880629955,6,0,11,0,6.100000000000001,0.0,26.8,8500.0,8488.604485924512
2023-11-06 07:00:00,28.8,37,696.6,8500.0,7,0,11,0,6.800000000000001,0.0,28.1,8500.0,8500.0
2023-11-06 08:00:00,29.3,34,683.3,8500.0,8,0,11,0,7.300000000000001,0.0,28.8,8500.0,8500.0
2023-11-06 09:00:00,29.5,32,638.1,8500.0,9,0,11,0,7.5,0.0,29.3,8500.0,8500.0
2023-11-06 10:00:00,29.3,30,547.9,8500.0,10,0,11,0,7.300000000000001,0.0,29.5,8500.0,8500.0
2023-11-06 11:00:00,27.7,43,387.2,8500.0,11,0,11,0,5.699999999999999,0.0,29.3,8500.0,8473.144898998637
2023-11-06 12:00:00,23.6,54,150.1,4532.71430205565,12,0,11,0,1.6000000000000014,0.0,27.7,4995.100123287051,4681.284450692561
2023-11-06 13:00:00,23.3,60,0.0,4372.821314208443,13,0,11,0,1.3000000000000007,0.0,23.6,4183.367307459024,4582.53336150093
2023-11-06 14:00:00,22.8,61,0.0,4213.375881110283,14,0,11,0,0.8000000000000007,0.0,23.3,4113.22176647562,4209.509245182565
2023-11-06 15:00:00,20.3,70,0.0,4179.040967909477,15,0,11,0,0.0,0.0,22.8,4120.097849865236,3978.143378508334
2023-11-06 16:00:00,19.6,73,0.0,3879.549599769228,16,0,11,0,0.0,0.0,20.3,3942.438685891468,3858.726823479334
2023-11-06 17:00:00,18.2,79,0.0,3694.29108098572,17,0,11,0,0.0,0.0,19.6,3592.192004062372,3765.8322944227466
2023-11-06 18:00:00,18.3,78,0.0,3309.668836532896,18,0,11,0,0.0,0.0,18.2,3553.207747876912,3553.7672053509873
2023-11-06 19:00:00,17.4,82,0.0,3402.296449887468,19,0,11,0,0.0,0.0,18.3,3456.909744980834,3350.4329023762675
2023-11-06 20:00:00,17.6,81,0.0,3192.536845777519,20,0,11,0,0.0,0.0,17.4,2953.7676684860994,3125.066593792361
2023-11-06 21:00:00,17.4,81,0.0,2933.676527795023,21,0,11,0,0.0,0.0,17.6,3032.167920727128,2927.1479205056385
2023-11-06 22:00:00,18.0,77,0.0,2868.141252676716,22,0,11,0,0.0,0.0,17.4,2726.536800086529,2786.2932951180187
2023-11-06 23:00:00,16.4,84,0.0,2849.60185015468,23,0,11,0,0.0,0.0,18.0,2739.8446734490626,2774.60544514779
2023-11-07 00:00:00,18.3,74,0.0,2937.61388763313,0,1,11,0,0.0,0.0,16.4,2374.1519089349126,2872.015160513165
2023-11-07 01:00:00,16.3,89,0.0,2665.631394117625,1,1,11,0,0.0,0.0,18.3,2730.237381199693,2685.3517784888177
2023-11-07 02:00:00,18.6,81,92.1,2434.5586621628754,2,1,11,0,0.0,0.0,16.3,2730.455550394136,2777.3589398693216
2023-11-07 03:00:00,21.9,72,335.2,3123.422408613405,3,1,11,0,0.0,0.0,18.6,2708.8348698098653,3067.4114127298612
2023-11-07 04:00:00,25.0,60,510.8,4416.637852354247,4,1,11,0,3.0,0.0,21.9,4132.0868960820335,4392.223016480467
2023-11-07 05:00:00,27.2,50,609.7,6932.941792524019,5,1,11,0,5.199999999999999,0.0,25.0,6643.491136537539,7213.322655031606
2023-11-07 06:00:00,28.6,41,660.5,8500.0,6,1,11,0,6.600000000000001,0.0,27.2,8485.910880629955,8500.0
2023-11-07 07:00:00,29.5,35,677.6,8500.0,7,1,11,0,7.5,0.0,28.6,8500.0,8500.0
2023-11-07 08:00:00,30.1,32,666.4,8500.0,8,1,11,0,8.100000000000001,0.0,29.5,8500.0,8500.0
2023-11-07 09:00:00,30.1,32,621.8,8500.0,9,1,11,0,8.100000000000001,0.0,30.1,8500.0,8500.0
2023-11-07 10:00:00,29.7,33,530.5,8500.0,10,1,11,0,7.699999999999999,0.0,30.1,8500.0,8500.0
2023-11-07 11:00:00,28.1,45,371.1,8500.0,11,1,11,0,6.100000000000001,0.0,29.7,8500.0,8500.0
2023-11-07 12:00:00,24.3,57,135.9,5012.072960016548,12,1,11,0,2.3000000000000007,0.0,28.1,4532.71430205565,5013.744170642105
2023-11-07 13:00:00,22.8,66,0.0,4475.081387636586,13,1,11,0,0.8000000000000007,0.0,24.3,4372.821314208443,4455.460020527297
2023-11-07 14:00:00,22.0,67,0.0,4029.237666347967,14,1,11,0,0.0,0.0,22.8,4213.375881110283,4144.6751837971215
2023-11-07 15:00:00,20.9,69,0.0,3992.215553754888,15,1,11,0,0.0,0.0,22.0,4179.040967909477,4002.4151524918993
2023-11-07 16:00:00,20.4,70,0.0,3809.465386082037,16,1,11,0,0.0,0.0,20.9,3879.549599769228,3764.134543328076
2023-11-07 17:00:00,19.9,73,0.0,3885.004120884486,17,1,11,0,0.0,0.0,20.4,3694.29108098572,3687.500508355979
2023-11-07 18:00:00,19.0,78,0.0,3696.403382433321,18,1,11,0,0.0,0.0,19.9,3309.668836532896,3515.6308139689827
2023-11-07 19:00:00,20.5,70,0.0,3075.795806969384,19,1,11,0,0.0,0.0,19.0,3402.296449887468,3296.2543129598107
2023-11-07 20:00:00,19.9,72,0.0,3081.2647978080163,20,1,11,0,0.0,0.0,20.5,3192.536845777519,3066.9715963304525
2023-11-07 21:00:00,19.1,76,0.0,2729.789940827024,21,1,11,0,0.0,0.0,19.9,2933.676527795023,2906.225129157141
2023-11-07 22:00:00,17.2,86,0.0,2714.718441157081,22,1,11,0,0.0,0.0,19.1,2868.141252676716,2798.504199608851
2023-11-07 23:00:00,16.8,89,0.0,2926.969163973354,23,1,11,0,0.0,0.0,17.2,2849.60185015468,2719.763611462164
2023-11-08 00:00:00,18.1,80,0.0,2685.80581951996,0,2,11,0,0.0,0.0,16.8,2937.61388763313,2771.4253545942793
2023-11-08 01:00:00,18.4,82,0.0,2779.832694602753,1,2,11,0,0.0,0.0,18.1,2665.631394117625,2703.94411816227
2023-11-08 02:00:00,18.2,90,84.1,2894.596667635914,2,2,11,0,0.0,0.0,18.4,2434.5586621628754,2739.9775375187905
2023-11-08 03:00:00,20.9,76,331.7,3304.4519000456075,3,2,11,0,0.0,0.0,18.2,3123.422408613405,2957.5484765691826
2023-11-08 04:00:00,23.7,66,503.4,3652.318563196692,4,2,11,0,1.6999999999999993,0.0,20.9,4416.637852354247,3443.4051794243846
2023-11-08 05:00:00,25.8,58,599.7,5429.454734704487,5,2,11,0,3.8000000000000007,0.0,23.7,6932.941792524019,5452.792442790574
2023-11-08 06:00:00,27.3,51,653.6,7454.465070744137,6,2,11,0,5.300000000000001,0.0,25.8,8500.0,7440.247244304615
2023-11-08 07:00:00,28.5,45,672.6,8500.0,7,2,11,0,6.5,0.0,27.3,8500.0,8500.0
2023-11-08 08:00:00,29.2,40,665.4,8500.0,8,2,11,0,7.199999999999999,0.0,28.5,8500.0,8500.0
2023-11-08 09:00:00,29.5,38,622.0,8500.0,9,2,11,0,7.5,0.0,29.2,8500.0,8500.0
2023-11-08 10:00:00,29.2,37,534.1,8500.0,10,2,11,0,7.199999999999999,0.0,29.5,8500.0,8500.0
2023-11-08 11:00:00,27.6,48,378.0,8415.934308569804,11,2,11,0,5.600000000000001,0.0,29.2,8500.0,8432.005286185833
2023-11-08 12:00:00,24.3,58,137.4,5484.889861067608,12,2,11,0,2.3000000000000007,0.0,27.6,5012.072960016548,5013.771908711004
2023-11-08 13:00:00,24.2,59,0.0,5219.967144595809,13,2,11,0,2.1999999999999993,0.0,24.3,4475.081387636586,4908.008927720181
2023-11-08 14:00:00,22.8,58,0.0,4310.946102116222,14,2,11,0,0.8000000000000007,0.0,24.2,4029.237666347967,4184.250908110381
2023-11-08 15:00:00,22.6,60,0.0,4044.062374367727,15,2,11,0,0.6000000000000014,0.0,22.8,3992.215553754888,3955.4529663807543
2023-11-08 16:00:00,21.7,66,0.0,3836.826468319851,16,2,11,0,0.0,0.0,22.6,3809.465386082037,3695.4884229887557
2023-11-08 17:00:00,20.3,73,0.0,3605.885221940152,17,2,11,0,0.0,0.0,21.7,3885.004120884486,3615.107868089523
2023-11-08 18:00:00,19.7,77,0.0,3624.443104028689,18,2,11,0,0.0,0.0,20.3,3696.403382433321,3557.9464785126293
2023-11-08 19:00:00,22.6,61,0.0,2978.5964592783585,19,2,11,0,0.6000000000000014,0.0,19.7,3075.795806969384,3152.2111682279124
2023-11-08 20:00:00,20.4,70,0.0,3215.57032098761,20,2,11,0,0.0,0.0,22.6,3081.2647978080163,3093.9538405284916
2023-11-08 21:00:00,17.6,85,0.0,3078.3315728417733,21,2,11,0,0.0,0.0,20.4,2729.789940827024,2944.4867432559167
2023-11-08 22:00:00,17.1,87,0.0,2835.993439558124,22,2,11,0,0.0,0.0,17.6,2714.718441157081,2741.456707170224
2023-11-08 23:00:00,17.4,86,0.0,2532.725769230125,23,2,11,0,0.0,0.0,17.1,2926.969163973354,2678.7931781920447
2023-11-09 00:00:00,17.2,85,0.0,2739.262253057614,0,3,11,0,0.0,0.0,17.4,2685.80581951996,2721.681426903858
2023-11-09 01:00:00,16.9,90,0.0,2752.8676915418964,1,3,11,0,0.0,0.0,17.2,2779.832694602753,2660.926608852181
2023-11-09 02:00:00,18.0,85,75.8,2698.550477996872,2,3,11,0,0.0,0.0,16.9,2894.596667635914,2773.0394815077366
2023-11-09 03:00:00,20.8,74,320.5,2873.634569196231,3,3,11,0,0.0,0.0,18.0,3304.4519000456075,2846.4328446052286
2023-11-09 04:00:00,23.8,66,495.9,3339.9097901432147,4,3,11,0,1.8000000000000007,0.0,20.8,3652.318563196692,3572.3214263050627
2023-11-09 05:00:00,26.2,55,596.4,5801.698881493652,5,3,11,0,4.199999999999999,0.0,23.8,5429.454734704487,5798.087497433672
2023-11-09 06:00:00,27.6,50,649.7,7870.866609769497,6,3,11,0,5.600000000000001,0.0,26.2,7454.465070744137,7780.47061257451
2023-11-09 07:00:00,28.6,47,671.7,8500.0,7,3,11,0,6.600000000000001,0.0,27.6,8500.0,8500.0
2023-11-09 08:00:00,29.1,43,631.9,8500.0,8,3,11,0,7.100000000000001,0.0,28.6,8500.0,8500.0
2023-11-09 09:00:00,29.2,40,561.8,8500.0,9,3,11,0,7.199999999999999,0.0,29.1,8500.0,8500.0
2023-11-09 10:00:00,29.0,38,494.8,8500.0,10,3,11,0,7.0,0.0,29.2,8500.0,8500.0
2023-11-09 11:00:00,27.5,47,357.9,8456.926791773934,11,3,11,0,5.5,0.0,29.0,8415.934308569804,8354.479398788782
2023-11-09 12:00:00,24.2,55,130.8,4932.659428171615,12,3,11,0,2.1999999999999993,0.0,27.5,5484.889861067608,4975.896723107635
2023-11-09 13:00:00,24.0,59,0.0,5243.432715654839,13,3,11,0,2.0,0.0,24.2,5219.967144595809,4749.7122726550315
2023-11-09 14:00:00,23.0,64,0.0,4694.504916903938,14,3,11,0,1.0,0.0,24.0,4310.946102116222,4441.113342500249
2023-11-09 15:00:00,24.7,52,0.0,5283.682196261604,15,3,11,0,2.6999999999999993,0.0,23.0,4044.062374367727,4665.729485871648
2023-11-09 16:00:00,20.9,69,0.0,3839.561013304321,16,3,11,0,0.0,0.0,24.7,3836.826468319851,3849.4966977074523
2023-11-09 17:00:00,20.0,73,0.0,3830.641356513472,17,3,11,0,0.0,0.0,20.9,3605.885221940152,3732.07673134059
2023-11-09 18:00:00,19.4,76,0.0,3220.896274622189,18,3,11,0,0.0,0.0,20.0,3624.443104028689,3601.0145215128346
2023-11-09 19:00:00,18.6,79,0.0,3157.626930652988,19,3,11,0,0.0,0.0,19.4,2978.5964592783585,3188.0306221388682
2023-11-09 20:00:00,18.5,78,0.0,3210.998493395605,20,3,11,0,0.0,0.0,18.6,3215.57032098761,3184.222294783743
2023-11-09 21:00:00,19.0,76,0.0,2923.829186026363,21,3,11,0,0.0,0.0,18.5,3078.3315728417733,2947.0817913662636
2023-11-09 22:00:00,19.7,71,0.0,2619.959540478181,22,3,11,0,0.0,0.0,19.0,2835.993439558124,2811.2902804756673
2023-11-09 23:00:00,17.7,80,0.0,2624.7769152025758,23,3,11,0,0.0,0.0,19.7,2532.725769230125,2797.518114270309
2023-11-10 00:00:00,17.4,81,0.0,2610.4947746748308,0,4,11,0,0.0,0.0,17.7,2739.262253057614,2684.7351460922723
2023-11-10 01:00:00,18.3,88,0.0,2713.079848189166,1,4,11,0,0.0,0.0,17.4,2752.8676915418964,2687.425863369772
2023-11-10 02:00:00,19.3,83,48.1,2874.8324063270743,2,4,11,0,0.0,0.0,18.3,2698.550477996872,2646.8301472724647
2023-11-10 03:00:00,20.6,79,156.5,3101.402934040202,3,4,11,0,0.0,0.0,19.3,2873.634569196231,2953.6612448678625
2023-11-10 04:00:00,22.9,71,451.8,3339.778237553869,4,4,11,0,0.8999999999999986,0.0,20.6,3339.9097901432147,3241.8425041499595
2023-11-10 05:00:00,24.2,62,361.8,4257.697592223046,5,4,11,0,2.1999999999999993,0.0,22.9,5801.698881493652,3791.3498892534662
2023-11-10 06:00:00,26.4,52,518.9,6554.55353786961,6,4,11,0,4.399999999999999,0.0,24.2,7870.866609769497,6306.794303905056
2023-11-10 07:00:00,24.2,60,211.2,4339.834368332811,7,4,11,0,2.1999999999999993,0.0,26.4,8500.0,4546.197499798322
2023-11-10 08:00:00,23.6,63,492.3,4370.353706201719,8,4,11,0,1.6000000000000014,0.0,24.2,8500.0,4215.985830286724
2023-11-10 09:00:00,24.8,61,399.6,5485.46193081646,9,4,11,0,2.8000000000000007,0.0,23.6,8500.0,4985.38073862387
2023-11-10 10:00:00,24.2,62,280.2,4983.503612954599,10,4,11,0,2.1999999999999993,0.0,24.8,8500.0,4889.487914305931
2023-11-10 11:00:00,23.6,64,115.8,4492.66099981546,11,4,11,0,1.6000000000000014,0.0,24.2,8456.926791773934,4653.319461080753
2023-11-10 12:00:00,22.2,71,74.4,4076.307613128866,12,4,11,0,0.1999999999999993,0.0,23.6,4932.659428171615,4384.304099895153
2023-11-10 13:00:00,19.4,88,0.0,4117.331539431874,13,4,11,0,0.0,0.0,22.2,5243.432715654839,4339.323666546305
2023-11-10 14:00:00,18.7,88,0.0,4158.920191923091,14,4,11,0,0.0,0.0,19.4,4694.504916903938,4179.785734603147
2023-11-10 15:00:00,17.8,90,0.0,4006.7191698757697,15,4,11,0,0.0,0.0,18.7,5283.682196261604,4074.0666062962987
2023-11-10 16:00:00,17.8,88,0.0,4108.918626731031,16,4,11,0,0.0,0.0,17.8,3839.561013304321,3800.1908148765233
2023-11-10 17:00:00,16.8,93,0.0,3607.2030438564334,17,4,11,0,0.0,0.0,17.8,3830.641356513472,3604.1629541452066
2023-11-10 18:00:00,16.1,94,0.0,3455.0334590367106,18,4,11,0,0.0,0.0,16.8,3220.896274622189,3501.710415143909
2023-11-10 19:00:00,15.7,96,0.0,3493.905186206618,19,4,11,0,0.0,0.0,16.1,3157.626930652988,3241.614859006307
2023-11-10 20:00:00,16.6,92,0.0,3176.841591536889,20,4,11,0,0.0,0.0,15.7,3210.998493395605,3109.1952955960605
2023-11-10 21:00:00,15.3,97,0.0,2967.4504524598,21,4,11,0,0.0,0.0,16.6,2923.829186026363,2995.181881573783
2023-11-10 22:00:00,15.2,97,0.0,2889.3956415494854,22,4,11,0,0.0,0.0,15.3,2619.959540478181,2776.6102338890055
2023-11-10 23:00:00,14.9,97,0.0,2797.837102653037,23,4,11,0,0.0,0.09999999999999964,15.2,2624.7769152025758,2771.298632333889
2023-11-11 00:00:00,14.9,96,0.0,2449.771379595575,0,5,11,1,0.0,0.09999999999999964,14.9,2610.4947746748308,2786.4717925825266
2023-11-11 01:00:00,15.8,94,0.0,2565.295494531734,1,5,11,1,0.0,0.0,14.9,2713.079848189166,2753.2935877935984
2023-11-11 02:00:00,16.3,93,68.4,2723.8069197643827,2,5,11,1,0.0,0.0,15.8,2874.8324063270743,2711.1207709804175
2023-11-11 03:00:00,17.8,88,293.5,3408.4804767264045,3,5,11,1,0.0,0.0,16.3,3101.402934040202,2942.128559413023
2023-11-11 04:00:00,19.9,78,476.0,3144.663877848702,4,5,11,1,0.0,0.0,17.8,3339.778237553869,3183.6471156046346
2023-11-11 05:00:00,22.0,67,584.5,3514.496030250128,5,5,11,1,0.0,0.0,19.9,4257.697592223046,3318.844057497068
2023-11-11 06:00:00,23.6,57,641.5,3753.6458917699542,6,5,11,1,1.6000000000000014,0.0,22.0,6554.55353786961,3665.8059357031098
2023-11-11 07:00:00,24.6,52,661.2,4616.644374275614,7,5,11,1,2.6000000000000014,0.0,23.6,4339.834368332811,4673.0886788580065
2023-11-11 08:00:00,25.1,48,650.3,5433.506856218751,8,5,11,1,3.1000000000000014,0.0,24.6,4370.353706201719,5252.516347423212
2023-11-11 09:00:00,25.3,47,605.1,5811.895190444322,9,5,11,1,3.3000000000000007,0.0,25.1,5485.46193081646,5601.827666046975
2023-11-11 10:00:00,25.0,48,511.9,5344.470047000165,10,5,11,1,3.0,0.0,25.3,4983.503612954599,5193.406981125979
2023-11-11 11:00:00,24.2,52,350.6,4990.021955150997,11,5,11,1,2.1999999999999993,0.0,25.0,4492.66099981546,4987.798287720551
2023-11-11 12:00:00,20.9,67,116.9,4258.248980670535,12,5,11,1,0.0,0.0,24.2,4076.307613128866,4301.399374123537
2023-11-11 13:00:00,20.3,71,0.0,4238.426201225202,13,5,11,1,0.0,0.0,20.9,4117.331539431874,4283.321433749976
2023-11-11 14:00:00,19.4,73,0.0,4027.6735434331713,14,5,11,1,0.0,0.0,20.3,4158.920191923091,4184.057423456542
2023-11-11 15:00:00,18.5,74,0.0,4033.904574399639,15,5,11,1,0.0,0.0,19.4,4006.7191698757697,3944.763482888967
2023-11-11 16:00:00,17.7,76,0.0,3865.8581509008495,16,5,11,1,0.0,0.0,18.5,4108.918626731031,3969.7860770828092
2023-11-11 17:00:00,17.0,79,0.0,3605.80958062842,17,5,11,1,0.0,0.0,17.7,3607.2030438564334,3770.048339298598
2023-11-11 18:00:00,16.4,82,0.0,3650.965176291753,18,5,11,1,0.0,0.0,17.0,3455.0334590367106,3572.5621586271336
2023-11-11 19:00:00,15.9,85,0.0,3230.188662989077,19,5,11,1,0.0,0.0,16.4,3493.905186206618,3365.444050756807
2023-11-11 20:00:00,15.2,88,0.0,3041.2539009449542,20,5,11,1,0.0,0.0,15.9,3176.841591536889,3090.523554028105
2023-11-11 21:00:00,14.7,90,0.0,2880.503108479507,21,5,11,1,0.0,0.3000000000000007,15.2,2967.4504524598,2929.523867701477
2023-11-11 22:00:00,14.4,91,0.0,2945.807320773507,22,5,11,1,0.0,0.5999999999999996,14.7,2889.3956415494854,2784.2863801532153
2023-11-11 23:00:00,14.2,92,0.0,2658.5870321670777,23,5,11,1,0.0,0.8000000000000007,14.4,2797.837102653037,2803.6837546503575
2023-11-12 00:00:00,13.9,92,0.0,2956.9360624343503,0,6,11,1,0.0,1.0999999999999996,14.2,2449.771379595575,2777.1677342089697
2023-11-12 01:00:00,14.2,93,0.0,2749.461563856336,1,6,11,1,0.0,0.8000000000000007,13.9,2565.295494531734,2811.3524171469826
2023-11-12 02:00:00,14.9,90,69.4,2731.8181238398256,2,6,11,1,0.0,0.09999999999999964,14.2,2723.8069197643827,2735.4368431845032
2023-11-12 03:00:00,17.1,81,320.5,2761.728672677321,3,6,11,1,0.0,0.0,14.9,3408.4804767264045,2956.3255065160793
2023-11-12 04:00:00,19.5,72,500.5,3020.992648164758,4,6,11,1,0.0,0.0,17.1,3144.663877848702,3105.8474682045107
2023-11-12 05:00:00,21.7,64,609.1,3408.244452600354,5,6,11,1,0.0,0.0,19.5,3514.496030250128,3302.211225004539
2023-11-12 06:00:00,23.4,55,663.2,4000.040663688973,6,6,11,1,1.3999999999999986,0.0,21.7,3753.6458917699542,3497.2938369027083
2023-11-12 07:00:00,24.4,50,683.4,4628.408951854618,7,6,11,1,2.3999999999999986,0.0,23.4,4616.644374275614,4421.374383182387
2023-11-12 08:00:00,25.0,48,670.0,5227.277647996086,8,6,11,1,3.0,0.0,24.4,5433.506856218751,5108.0181479715
2023-11-12 09:00:00,25.1,48,623.6,5352.410659578489,9,6,11,1,3.1000000000000014,0.0,25.0,5811.895190444322,5283.222812070516
2023-11-12 10:00:00,25.0,47,528.1,5620.312015228461,10,6,11,1,3.0,0.0,25.1,5344.470047000165,5196.142322702487
2023-11-12 11:00:00,24.0,53,363.9,5011.011389626181,11,6,11,1,2.0,0.0,25.0,4990.021955150997,4745.148096460675
2023-11-12 12:00:00,20.9,66,126.5,4093.175608259409,12,6,11,1,0.0,0.0,24.0,4258.248980670535,4363.701242879546
2023-11-12 13:00:00,20.5,67,0.0,4318.619977846166,13,6,11,1,0.0,0.0,20.9,4238.426201225202,4319.442636540783
2023-11-12 14:00:00,19.2,72,0.0,4119.690790930478,14,6,11,1,0.0,0.0,20.5,4027.6735434331713,4069.7919742859235
2023-11-12 15:00:00,17.9,78,0.0,3853.710492276845,15,6,11,1,0.0,0.0,19.2,4033.904574399639,3958.1373273082827
2023-11-12 16:00:00,17.3,80,0.0,3803.911866556105,16,6,11,1,0.0,0.0,17.9,3865.8581509008495,3788.9142582024156
2023-11-12 17:00:00,16.9,81,0.0,3468.9332261949203,17,6,11,1,0.0,0.0,17.3,3605.80958062842,3760.036640614119
2023-11-12 18:00:00,16.4,83,0.0,3563.2828398564616,18,6,11,1,0.0,0.0,16.9,3650.965176291753,3558.742256799729
2023-11-12 19:00:00,15.9,84,0.0,3556.608811101552,19,6,11,1,0.0,0.0,16.4,3230.188662989077,3194.50456727853
2023-11-12 20:00:00,15.3,86,0.0,2978.6253372635865,20,6,11,1,0.0,0.0,15.9,3041.2539009449542,3091.8917723986438
2023-11-12 21:00:00,14.5,89,0.0,2953.01709601244,21,6,11,1,0.0,0.5,15.3,2880.503108479507,2882.2745236166065
2023-11-12 22:00:00,13.7,92,0.0,2870.8004742528515,22,6,11,1,0.0,1.3000000000000007,14.5,2945.807320773507,2872.143062953074
2023-11-12 23:00:00,13.4,92,0.0,2543.5085707561866,23,6,11,1,0.0,1.5999999999999996,13.7,2658.5870321670777,2902.510635897364
2023-11-13 00:00:00,13.2,92,0.0,2872.73385336279,0,0,11,0,0.0,1.8000000000000007,13.4,2956.9360624343503,2814.779561182631
2023-11-13 01:00:00,13.5,94,0.0,2933.1920461988616,1,0,11,0,0.0,1.5,13.2,2749.461563856336,2765.7493728866602
2023-11-13 02:00:00,14.6,90,70.5,2880.523191678553,2,0,11,0,0.0,0.40000000000000036,13.5,2731.8181238398256,2786.6695154534104
2023-11-13 03:00:00,17.2,81,320.5,2853.63059502484,3,0,11,0,0.0,0.0,14.6,2761.728672677321,2957.195761022613
2023-11-13 04:00:00,20.0,71,502.0,3076.9962977876307,4,0,11,0,0.0,0.0,17.2,3020.992648164758,3185.8485553783285
2023-11-13 05:00:00,22.5,62,603.9,3647.968619655014,5,0,11,0,0.5,0.0,20.0,3408.244452600354,3288.88766551068
2023-11-13 06:00:00,24.1,52,659.0,4331.278427746254,6,0,11,0,2.1000000000000014,0.0,22.5,4000.040663688973,3885.5054320219224
2023-11-13 07:00:00,25.0,48,669.2,4942.125174890975,7,0,11,0,3.0,0.0,24.1,4628.408951854618,5024.124409809751
2023-11-13 08:00:00,25.5,46,650.6,5840.469880759273,8,0,11,0,3.5,0.0,25.0,5227.277647996086,5647.902625726312
2023-11-13 09:00:00,25.6,45,584.0,6050.402329847404,9,0,11,0,3.6000000000000014,0.0,25.5,5352.410659578489,5733.004413304529
2023-11-13 10:00:00,25.2,46,469.7,5781.720688574789,10,0,11,0,3.1999999999999993,0.0,25.6,5620.312015228461,5413.003300439876
2023-11-13 11:00:00,24.2,52,304.0,5080.331823022541,11,0,11,0,2.1999999999999993,0.0,25.2,5011.011389626181,4975.45582744878
2023-11-13 12:00:00,22.5,57,85.2,4136.682800457462,12,0,11,0,0.5,0.0,24.2,4093.175608259409,4404.228654260235
2023-11-13 13:00:00,20.4,72,0.0,4445.409482300863,13,0,11,0,0.0,0.0,22.5,4318.619977846166,4263.336335628233
2023-11-13 14:00:00,19.5,77,0.0,4389.122033076813,14,0,11,0,0.0,0.0,20.4,4119.690790930478,4149.864814115454
2023-11-13 15:00:00,18.5,80,0.0,3987.134185512487,15,0,11,0,0.0,0.0,19.5,3853.710492276845,3858.301136706627
2023-11-13 16:00:00,18.0,81,0.0,3905.0232763172303,16,0,11,0,0.0,0.0,18.5,3803.911866556105,3798.982421675974
2023-11-13 17:00:00,16.9,85,0.0,3837.849118291441,17,0,11,0,0.0,0.0,18.0,3468.9332261949203,3722.9718096421366
2023-11-13 18:00:00,16.2,87,0.0,3094.034920797599,18,0,11,0,0.0,0.0,16.9,3563.2828398564616,3537.6978282086784
2023-11-13 19:00:00,15.9,87,0.0,3149.867495573223,19,0,11,0,0.0,0.0,16.2,3556.608811101552,3346.8779911661613
2023-11-13 20:00:00,16.0,85,0.0,3188.9086186512586,20,0,11,0,0.0,0.0,15.9,2978.6253372635865,3081.4561461136655
2023-11-13 21:00:00,15.6,86,0.0,3034.1122665877374,21,0,11,0,0.0,0.0,16.0,2953.01709601244,2846.4336249867133
2023-11-13 22:00:00,15.7,83,0.0,2766.270742462836,22,0,11,0,0.0,0.0,15.6,2870.8004742528515,2776.2227366495395
2023-11-13 23:00:00,15.3,84,0.0,2736.4716294964064,23,0,11,0,0.0,0.0,15.7,2543.5085707561866,2715.8170414445044
2023-11-14 00:00:00,14.1,89,0.0,2563.1572413372837,0,1,11,0,0.0,0.9000000000000004,15.3,2872.73385336279,2778.9905805232756
2023-11-14 01:00:00,14.3,91,0.0,2557.1173082172018,1,1,11,0,0.0,0.6999999999999993,14.1,2933.1920461988616,2803.0199331990934
2023-11-14 02:00:00,15.8,84,30.7,2997.306486040342,2,1,11,0,0.0,0.0,14.3,2880.523191678553,2766.1599798653174
2023-11-14 03:00:00,18.0,76,144.2,2548.667582086082,3,1,11,0,0.0,0.0,15.8,2853.63059502484,2945.8794303343284
2023-11-14 04:00:00,20.3,68,200.0,3276.668792719327,4,1,11,0,0.0,0.0,18.0,3076.9962977876307,3089.1034631150933
2023-11-14 05:00:00,22.5,62,331.4,3321.8250921752765,5,1,11,0,0.5,0.0,20.3,3647.968619655014,3305.563795009242
2023-11-14 06:00:00,24.0,52,337.4,4257.4762195839385,6,1,11,0,2.0,0.0,22.5,4331.278427746254,4017.3852268062096
2023-11-14 07:00:00,24.8,45,364.8,4722.2053753748405,7,1,11,0,2.8000000000000007,0.0,24.0,4942.125174890975,4843.791627713868
2023-11-14 08:00:00,25.1,43,298.8,5159.754331372746,8,1,11,0,3.1000000000000014,0.0,24.8,5840.469880759273,5234.423922963711
2023-11-14 09:00:00,25.2,43,356.2,5639.382081061167,9,1,11,0,3.1999999999999993,0.0,25.1,6050.402329847404,5348.234711961044
2023-11-14 10:00:00,25.0,44,375.3,5738.872727020293,10,1,11,0,3.0,0.0,25.2,5781.720688574789,5155.798717183047
2023-11-14 11:00:00,23.9,50,281.8,4828.452480663785,11,1,11,0,1.8999999999999986,0.0,25.0,5080.331823022541,4755.0574238242
2023-11-14 12:00:00,20.4,64,111.7,4349.3734712405285,12,1,11,0,0.0,0.0,23.9,4136.682800457462,4295.431843658807
2023-11-14 13:00:00,19.0,71,0.0,4385.045202028105,13,1,11,0,0.0,0.0,20.4,4445.409482300863,4312.033659719509
2023-11-14 14:00:00,18.2,76,0.0,3817.925856677998,14,1,11,0,0.0,0.0,19.0,4389.122033076813,4153.106975680181
2023-11-14 15:00:00,17.5,76,0.0,4035.677126528704,15,1,11,0,0.0,0.0,18.2,3987.134185512487,3929.802552554683
2023-11-14 16:00:00,16.6,78,0.0,3779.271223306384,16,1,11,0,0.0,0.0,17.5,3905.0232763172303,3797.6599105818736
2023-11-14 17:00:00,16.0,79,0.0,3675.00192095234,17,1,11,0,0.0,0.0,16.6,3837.849118291441,3561.6386223848576
2023-11-14 18:00:00,15.8,79,0.0,3304.269253306506,18,1,11,0,0.0,0.0,16.0,3094.034920797599,3320.30011107816
2023-11-14 19:00:00,15.1,82,0.0,3131.335263097075,19,1,11,0,0.0,0.0,15.8,3149.867495573223,3277.758087733439
2023-11-14 20:00:00,14.3,87,0.0,3042.1956773542506,20,1,11,0,0.0,0.6999999999999993,15.1,3188.9086186512586,3136.8999249000744
2023-11-14 21:00:00,14.0,87,0.0,3118.392555817701,21,1,11,0,0.0,1.0,14.3,3034.1122665877374,2914.088307609705
2023-11-14 22:00:00,13.7,88,0.0,2894.61716843141,22,1,11,0,0.0,1.3000000000000007,14.0,2766.270742462836,2855.7208805095615
2023-11-14 23:00:00,13.5,89,0.0,2887.432967999813,23,1,11,0,0.0,1.5,13.7,2736.4716294964064,2929.629406451518
2023-11-15 00:00:00,13.1,91,0.0,2842.0249752035647,0,2,11,0,0.0,1.9000000000000004,13.5,2563.1572413372837,2778.189743210454
2023-11-15 01:00:00,13.4,91,0.0,2785.878752607566,1,2,11,0,0.0,1.5999999999999996,13.1,2557.1173082172018,2785.3199152963725
2023-11-15 02:00:00,14.1,88,72.8,2863.9601801077174,2,2,11,0,0.0,0.9000000000000004,13.4,2997.306486040342,2768.4668877647164
2023-11-15 03:00:00,16.7,79,320.4,2774.107193718416,3,2,11,0,0.0,0.0,14.1,2548.667582086082,2923.8945493913902
2023-11-15 04:00:00,19.5,70,505.0,3224.6216288125997,4,2,11,0,0.0,0.0,16.7,3276.668792719327,3183.7767482989993
2023-11-15 05:00:00,22.0,62,609.4,2970.877206932424,5,2,11,0,0.0,0.0,19.5,3321.8250921752765,3241.9923552953264
2023-11-15 06:00:00,23.9,54,665.8,3826.458074971797,6,2,11,0,1.8999999999999986,0.0,22.0,4257.4762195839385,3845.4934741459133
2023-11-15 07:00:00,24.9,48,685.9,5135.132726680537,7,2,11,0,2.8999999999999986,0.0,23.9,4722.2053753748405,4886.782797771316
2023-11-15 08:00:00,25.5,44,675.0,5875.956862187307,8,2,11,0,3.5,0.0,24.9,5159.754331372746,5643.0652110138035
2023-11-15 09:00:00,25.7,42,627.7,6144.10766243947,9,2,11,0,3.6999999999999993,0.0,25.5,5639.382081061167,5765.091713418197
2023-11-15 10:00:00,25.4,42,532.7,5989.510970075077,10,2,11,0,3.3999999999999986,0.0,25.7,5738.872727020293,5719.427517277134
2023-11-15 11:00:00,24.2,49,365.5,4970.867905080618,11,2,11,0,2.1999999999999993,0.0,25.4,4828.452480663785,4946.933970438713
2023-11-15 12:00:00,20.1,65,121.4,4443.3687542692805,12,2,11,0,0.0,0.0,24.2,4349.3734712405285,4319.25714083126
2023-11-15 13:00:00,19.7,71,0.0,4286.571575775954,13,2,11,0,0.0,0.0,20.1,4385.045202028105,4283.554425249716
2023-11-15 14:00:00,18.5,76,0.0,4124.709667062023,14,2,11,0,0.0,0.0,19.7,3817.925856677998,3927.6772090488935
2023-11-15 15:00:00,17.6,77,0.0,4111.093614932941,15,2,11,0,0.0,0.0,18.5,4035.677126528704,3945.215314979738
2023-11-15 16:00:00,17.1,78,0.0,3854.812520228145,16,2,11,0,0.0,0.0,17.6,3779.271223306384,3785.6096377047024
2023-11-15 17:00:00,16.1,82,0.0,3662.516172011989,17,2,11,0,0.0,0.0,17.1,3675.00192095234,3614.3963745837095
2023-11-15 18:00:00,15.4,84,0.0,3379.0832945035336,18,2,11,0,0.0,0.0,16.1,3304.269253306506,3497.818129371686
2023-11-15 19:00:00,15.2,84,0.0,3133.274677387009,19,2,11,0,0.0,0.0,15.4,3131.335263097075,3275.8393091549915
2023-11-15 20:00:00,14.6,86,0.0,2966.8473422163543,20,2,11,0,0.0,0.40000000000000036,15.2,3042.1956773542506,3104.4994039125763
2023-11-15 21:00:00,14.2,88,0.0,3133.02718840444,21,2,11,0,0.0,0.8000000000000007,14.6,3118.392555817701,2899.0939612902225
2023-11-15 22:00:00,13.8,89,0.0,3021.2951901269744,22,2,11,0,0.0,1.1999999999999993,14.2,2894.61716843141,2849.1940380318165
2023-11-15 23:00:00,13.2,92,0.0,2742.9123769479024,23,2,11,0,0.0,1.8000000000000007,13.8,2887.432967999813,3007.3819955453855
2023-11-16 00:00:00,13.0,91,0.0,2816.312053892091,0,3,11,0,0.0,2.0,13.2,2842.0249752035647,2813.4666721032754
2023-11-16 01:00:00,13.1,91,0.0,2949.9963284757123,1,3,11,0,0.0,1.9000000000000004,13.0,2785.878752607566,2814.9336338785815
2023-11-16 02:00:00,14.5,86,63.4,2700.05833364114,2,3,11,0,0.0,0.5,13.1,2863.9601801077174,2754.798706404148
2023-11-16 03:00:00,17.1,76,304.0,2912.784624318568,3,3,11,0,0.0,0.0,14.5,2774.107193718416,2919.5548140131164
2023-11-16 04:00:00,20.2,66,485.1,3012.086540881397,4,3,11,0,0.0,0.0,17.1,3224.6216288125997,3182.8397033303413
2023-11-16 05:00:00,22.7,57,593.2,3590.9271941396587,5,3,11,0,0.6999999999999993,0.0,20.2,2970.877206932424,3117.034981500368
2023-11-16 06:00:00,24.4,53,649.0,4445.10025566619,6,3,11,0,2.3999999999999986,0.0,22.7,3826.458074971797,4009.404781711153
2023-11-16 07:00:00,25.4,48,668.5,5723.03517840333,7,3,11,0,3.3999999999999986,0.0,24.4,5135.132726680537,5412.801615501129
2023-11-16 08:00:00,26.0,44,655.1,6205.766085550685,8,3,11,0,4.0,0.0,25.4,5875.956862187307,5843.215633501083
2023-11-16 09:00:00,26.2,42,604.6,6626.974997032768,9,3,11,0,4.199999999999999,0.0,26.0,6144.10766243947,6447.452452935238
2023-11-16 10:00:00,26.0,42,508.8,6652.567815429451,10,3,11,0,4.0,0.0,26.2,5989.510970075077,6224.995597081586
2023-11-16 11:00:00,24.9,49,339.6,5502.418482660632,11,3,11,0,2.8999999999999986,0.0,26.0,4970.867905080618,5335.0944727898195
2023-11-16 12:00:00,21.9,60,105.0,4092.1311478641273,12,3,11,0,0.0,0.0,24.9,4443.3687542692805,4329.770589348858
2023-11-16 13:00:00,23.1,58,0.0,4441.291545576466,13,3,11,0,1.1000000000000014,0.0,21.9,4286.571575775954,4441.656369506653
2023-11-16 14:00:00,21.7,66,0.0,4033.633811134417,14,3,11,0,0.0,0.0,23.1,4124.709667062023,4158.585797584138
2023-11-16 15:00:00,21.6,67,0.0,4089.183411790192,15,3,11,0,0.0,0.0,21.7,4111.093614932941,3956.056966720326
2023-11-16 16:00:00,21.7,65,0.0,3864.4888751971134,16,3,11,0,0.0,0.0,21.6,3854.812520228145,3690.551239910034
2023-11-16 17:00:00,21.1,66,0.0,3787.086173000289,17,3,11,0,0.0,0.0,21.7,3662.516172011989,3666.926251141942
2023-11-16 18:00:00,18.2,79,0.0,3677.036340709634,18,3,11,0,0.0,0.0,21.1,3379.0832945035336,3520.352670531838
2023-11-16 19:00:00,16.0,89,0.0,3398.2516616538405,19,3,11,0,0.0,0.0,18.2,3133.274677387009,3241.102073883257
2023-11-16 20:00:00,17.2,83,0.0,3022.4948891707563,20,3,11,0,0.0,0.0,16.0,2966.8473422163543,3099.889275988302
2023-11-16 21:00:00,17.4,82,0.0,2917.941034224478,21,3,11,0,0.0,0.0,17.2,3133.02718840444,2938.8824245818755
2023-11-16 22:00:00,16.1,87,0.0,2732.283617364625,22,3,11,0,0.0,0.0,17.4,3021.2951901269744,2888.322790498041
2023-11-16 23:00:00,15.0,91,0.0,2912.753311561132,23,3,11,0,0.0,0.0,16.1,2742.9123769479024,2804.6629000347457
2023-11-17 00:00:00,14.5,93,0.0,2774.8105744278496,0,4,11,0,0.0,0.5,15.0,2816.312053892091,2747.414044740283
2023-11-17 01:00:00,14.3,94,0.0,2828.4665980537443,1,4,11,0,0.0,0.6999999999999993,14.5,2949.9963284757123,2785.293757629418
2023-11-17 02:00:00,15.4,94,53.7,2927.275546207025,2,4,11,0,0.0,0.0,14.3,2700.05833364114,2782.802380386016
2023-11-17 03:00:00,18.4,82,282.9,2853.8003476581625,3,4,11,0,0.0,0.0,15.4,2912.784624318568,2932.220966607576
2023-11-17 04:00:00,21.5,72,467.2,3014.867867600853,4,4,11,0,0.0,0.0,18.4,3012.086540881397,3039.2254857308762
2023-11-17 05:00:00,24.0,63,576.8,4264.212830641288,5,4,11,0,2.0,0.0,21.5,3590.9271941396587,3982.634318815037
2023-11-17 06:00:00,25.5,54,635.2,5330.316530863012,6,4,11,0,3.5,0.0,24.0,4445.10025566619,5294.040735761189
2023-11-17 07:00:00,26.3,47,630.0,6305.34379850755,7,4,11,0,4.300000000000001,0.0,25.5,5723.03517840333,6329.955650617859
2023-11-17 08:00:00,26.8,44,596.6,6980.999728093331,8,4,11,0,4.800000000000001,0.0,26.3,6205.766085550685,7075.891735906654
2023-11-17 09:00:00,26.8,44,532.4,7384.345974448899,9,4,11,0,4.800000000000001,0.0,26.8,6626.974997032768,7297.225075391413
2023-11-17 10:00:00,26.6,44,439.7,7059.499902049353,10,4,11,0,4.600000000000001,0.0,26.8,6652.567815429451,7077.740560454562
2023-11-17 11:00:00,25.5,50,295.2,6116.085425098072,11,4,11,0,3.5,0.0,26.6,5502.418482660632,5966.364020299487
2023-11-17 12:00:00,22.5,62,97.0,4245.986553910512,12,4,11,0,0.5,0.0,25.5,4092.1311478641273,4453.09643014355
2023-11-17 13:00:00,24.0,55,0.0,5241.3514732680605,13,4,11,0,2.0,0.0,22.5,4441.291545576466,4747.050755417742
2023-11-17 14:00:00,21.2,68,0.0,4061.221018423913,14,4,11,0,0.0,0.0,24.0,4033.633811134417,4072.920574426168
2023-11-17 15:00:00,19.7,72,0.0,4264.031148552632,15,4,11,0,0.0,0.0,21.2,4089.183411790192,3970.295245754081
2023-11-17 16:00:00,19.7,70,0.0,3918.0209068157696,16,4,11,0,0.0,0.0,19.7,3864.4888751971134,3799.5131504567967
2023-11-17 17:00:00,18.3,78,0.0,3702.58903960706,17,4,11,0,0.0,0.0,19.7,3787.086173000289,3535.6914466242542
2023-11-17 18:00:00,18.2,79,0.0,3494.1403622255416,18,4,11,0,0.0,0.0,18.3,3677.036340709634,3539.323629716536
2023-11-17 19:00:00,16.8,85,0.0,3350.8422265997046,19,4,11,0,0.0,0.0,18.2,3398.2516616538405,3330.994362069468
2023-11-17 20:00:00,16.9,82,0.0,2994.4434351814016,20,4,11,0,0.0,0.0,16.8,3022.4948891707563,3135.2892023271916
2023-11-17 21:00:00,16.3,85,0.0,3234.523604260697,21,4,11,0,0.0,0.0,16.9,2917.941034224478,2991.21157924154
2023-11-17 22:00:00,15.7,88,0.0,2759.310364504178,22,4,11,0,0.0,0.0,16.3,2732.283617364625,2799.611762386429
2023-11-17 23:00:00,15.5,89,0.0,2598.926140068665,23,4,11,0,0.0,0.0,15.7,2912.753311561132,2623.181796755023
2023-11-18 00:00:00,14.8,93,0.0,3142.9643986358587,0,5,11,1,0.0,0.1999999999999993,15.5,2774.8105744278496,2732.3908005164812
2023-11-18 01:00:00,14.6,94,0.0,2466.7936189108104,1,5,11,1,0.0,0.40000000000000036,14.8,2828.4665980537443,2727.1786779910144
2023-11-18 02:00:00,15.1,93,54.7,3023.425982266613,2,5,11,1,0.0,0.0,14.6,2927.275546207025,2751.930939950463
2023-11-18 03:00:00,17.7,83,282.4,2960.395662717791,3,5,11,1,0.0,0.0,15.1,2853.8003476581625,2956.8952293231064
2023-11-18 04:00:00,21.0,72,463.6,3007.2274513930124,4,5,11,1,0.0,0.0,17.7,3014.867867600853,3047.653790680427
2023-11-18 05:00:00,23.6,60,574.8,3877.652450682571,5,5,11,1,1.6000000000000014,0.0,21.0,4264.212830641288,3470.7163643701247
2023-11-18 06:00:00,25.1,51,630.6,4838.384834241846,6,5,11,1,3.1000000000000014,0.0,23.6,5330.316530863012,4981.9332306047945
2023-11-18 07:00:00,25.9,47,604.6,5848.127727499533,7,5,11,1,3.8999999999999986,0.0,25.1,6305.34379850755,5729.67294631486
2023-11-18 08:00:00,26.2,44,628.6,6645.040671838107,8,5,11,1,4.199999999999999,0.0,25.9,6980.999728093331,6404.036698137572
2023-11-18 09:00:00,26.2,44,571.6,6562.955819352026,9,5,11,1,4.199999999999999,0.0,26.2,7384.345974448899,6567.650102439387
2023-11-18 10:00:00,25.8,43,444.2,6049.252305966341,10,5,11,1,3.8000000000000007,0.0,26.2,7059.499902049353,6090.4593045474785
2023-11-18 11:00:00,24.8,48,304.5,5669.949873782529,11,5,11,1,2.8000000000000007,0.0,25.8,6116.085425098072,5346.986458773399
2023-11-18 12:00:00,21.5,60,106.7,4463.214687576003,12,5,11,1,0.0,0.0,24.8,4245.986553910512,4383.184784424393
2023-11-18 13:00:00,20.6,67,0.0,4302.232812231425,13,5,11,1,0.0,0.0,21.5,5241.3514732680605,4334.742810484331
2023-11-18 14:00:00,21.2,62,0.0,4314.967998459256,14,5,11,1,0.0,0.0,20.6,4061.221018423913,4092.742418663913
2023-11-18 15:00:00,19.3,70,0.0,3988.268052501037,15,5,11,1,0.0,0.0,21.2,4264.031148552632,4022.752408566475
2023-11-18 16:00:00,18.9,72,0.0,3863.754499300528,16,5,11,1,0.0,0.0,19.3,3918.0209068157696,3819.0965025110445
2023-11-18 17:00:00,18.2,75,0.0,3574.9820035376465,17,5,11,1,0.0,0.0,18.9,3702.58903960706,3641.114079268124
2023-11-18 18:00:00,17.1,79,0.0,3775.4572153254426,18,5,11,1,0.0,0.0,18.2,3494.1403622255416,3538.756757617626
2023-11-18 19:00:00,16.5,80,0.0,3293.393236421225,19,5,11,1,0.0,0.0,17.1,3350.8422265997046,3157.9135808270303
2023-11-18 20:00:00,16.0,81,0.0,3171.91810930798,20,5,11,1,0.0,0.0,16.5,2994.4434351814016,3116.9336191918696
2023-11-18 21:00:00,15.8,82,0.0,3083.2654974482703,21,5,11,1,0.0,0.0,16.0,3234.523604260697,2975.7712314447153
2023-11-18 22:00:00,15.4,84,0.0,2940.2131809685247,22,5,11,1,0.0,0.0,15.8,2759.310364504178,2794.798019436099
2023-11-18 23:00:00,14.6,88,0.0,2844.7648981583197,23,5,11,1,0.0,0.40000000000000036,15.4,2598.926140068665,2743.4007065802534
2023-11-19 00:00:00,13.9,91,0.0,2730.270724479356,0,6,11,1,0.0,1.0999999999999996,14.6,3142.9643986358587,2750.68365263821
2023-11-19 01:00:00,14.1,92,0.0,2738.1651732864025,1,6,11,1,0.0,0.9000000000000004,13.9,2466.7936189108104,2793.554616655705
2023-11-19 02:00:00,15.4,90,44.5,2862.4091715747254,2,6,11,1,0.0,0.0,14.1,3023.425982266613,2737.3533450619025
2023-11-19 03:00:00,18.6,78,281.9,2730.4373208316047,3,6,11,1,0.0,0.0,15.4,2960.395662717791,2964.3321922765895
2023-11-19 04:00:00,21.8,64,460.0,2974.001116692806,4,6,11,1,0.0,0.0,18.6,3007.2274513930124,3021.878241044097
2023-11-19 05:00:00,23.8,55,556.3,3669.337139413585,5,6,11,1,1.8000000000000007,0.0,21.8,3877.652450682571,3626.8245804072885
2023-11-19 06:00:00,25.1,50,616.4,4967.954414195526,6,6,11,1,3.1000000000000014,0.0,23.8,4838.384834241846,4995.8059799369485
2023-11-19 07:00:00,25.5,47,560.9,5287.544968862591,7,6,11,1,3.5,0.0,25.1,5848.127727499533,5593.93983006101
2023-11-19 08:00:00,25.7,46,597.2,6070.358275345627,8,6,11,1,3.6999999999999993,0.0,25.5,6645.040671838107,5880.379925894077
2023-11-19 09:00:00,25.6,45,574.2,5904.681570575766,9,6,11,1,3.6000000000000014,0.0,25.7,6562.955819352026,5849.985254290997
2023-11-19 10:00:00,25.4,46,491.7,5947.261368689463,10,6,11,1,3.3999999999999986,0.0,25.6,6049.252305966341,5770.241244202775
2023-11-19 11:00:00,24.6,50,310.1,5211.77458084924,11,6,11,1,2.6000000000000014,0.0,25.4,5669.949873782529,5289.41591139523
2023-11-19 12:00:00,21.4,63,89.6,4609.360352425208,12,6,11,1,0.0,0.0,24.6,4463.214687576003,4351.414456428951
2023-11-19 13:00:00,20.9,58,0.0,4190.745357592478,13,6,11,1,0.0,0.0,21.4,4302.232812231425,4307.780085976545
2023-11-19 14:00:00,22.0,51,0.0,4559.825598359424,14,6,11,1,0.0,0.0,20.9,4314.967998459256,4237.651012936656
2023-11-19 15:00:00,20.7,57,0.0,4016.017047086461,15,6,11,1,0.0,0.0,22.0,3988.268052501037,3937.2629527334147
2023-11-19 16:00:00,20.3,60,0.0,4078.3797084197818,16,6,11,1,0.0,0.0,20.7,3863.754499300528,3773.4900204153764
2023-11-19 17:00:00,19.8,61,0.0,3581.854964910124,17,6,11,1,0.0,0.0,20.3,3574.9820035376465,3713.6284129665682
2023-11-19 18:00:00,19.7,59,0.0,3541.3002210348964,18,6,11,1,0.0,0.0,19.8,3775.4572153254426,3456.5169347181086
2023-11-19 19:00:00,19.9,56,0.0,3154.827518923525,19,6,11,1,0.0,0.0,19.7,3293.393236421225,3261.3676149128937
2023-11-19 20:00:00,20.1,54,0.0,3240.5353504926507,20,6,11,1,0.0,0.0,19.9,3171.91810930798,3168.982312022515
2023-11-19 21:00:00,19.7,55,0.0,2914.244670937051,21,6,11,1,0.0,0.0,20.1,3083.2654974482703,2935.8064051210704
2023-11-19 22:00:00,16.7,67,0.0,3113.3166200387045,22,6,11,1,0.0,0.0,19.7,2940.2131809685247,2807.721423701385
2023-11-19 23:00:00,14.5,80,0.0,2713.8765965584066,23,6,11,1,0.0,0.5,16.7,2844.7648981583197,2763.4955937968602
2023-11-20 00:00:00,13.4,89,0.0,2908.024462946965,0,0,11,0,0.0,1.5999999999999996,14.5,2730.270724479356,2785.535676995928
2023-11-20 01:00:00,13.6,92,0.0,2957.1672547255994,1,0,11,0,0.0,1.4000000000000004,13.4,2738.1651732864025,2768.0847339386196
2023-11-20 02:00:00,14.7,90,45.3,2532.520376334546,2,0,11,0,0.0,0.3000000000000007,13.6,2862.4091715747254,2770.416146602186
2023-11-20 03:00:00,17.4,78,294.4,2930.6404817750763,3,0,11,0,0.0,0.0,14.7,2730.4373208316047,2973.005227522533
2023-11-20 04:00:00,20.5,67,478.5,3000.9495553250285,4,0,11,0,0.0,0.0,17.4,2974.001116692806,3198.8215427711534
2023-11-20 05:00:00,22.9,56,589.2,3510.6583073344445,5,0,11,0,0.8999999999999986,0.0,20.5,3669.337139413585,3350.1818544153643
2023-11-20 06:00:00,24.4,47,648.1,4526.612077579148,6,0,11,0,2.3999999999999986,0.0,22.9,4967.954414195526,4099.226647318906
2023-11-20 07:00:00,25.2,43,670.4,5228.871114414515,7,0,11,0,3.1999999999999993,0.0,24.4,5287.544968862591,5187.789434084996
2023-11-20 08:00:00,25.5,42,659.0,5799.746603541891,8,0,11,0,3.5,0.0,25.2,6070.358275345627,5758.133854553069
2023-11-20 09:00:00,25.5,42,610.3,5952.338064344723,9,0,11,0,3.5,0.0,25.5,5904.681570575766,5758.762454681495
2023-11-20 10:00:00,25.2,43,512.2,5986.079575681105,10,0,11,0,3.1999999999999993,0.0,25.5,5947.261368689463,5420.150478854115
2023-11-20 11:00:00,24.2,47,341.4,4958.4525546556,11,0,11,0,2.1999999999999993,0.0,25.2,5211.77458084924,4973.170522530453
2023-11-20 12:00:00,20.3,64,108.3,4421.716957889383,12,0,11,0,0.0,0.0,24.2,4609.360352425208,4369.669832288705
2023-11-20 13:00:00,19.3,71,0.0,4301.151513538421,13,0,11,0,0.0,0.0,20.3,4190.745357592478,4322.433414500385
2023-11-20 14:00:00,18.4,75,0.0,3993.796581358568,14,0,11,0,0.0,0.0,19.3,4559.825598359424,4187.0886783235555
2023-11-20 15:00:00,18.3,75,0.0,4046.6638502426727,15,0,11,0,0.0,0.0,18.4,4016.017047086461,3971.075148478294
2023-11-20 16:00:00,18.0,75,0.0,3846.761343909401,16,0,11,0,0.0,0.0,18.3,4078.3797084197818,3867.964035311915
2023-11-20 17:00:00,17.0,78,0.0,3688.439043055642,17,0,11,0,0.0,0.0,18.0,3581.854964910124,3781.751089734115
2023-11-20 18:00:00,16.4,81,0.0,3569.663132079724,18,0,11,0,0.0,0.0,17.0,3541.3002210348964,3552.05698876934
2023-11-20 19:00:00,15.6,85,0.0,3205.5396808757278,19,0,11,0,0.0,0.0,16.4,3154.827518923525,3267.462994759244
2023-11-20 20:00:00,14.8,89,0.0,3119.702525032139,20,0,11,0,0.0,0.1999999999999993,15.6,3240.5353504926507,3164.0147112059517
2023-11-20 21:00:00,13.9,91,0.0,3074.967155832385,21,0,11,0,0.0,1.0999999999999996,14.8,2914.244670937051,2935.4292390715113
2023-11-20 22:00:00,14.0,90,0.0,2774.1779990432105,22,0,11,0,0.0,1.0,13.9,3113.3166200387045,2882.8330021764828
2023-11-20 23:00:00,13.8,91,0.0,2721.018617583374,23,0,11,0,0.0,1.1999999999999993,14.0,2713.8765965584066,2847.1346042026375
2023-11-21 00:00:00,13.5,92,0.0,2955.4132128156884,0,1,11,0,0.0,1.5,13.8,2908.024462946965,2809.070780929426
2023-11-21 01:00:00,13.6,92,0.0,2830.7588567320863,1,1,11,0,0.0,1.4000000000000004,13.5,2957.1672547255994,2795.041613164089
2023-11-21 02:00:00,14.2,90,46.1,2928.8958030085096,2,1,11,0,0.0,0.8000000000000007,13.6,2532.520376334546,2790.4030476246567
2023-11-21 03:00:00,16.7,80,294.1,2657.8910905113808,3,1,11,0,0.0,0.0,14.2,2930.6404817750763,2973.2114362993575
2023-11-21 04:00:00,19.4,68,484.8,3103.066526085731,4,1,11,0,0.0,0.0,16.7,3000.9495553250285,3128.8550159386673
2023-11-21 05:00:00,21.9,60,598.3,3304.696903611882,5,1,11,0,0.0,0.0,19.4,3510.6583073344445,3265.669984174907
2023-11-21 06:00:00,23.9,52,657.8,4145.708459652594,6,1,11,0,1.8999999999999986,0.0,21.9,4526.612077579148,3862.764950986648
2023-11-21 07:00:00,24.9,45,678.0,5179.46644080813,7,1,11,0,2.8999999999999986,0.0,23.9,5228.871114414515,4918.397955159188
2023-11-21 08:00:00,25.2,43,660.2,5370.725004097559,8,1,11,0,3.1999999999999993,0.0,24.9,5799.746603541891,5306.342665501039
2023-11-21 09:00:00,25.2,42,596.9,5856.245812519643,9,1,11,0,3.1999999999999993,0.0,25.2,5952.338064344723,5351.707823844143
2023-11-21 10:00:00,24.8,43,505.4,5283.352691608196,10,1,11,0,2.8000000000000007,0.0,25.2,5986.079575681105,5098.808312957465
2023-11-21 11:00:00,23.8,48,347.2,4967.74799116834,11,1,11,0,1.8000000000000007,0.0,24.8,4958.4525546556,4694.875589079107
2023-11-21 12:00:00,21.3,57,109.0,4552.78505826039,12,1,11,0,0.0,0.0,23.8,4421.716957889383,4331.282441957894
2023-11-21 13:00:00,20.4,66,0.0,4204.158694677413,13,1,11,0,0.0,0.0,21.3,4301.151513538421,4299.857124253526
2023-11-21 14:00:00,19.5,69,0.0,4207.461936493001,14,1,11,0,0.0,0.0,20.4,3993.796581358568,4047.691206366298
2023-11-21 15:00:00,18.8,68,0.0,3988.48903126436,15,1,11,0,0.0,0.0,19.5,4046.6638502426727,3958.4355845351806
2023-11-21 16:00:00,18.2,67,0.0,3966.380476646225,16,1,11,0,0.0,0.0,18.8,3846.761343909401,3783.2571355373216
2023-11-21 17:00:00,17.4,69,0.0,3286.8046073001733,17,1,11,0,0.0,0.0,18.2,3688.439043055642,3703.0738168613425
2023-11-21 18:00:00,16.7,71,0.0,3502.609252951436,18,1,11,0,0.0,0.0,17.4,3569.663132079724,3553.93967118736
2023-11-21 19:00:00,16.2,71,0.0,3174.050952557681,19,1,11,0,0.0,0.0,16.7,3205.5396808757278,3268.057547510578
2023-11-21 20:00:00,15.6,71,0.0,3297.489352791373,20,1,11,0,0.0,0.0,16.2,3119.702525032139,3092.135641097623
2023-11-21 21:00:00,15.0,72,0.0,2877.288610123938,21,1,11,0,0.0,0.0,15.6,3074.967155832385,2899.322428792916
2023-11-21 22:00:00,14.5,73,0.0,2622.5059588191343,22,1,11,0,0.0,0.5,15.0,2774.1779990432105,2847.757829319635
2023-11-21 23:00:00,14.0,74,0.0,2986.9940493583786,23,1,11,0,0.0,1.0,14.5,2721.018617583374,2870.0779515084914
2023-11-22 00:00:00,13.6,76,0.0,2442.1329968746973,0,2,11,0,0.0,1.4000000000000004,14.0,2955.4132128156884,2808.032245962689
2023-11-22 01:00:00,13.1,80,0.0,2924.55132388406,1,2,11,0,0.0,1.9000000000000004,13.6,2830.7588567320863,2781.3221776867667
2023-11-22 02:00:00,13.4,79,47.0,3178.737898112156,2,2,11,0,0.0,1.5999999999999996,13.1,2928.8958030085096,2762.401269564609
2023-11-22 03:00:00,15.7,71,311.5,2914.4711631803825,3,2,11,0,0.0,0.0,13.4,2657.8910905113808,2947.075693404451
2023-11-22 04:00:00,18.3,62,498.7,3179.1823137814667,4,2,11,0,0.0,0.0,15.7,3103.066526085731,3104.3247647691924
2023-11-22 05:00:00,20.8,55,609.4,3471.8301963616104,5,2,11,0,0.0,0.0,18.3,3304.696903611882,3224.1958081764133
2023-11-22 06:00:00,22.8,49,669.1,3485.02919864439,6,2,11,0,0.8000000000000007,0.0,20.8,4145.708459652594,3424.35508387263
2023-11-22 07:00:00,24.0,44,691.6,4477.451695409546,7,2,11,0,2.0,0.0,22.8,5179.46644080813,4296.43410786701
2023-11-22 08:00:00,24.6,43,680.3,4743.577209300189,8,2,11,0,2.6000000000000014,0.0,24.0,5370.725004097559,4967.917765503073
2023-11-22 09:00:00,24.8,42,633.2,5291.577144939385,9,2,11,0,2.8000000000000007,0.0,24.6,5856.245812519643,5054.6402631351175
2023-11-22 10:00:00,24.4,43,537.5,4926.895637004152,10,2,11,0,2.3999999999999986,0.0,24.8,5283.352691608196,5069.694867494491
2023-11-22 11:00:00,23.2,48,364.0,4350.100451208976,11,2,11,0,1.1999999999999993,0.0,24.4,4967.74799116834,4504.642623913144
2023-11-22 12:00:00,20.4,58,109.8,4076.5951175191694,12,2,11,0,0.0,0.0,23.2,4552.78505826039,4331.721583084428
2023-11-22 13:00:00,19.3,63,0.0,4152.592293093348,13,2,11,0,0.0,0.0,20.4,4204.158694677413,4274.194327651792
2023-11-22 14:00:00,17.8,70,0.0,4106.0298606135,14,2,11,0,0.0,0.0,19.3,4207.461936493001,4138.4345947452075
2023-11-22 15:00:00,16.4,77,0.0,4197.973420375087,15,2,11,0,0.0,0.0,17.8,3988.48903126436,3919.3291070848127
2023-11-22 16:00:00,15.6,81,0.0,4055.6752878880898,16,2,11,0,0.0,0.0,16.4,3966.380476646225,3820.8578993376996
2023-11-22 17:00:00,15.7,78,0.0,3668.4167824463407,17,2,11,0,0.0,0.0,15.6,3286.8046073001733,3543.5825874663697
2023-11-22 18:00:00,15.6,77,0.0,3688.769784690056,18,2,11,0,0.0,0.0,15.7,3502.609252951436,3605.5735991037113
2023-11-22 19:00:00,15.5,76,0.0,3578.468598990761,19,2,11,0,0.0,0.0,15.6,3174.050952557681,3288.656767088779
2023-11-22 20:00:00,15.6,75,0.0,3162.919069934521,20,2,11,0,0.0,0.0,15.5,3297.489352791373,3129.889092400043
2023-11-22 21:00:00,14.9,77,0.0,2820.3191955322413,21,2,11,0,0.0,0.09999999999999964,15.6,2877.288610123938,2847.1939095979997
2023-11-22 22:00:00,13.2,85,0.0,2837.474886173549,22,2,11,0,0.0,1.8000000000000007,14.9,2622.5059588191343,2962.1509319380543
2023-11-22 23:00:00,12.8,86,0.0,2720.450119635469,23,2,11,0,0.0,2.1999999999999993,13.2,2986.9940493583786,3150.088233215452
2023-11-23 00:00:00,11.7,91,0.0,3004.942634648474,0,3,11,0,0.0,3.3000000000000007,12.8,2442.1329968746973,2965.0460065839866
2023-11-23 01:00:00,11.3,95,0.0,3129.548891380448,1,3,11,0,0.0,3.6999999999999993,11.7,2924.55132388406,3069.1093488625124
2023-11-23 02:00:00,11.9,95,47.9,2913.32847670221,2,3,11,0,0.0,3.0999999999999996,11.3,3178.737898112156,3085.3513548025517
2023-11-23 03:00:00,15.0,83,302.3,2795.145018928972,3,3,11,0,0.0,0.0,11.9,2914.4711631803825,2960.3349787446227
2023-11-23 04:00:00,18.6,69,492.6,3386.156996184071,4,3,11,0,0.0,0.0,15.0,3179.1823137814667,3172.8125857804494
2023-11-23 05:00:00,21.3,58,607.4,3083.5104205630514,5,3,11,0,0.0,0.0,18.6,3471.8301963616104,3263.164773388073
2023-11-23 06:00:00,23.0,50,667.6,3707.604159565449,6,3,11,0,1.0,0.0,21.3,3485.02919864439,3576.3441318124333
2023-11-23 07:00:00,24.0,46,690.1,4542.982966361027,7,3,11,0,2.0,0.0,23.0,4477.451695409546,4284.039853231055
2023-11-23 08:00:00,24.5,44,678.3,4595.0521383224295,8,3,11,0,2.5,0.0,24.0,4743.577209300189,4788.570609421604
2023-11-23 09:00:00,24.8,43,630.4,5094.3696102834665,9,3,11,0,2.8000000000000007,0.0,24.5,5291.577144939385,5050.768265731467
2023-11-23 10:00:00,24.6,43,532.9,5336.160995655609,10,3,11,0,2.6000000000000014,0.0,24.8,4926.895637004152,5240.928189733699
2023-11-23 11:00:00,23.9,45,358.5,4606.602479753991,11,3,11,0,1.8999999999999986,0.0,24.6,4350.100451208976,4743.898432677827
2023-11-23 12:00:00,22.7,50,110.4,4310.197872257966,12,3,11,0,0.6999999999999993,0.0,23.9,4076.5951175191694,4344.410972607208
2023-11-23 13:00:00,19.1,68,0.0,4244.6251531721855,13,3,11,0,0.0,0.0,22.7,4152.592293093348,4274.834286657242
2023-11-23 14:00:00,19.5,65,0.0,4081.234368775943,14,3,11,0,0.0,0.0,19.1,4106.0298606135,4120.741279136378
2023-11-23 15:00:00,17.8,71,0.0,3863.884231210668,15,3,11,0,0.0,0.0,19.5,4197.973420375087,4009.9907275756477
2023-11-23 16:00:00,17.2,71,0.0,3847.3502998235513,16,3,11,0,0.0,0.0,17.8,4055.6752878880898,3872.6219031806254
2023-11-23 17:00:00,15.5,78,0.0,3846.880579451568,17,3,11,0,0.0,0.0,17.2,3668.4167824463407,3650.8558460327977
2023-11-23 18:00:00,15.4,77,0.0,3557.298604439512,18,3,11,0,0.0,0.0,15.5,3688.769784690056,3555.318077116494
2023-11-23 19:00:00,14.8,80,0.0,3376.2527035459084,19,3,11,0,0.0,0.1999999999999993,15.4,3578.468598990761,3372.5007924189376
2023-11-23 20:00:00,14.2,84,0.0,3074.362149614838,20,3,11,0,0.0,0.8000000000000007,14.8,3162.919069934521,3134.716244142112
2023-11-23 21:00:00,13.4,87,0.0,2954.6096941312385,21,3,11,0,0.0,1.5999999999999996,14.2,2820.3191955322413,2937.0696350966628
2023-11-23 22:00:00,13.4,87,0.0,3150.7542235908613,22,3,11,0,0.0,1.5999999999999996,13.4,2837.474886173549,2905.1425056646654
2023-11-23 23:00:00,15.1,78,0.0,2901.007029146696,23,3,11,0,0.0,0.0,13.4,2720.450119635469,2790.351082619092
2023-11-24 00:00:00,15.6,76,0.0,2843.4999900270345,0,4,11,0,0.0,0.0,15.1,3004.942634648474,2763.081507438509
2023-11-24 01:00:00,15.2,77,0.0,2586.253068730527,1,4,11,0,0.0,0.0,15.6,3129.548891380448,2764.9445735829545
2023-11-24 02:00:00,14.9,78,36.6,2789.811932662973,2,4,11,0,0.0,0.09999999999999964,15.2,2913.32847670221,2725.864984704493
2023-11-24 03:00:00,16.3,75,292.8,2969.7150638328985,3,4,11,0,0.0,0.0,14.9,2795.145018928972,2922.5380337726965
2023-11-24 04:00:00,19.7,64,483.9,3233.9074406068426,4,4,11,0,0.0,0.0,16.3,3386.156996184071,3222.8036876920464
2023-11-24 05:00:00,22.3,55,597.8,3257.9923722425942,5,4,11,0,0.3000000000000007,0.0,19.7,3083.5104205630514,3156.07930378484
2023-11-24 06:00:00,23.8,49,656.2,4294.856678222571,6,4,11,0,1.8000000000000007,0.0,22.3,3707.604159565449,3882.706089092152
2023-11-24 07:00:00,24.6,46,676.1,4713.2580031389725,7,4,11,0,2.6000000000000014,0.0,23.8,4542.982966361027,4747.441641524104
2023-11-24 08:00:00,25.1,45,666.7,5274.552939051883,8,4,11,0,3.1000000000000014,0.0,24.6,4595.0521383224295,5210.412181385434
2023-11-24 09:00:00,25.1,44,618.4,5374.593600883824,9,4,11,0,3.1000000000000014,0.0,25.1,5094.3696102834665,5252.373777294626
2023-11-24 10:00:00,24.8,44,523.4,5377.228664945409,10,4,11,0,2.8000000000000007,0.0,25.1,5336.160995655609,5051.143813443869
2023-11-24 11:00:00,23.5,53,356.5,4496.966601381871,11,4,11,0,1.5,0.0,24.8,4606.602479753991,4571.59730271887
2023-11-24 12:00:00,20.0,66,101.8,4327.972631650242,12,4,11,0,0.0,0.0,23.5,4310.197872257966,4334.128666082941
2023-11-24 13:00:00,20.0,67,0.0,4212.729784773512,13,4,11,0,0.0,0.0,20.0,4244.6251531721855,4277.690697388996
2023-11-24 14:00:00,18.3,75,0.0,4227.009452531028,14,4,11,0,0.0,0.0,20.0,4081.234368775943,4161.812120011084
2023-11-24 15:00:00,17.0,82,0.0,4234.141366517913,15,4,11,0,0.0,0.0,18.3,3863.884231210668,3896.4129204436026
2023-11-24 16:00:00,16.5,82,0.0,3711.909192867567,16,4,11,0,0.0,0.0,17.0,3847.3502998235513,3798.937917738744
2023-11-24 17:00:00,15.9,81,0.0,3983.8591622471968,17,4,11,0,0.0,0.0,16.5,3846.880579451568,3563.3426436172736
2023-11-24 18:00:00,15.0,83,0.0,3573.9979192090423,18,4,11,0,0.0,0.0,15.9,3557.298604439512,3556.60519898113
2023-11-24 19:00:00,14.0,86,0.0,3446.449548592372,19,4,11,0,0.0,1.0,15.0,3376.2527035459084,3214.3248092919016
2023-11-24 20:00:00,13.5,86,0.0,3154.2627082878635,20,4,11,0,0.0,1.5,14.0,3074.362149614838,3156.90444408218
2023-11-24 21:00:00,13.4,87,0.0,2941.92315606147,21,4,11,0,0.0,1.5999999999999996,13.5,2954.6096941312385,2923.5455686935084
2023-11-24 22:00:00,13.3,89,0.0,2727.905503937402,22,4,11,0,0.0,1.6999999999999993,13.4,3150.7542235908613,2918.655251788917
2023-11-24 23:00:00,12.9,91,0.0,3143.211836329019,23,4,11,0,0.0,2.0999999999999996,13.3,2901.007029146696,3142.1004513205758
2023-11-25 00:00:00,12.6,92,0.0,2975.9199374068226,0,5,11,1,0.0,2.4000000000000004,12.9,2843.4999900270345,2919.4400750504424
2023-11-25 01:00:00,12.4,94,0.0,2687.5717333215835,1,5,11,1,0.0,2.5999999999999996,12.6,2586.253068730527,2953.012075315084
2023-11-25 02:00:00,12.6,94,37.3,3283.941570258874,2,5,11,1,0.0,2.4000000000000004,12.4,2789.811932662973,3063.1729018680444
2023-11-25 03:00:00,15.2,83,292.3,2770.628108051424,3,5,11,1,0.0,0.0,12.6,2969.7150638328985,3050.544661731057
2023-11-25 04:00:00,18.5,71,487.7,3231.034182763739,4,5,11,1,0.0,0.0,15.2,3233.9074406068426,3191.028996312353
2023-11-25 05:00:00,21.5,60,601.3,3361.8522906150297,5,5,11,1,0.0,0.0,18.5,3257.9923722425942,3230.978926606809
2023-11-25 06:00:00,23.5,51,661.0,3623.181262746837,6,5,11,1,1.5,0.0,21.5,4294.856678222571,3581.899935043119
2023-11-25 07:00:00,24.7,44,658.9,5011.042850787654,7,5,11,1,2.6999999999999993,0.0,23.5,4713.2580031389725,4719.057908613165
2023-11-25 08:00:00,25.2,41,675.6,5243.710596373459,8,5,11,1,3.1999999999999993,0.0,24.7,5274.552939051883,5331.850458452711
2023-11-25 09:00:00,25.3,40,611.7,5772.4639910616,9,5,11,1,3.3000000000000007,0.0,25.2,5374.593600883824,5603.11624302641
2023-11-25 10:00:00,24.9,40,369.7,5626.796879474022,10,5,11,1,2.8999999999999986,0.0,25.3,5377.228664945409,5083.207979416222
2023-11-25 11:00:00,23.4,52,354.4,4547.737451846037,11,5,11,1,1.3999999999999986,0.0,24.9,4496.966601381871,4502.825718497789
2023-11-25 12:00:00,20.6,58,93.0,4384.55919138173,12,5,11,1,0.0,0.0,23.4,4327.972631650242,4351.840197532405
2023-11-25 13:00:00,21.2,59,0.0,4382.648745687752,13,5,11,1,0.0,0.0,20.6,4212.729784773512,4312.643669998079
2023-11-25 14:00:00,20.4,62,0.0,4358.839841106072,14,5,11,1,0.0,0.0,21.2,4227.009452531028,4158.701424880663
2023-11-25 15:00:00,20.5,60,0.0,4275.777990699687,15,5,11,1,0.0,0.0,20.4,4234.141366517913,4008.420390965987
2023-11-25 16:00:00,19.9,62,0.0,3861.6731682304658,16,5,11,1,0.0,0.0,20.5,3711.909192867567,3755.6026232845547
2023-11-25 17:00:00,19.4,64,0.0,3576.6909498301247,17,5,11,1,0.0,0.0,19.9,3983.8591622471968,3626.0396452305054
2023-11-25 18:00:00,16.3,77,0.0,3509.083222530812,18,5,11,1,0.0,0.0,19.4,3573.9979192090423,3557.309494005816
2023-11-25 19:00:00,15.4,82,0.0,3418.5739400496423,19,5,11,1,0.0,0.0,16.3,3446.449548592372,3289.1391926439737
2023-11-25 20:00:00,16.0,80,0.0,2887.9336216208853,20,5,11,1,0.0,0.0,15.4,3154.2627082878635,3103.6349831188413
2023-11-25 21:00:00,16.3,78,0.0,2914.1601086556134,21,5,11,1,0.0,0.0,16.0,2941.92315606147,2839.0492794731504
2023-11-25 22:00:00,15.2,84,0.0,3116.090667961976,22,5,11,1,0.0,0.0,16.3,2727.905503937402,2802.840100224047
2023-11-25 23:00:00,14.3,90,0.0,2746.556384979365,23,5,11,1,0.0,0.6999999999999993,15.2,3143.211836329019,2778.4614497070634
2023-11-26 00:00:00,14.2,90,0.0,2967.216220721502,0,6,11,1,0.0,0.8000000000000007,14.3,2975.9199374068226,2813.2032757504176
2023-11-26 01:00:00,14.3,89,0.0,2506.7834440963256,1,6,11,1,0.0,0.6999999999999993,14.2,2687.5717333215835,2758.849917199141
2023-11-26 02:00:00,14.9,85,0.0,2568.7620117201827,2,6,11,1,0.0,0.09999999999999964,14.3,3283.941570258874,2762.7057266416086
2023-11-26 03:00:00,17.3,74,131.8,2851.93765247835,3,6,11,1,0.0,0.0,14.9,2770.628108051424,2922.369272005522
2023-11-26 04:00:00,20.1,65,320.8,3224.2041480178323,4,6,11,1,0.0,0.0,17.3,3231.034182763739,3190.9710877696098
2023-11-26 05:00:00,22.2,58,344.5,3501.570875982699,5,6,11,1,0.1999999999999993,0.0,20.1,3361.8522906150297,3294.35386925957
2023-11-26 06:00:00,23.8,50,371.3,3939.189975110945,6,6,11,1,1.8000000000000007,0.0,22.2,3623.181262746837,3966.362932482101
2023-11-26 07:00:00,24.8,45,350.9,4925.80741558765,7,6,11,1,2.8000000000000007,0.0,23.8,5011.042850787654,4859.227511964757
2023-11-26 08:00:00,25.2,41,244.1,5134.060919351364,8,6,11,1,3.1999999999999993,0.0,24.8,5243.710596373459,5328.0903059731145
2023-11-26 09:00:00,25.5,40,329.5,5865.087204903505,9,6,11,1,3.5,0.0,25.2,5772.4639910616,5760.201377010729
2023-11-26 10:00:00,25.1,41,242.7,5902.484396648102,10,6,11,1,3.1000000000000014,0.0,25.5,5626.796879474022,5358.434932645424
2023-11-26 11:00:00,23.8,47,22.7,4952.967081431205,11,6,11,1,1.8000000000000007,0.0,25.1,4547.737451846037,4648.895647181881
2023-11-26 12:00:00,21.2,57,9.3,4120.218318064703,12,6,11,1,0.0,0.0,23.8,4384.55919138173,4350.465241790915
2023-11-26 13:00:00,20.3,66,0.0,4163.680206712303,13,6,11,1,0.0,0.0,21.2,4382.648745687752,4316.754890424991
2023-11-26 14:00:00,19.2,72,0.0,4245.119480181853,14,6,11,1,0.0,0.0,20.3,4358.839841106072,4244.4914702840915
2023-11-26 15:00:00,18.7,73,0.0,4156.023635342868,15,6,11,1,0.0,0.0,19.2,4275.777990699687,4025.359568263789
2023-11-26 16:00:00,18.4,73,0.0,3930.154951551439,16,6,11,1,0.0,0.0,18.7,3861.6731682304658,3784.1579665470344
2023-11-26 17:00:00,18.1,74,0.0,3780.551832506454,17,6,11,1,0.0,0.0,18.4,3576.6909498301247,3730.0465079604387
2023-11-26 18:00:00,17.3,77,0.0,3560.592179786968,18,6,11,1,0.0,0.0,18.1,3509.083222530812,3575.751372404591
2023-11-26 19:00:00,17.1,77,0.0,3288.4710460110987,19,6,11,1,0.0,0.0,17.3,3418.5739400496423,3265.158697808716
2023-11-26 20:00:00,16.3,81,0.0,2791.775233793025,20,6,11,1,0.0,0.0,17.1,2887.9336216208853,3010.2130637545265
2023-11-26 21:00:00,16.2,82,0.0,3066.236343528191,21,6,11,1,0.0,0.0,16.3,2914.1601086556134,2911.3048664899434
2023-11-26 22:00:00,16.1,82,0.0,3145.732626500239,22,6,11,1,0.0,0.0,16.2,3116.090667961976,2908.0380289837626
2023-11-26 23:00:00,15.9,85,0.0,2534.888226443879,23,6,11,1,0.0,0.0,16.1,2746.556384979365,2738.9331974752895
2023-11-27 00:00:00,17.0,79,0.0,2943.859768894172,0,0,11,0,0.0,0.0,15.9,2967.216220721502,2783.201836684831
2023-11-27 01:00:00,16.5,83,0.0,2853.7261444810065,1,0,11,0,0.0,0.0,17.0,2506.7834440963256,2801.67904875917
2023-11-27 02:00:00,16.7,83,0.0,2802.680250147614,2,0,11,0,0.0,0.0,16.5,2568.7620117201827,2773.581133307739
2023-11-27 03:00:00,17.7,79,0.0,2814.056503557644,3,0,11,0,0.0,0.0,16.7,2851.93765247835,2996.263982723041
2023-11-27 04:00:00,18.8,76,2.6,2958.617348979148,4,0,11,0,0.0,0.0,17.7,3224.2041480178323,3189.020638795156
2023-11-27 05:00:00,19.7,72,7.7,3367.7607537357626,5,0,11,0,0.0,0.0,18.8,3501.570875982699,3202.9734476941853
2023-11-27 06:00:00,20.0,73,8.2,3301.7823953170973,6,0,11,0,0.0,0.0,19.7,3939.189975110945,3298.5475008045823
2023-11-27 07:00:00,22.4,64,256.1,4196.136535280861,7,0,11,0,0.3999999999999986,0.0,20.0,4925.80741558765,3676.542588756016
2023-11-27 08:00:00,23.9,47,256.2,4451.625099599547,8,0,11,0,1.8999999999999986,0.0,22.4,5134.060919351364,4391.280582321894
2023-11-27 09:00:00,24.0,43,494.2,4763.426724765494,9,0,11,0,2.0,0.0,23.9,5865.087204903505,4713.358768284865
2023-11-27 10:00:00,23.4,46,140.5,4593.090836840885,10,0,11,0,1.3999999999999986,0.0,24.0,5902.484396648102,4570.0196182594345
2023-11-27 11:00:00,22.0,54,41.8,3965.912331183181,11,0,11,0,0.0,0.0,23.4,4952.967081431205,4337.530266310135
2023-11-27 12:00:00,19.4,70,65.7,4171.177427240178,12,0,11,0,0.0,0.0,22.0,4120.218318064703,4318.416551931038
2023-11-27 13:00:00,18.1,82,0.0,4319.316061918809,13,0,11,0,0.0,0.0,19.4,4163.680206712303,4310.78703056204
2023-11-27 14:00:00,17.4,90,0.0,3810.5978859383904,14,0,11,0,0.0,0.0,18.1,4245.119480181853,4187.557235936706
2023-11-27 15:00:00,17.1,92,0.0,3984.8246890208175,15,0,11,0,0.0,0.0,17.4,4156.023635342868,4095.801997195451
2023-11-27 16:00:00,16.7,90,0.0,4023.106598804041,16,0,11,0,0.0,0.0,17.1,3930.154951551439,3863.6222600289334
2023-11-27 17:00:00,17.0,86,0.0,3746.4575765728337,17,0,11,0,0.0,0.0,16.7,3780.551832506454,3578.20926343685
2023-11-27 18:00:00,15.7,93,0.0,3521.8485985046086,18,0,11,0,0.0,0.0,17.0,3560.592179786968,3540.553422943847
2023-11-27 19:00:00,15.8,93,0.0,3267.43975909514,19,0,11,0,0.0,0.0,15.7,3288.4710460110987,3267.1431313610105
2023-11-27 20:00:00,15.8,93,0.0,3203.986428559458,20,0,11,0,0.0,0.0,15.8,2791.775233793025,2966.5668082006223
2023-11-27 21:00:00,15.4,95,0.0,2649.626257377454,21,0,11,0,0.0,0.0,15.8,3066.236343528191,2903.8474101908696
2023-11-27 22:00:00,15.1,96,0.0,2773.807188336927,22,0,11,0,0.0,0.0,15.4,3145.732626500239,2838.1582588935166
2023-11-27 23:00:00,15.1,96,0.0,2873.054790859753,23,0,11,0,0.0,0.0,15.1,2534.888226443879,2744.2782374484505
2023-11-28 00:00:00,15.9,95,0.0,2649.859692140117,0,1,11,0,0.0,0.0,15.1,2943.859768894172,2778.422198386578
2023-11-28 01:00:00,15.6,94,0.0,2744.675433610203,1,1,11,0,0.0,0.0,15.9,2853.7261444810065,2753.918922845925
2023-11-28 02:00:00,15.3,97,13.2,2809.309219215829,2,1,11,0,0.0,0.0,15.6,2802.680250147614,2762.6406593759184
2023-11-28 03:00:00,17.1,88,164.6,2857.9113041964406,3,1,11,0,0.0,0.0,15.3,2814.056503557644,2917.3849491332658
2023-11-28 04:00:00,18.6,80,107.8,3270.2735635616928,4,1,11,0,0.0,0.0,17.1,2958.617348979148,3135.638229050377
2023-11-28 05:00:00,20.2,67,241.9,3504.902884405085,5,1,11,0,0.0,0.0,18.6,3367.7607537357626,3279.64739302657
2023-11-28 06:00:00,19.6,72,85.8,3560.5302171316503,6,1,11,0,0.0,0.0,20.2,3301.7823953170973,3484.8676752529636
2023-11-28 07:00:00,18.4,86,18.7,3579.037577723843,7,1,11,0,0.0,0.0,19.6,4196.136535280861,3573.9560371540288
2023-11-28 08:00:00,18.8,83,27.3,3961.487210700564,8,1,11,0,0.0,0.0,18.4,4451.625099599547,3777.1822470918096
2023-11-28 09:00:00,19.7,78,160.4,4011.3712566525182,9,1,11,0,0.0,0.0,18.8,4763.426724765494,4114.010311329924
2023-11-28 10:00:00,20.6,72,321.8,4017.424981023757,10,1,11,0,0.0,0.0,19.7,4593.090836840885,4300.4638941547
2023-11-28 11:00:00,20.2,74,263.3,4407.893683490097,11,1,11,0,0.0,0.0,20.6,3965.912331183181,4031.179025009802
2023-11-28 12:00:00,17.9,88,56.6,4260.580476955807,12,1,11,0,0.0,0.0,20.2,4171.177427240178,4336.5372441789295
2023-11-28 13:00:00,18.1,90,0.0,4176.361666188613,13,1,11,0,0.0,0.0,17.9,4319.316061918809,4322.982316536846
2023-11-28 14:00:00,17.8,92,0.0,4154.844142737949,14,1,11,0,0.0,0.0,18.1,3810.5978859383904,3887.5501331505884
2023-11-28 15:00:00,17.7,94,0.0,4035.8723126153272,15,1,11,0,0.0,0.0,17.8,3984.8246890208175,3967.7367694183868
2023-11-28 16:00:00,17.2,96,0.0,4213.385459332133,16,1,11,0,0.0,0.0,17.7,4023.106598804041,3855.367608410188
2023-11-28 17:00:00,16.7,96,0.0,3735.637938089772,17,1,11,0,0.0,0.0,17.2,3746.4575765728337,3671.409864773957
2023-11-28 18:00:00,15.9,97,0.0,3561.735859048528,18,1,11,0,0.0,0.0,16.7,3521.8485985046086,3550.2046320357185
2023-11-28 19:00:00,15.2,98,0.0,3067.060602873401,19,1,11,0,0.0,0.0,15.9,3267.43975909514,3258.1561829507946
2023-11-28 20:00:00,14.7,98,0.0,3139.102941136904,20,1,11,0,0.0,0.3000000000000007,15.2,3203.986428559458,3164.570566470529
2023-11-28 21:00:00,14.3,98,0.0,2839.6765850490974,21,1,11,0,0.0,0.6999999999999993,14.7,2649.626257377454,2930.008111131117
2023-11-28 22:00:00,13.9,98,0.0,2551.924879098482,22,1,11,0,0.0,1.0999999999999996,14.3,2773.807188336927,2834.5297733520856
2023-11-28 23:00:00,13.7,98,0.0,2901.563337277014,23,1,11,0,0.0,1.3000000000000007,13.9,2873.054790859753,2874.313091486666
2023-11-29 00:00:00,13.4,98,0.0,2747.3439480966504,0,2,11,0,0.0,1.5999999999999996,13.7,2649.859692140117,2800.2718775813696
2023-11-29 01:00:00,13.9,97,0.0,2871.968593587309,1,2,11,0,0.0,1.0999999999999996,13.4,2744.675433610203,2742.0263189241527
2023-11-29 02:00:00,14.1,98,26.8,2974.257609127744,2,2,11,0,0.0,0.9000000000000004,13.9,2809.309219215829,2757.463465917292
2023-11-29 03:00:00,16.5,90,255.3,2825.4276375579325,3,2,11,0,0.0,0.0,14.1,2857.9113041964406,2878.2338251045317
2023-11-29 04:00:00,19.0,80,444.9,3291.0300174714503,4,2,11,0,0.0,0.0,16.5,3270.2735635616928,3210.1301583261024
2023-11-29 05:00:00,21.6,68,543.0,3652.9222080673785,5,2,11,0,0.0,0.0,19.0,3504.902884405085,3249.2351815452007
2023-11-29 06:00:00,23.3,58,577.0,3781.293704189008,6,2,11,0,1.3000000000000007,0.0,21.6,3560.5302171316503,3586.0566613177
2023-11-29 07:00:00,24.2,53,594.3,4310.296923157956,7,2,11,0,2.1999999999999993,0.0,23.3,3579.037577723843,4135.5599969930445
2023-11-29 08:00:00,24.4,52,515.9,4765.605998514548,8,2,11,0,2.3999999999999986,0.0,24.2,3961.487210700564,4348.31109587521
2023-11-29 09:00:00,24.3,52,462.5,4835.116595310086,9,2,11,0,2.3000000000000007,0.0,24.4,4011.3712566525182,4499.854869923316
2023-11-29 10:00:00,24.1,52,414.6,4875.625589296276,10,2,11,0,2.1000000000000014,0.0,24.3,4017.424981023757,4534.001068685656
2023-11-29 11:00:00,23.3,57,294.8,4618.196978688871,11,2,11,0,1.3000000000000007,0.0,24.1,4407.893683490097,4568.864463218925
2023-11-29 12:00:00,22.4,58,85.1,4395.994261871596,12,2,11,0,0.3999999999999986,0.0,23.3,4260.580476955807,4378.826456494632
2023-11-29 13:00:00,19.0,82,0.0,4366.878506668207,13,2,11,0,0.0,0.0,22.4,4176.361666188613,4331.667215674922
2023-11-29 14:00:00,18.1,87,0.0,4106.671240126186,14,2,11,0,0.0,0.0,19.0,4154.844142737949,4144.929557769101
2023-11-29 15:00:00,17.7,88,0.0,4326.031312195668,15,2,11,0,0.0,0.0,18.1,4035.8723126153272,3994.1696503583707
2023-11-29 16:00:00,18.3,84,0.0,3771.953674014588,16,2,11,0,0.0,0.0,17.7,4213.385459332133,3882.8019379373886
2023-11-29 17:00:00,18.3,83,0.0,3680.1963903981514,17,2,11,0,0.0,0.0,18.3,3735.637938089772,3583.1290401782676
2023-11-29 18:00:00,16.1,91,0.0,3388.481102650854,18,2,11,0,0.0,0.0,18.3,3561.735859048528,3549.5082826262096
2023-11-29 19:00:00,17.7,84,0.0,3273.915287554866,19,2,11,0,0.0,0.0,16.1,3067.060602873401,3187.93349511077
2023-11-29 20:00:00,17.5,85,0.0,3194.553542915525,20,2,11,0,0.0,0.0,17.7,3139.102941136904,3144.8348399792762
2023-11-29 21:00:00,16.4,90,0.0,2933.173071041987,21,2,11,0,0.0,0.0,17.5,2839.6765850490974,2946.072861814521
2023-11-29 22:00:00,15.0,94,0.0,2828.4454056190752,22,2,11,0,0.0,0.0,16.4,2551.924879098482,2769.5613813927957
2023-11-29 23:00:00,14.2,96,0.0,3084.434238145398,23,2,11,0,0.0,0.8000000000000007,15.0,2901.563337277014,2736.6579237471988
2023-11-30 00:00:00,14.1,96,0.0,2951.0028176413803,0,3,11,0,0.0,0.9000000000000004,14.2,2747.3439480966504,2748.8499057423846
2023-11-30 01:00:00,15.9,94,0.0,3084.546490333464,1,3,11,0,0.0,0.0,14.1,2871.968593587309,2727.2013857538973
2023-11-30 02:00:00,15.6,90,13.7,2655.4735123319265,2,3,11,0,0.0,0.0,15.9,2974.257609127744,2762.7753501830693
2023-11-30 03:00:00,17.0,89,149.3,2830.7954628882558,3,3,11,0,0.0,0.0,15.6,2825.4276375579325,2883.4805594483814
2023-11-30 04:00:00,18.2,84,320.2,3211.5738732952736,4,3,11,0,0.0,0.0,17.0,3291.0300174714503,3186.3528385178925
2023-11-30 05:00:00,19.2,74,315.0,3212.186653482631,5,3,11,0,0.0,0.0,18.2,3652.9222080673785,3278.150713601863
2023-11-30 06:00:00,20.9,69,344.7,3187.651751613796,6,3,11,0,0.0,0.0,19.2,3781.293704189008,3251.539360163596
2023-11-30 07:00:00,21.3,68,386.1,4081.015057432449,7,3,11,0,0.0,0.0,20.9,4310.296923157956,3632.4995641883374
2023-11-30 08:00:00,21.7,66,286.2,4136.769687696611,8,3,11,0,0.0,0.0,21.3,4765.605998514548,3866.0279236820193
2023-11-30 09:00:00,21.6,66,390.5,4012.0032721585,9,3,11,0,0.0,0.0,21.7,4835.116595310086,4148.083067044212
2023-11-30 10:00:00,21.4,66,309.4,4473.941951140723,10,3,11,0,0.0,0.0,21.6,4875.625589296276,4288.477820226603
2023-11-30 11:00:00,20.9,68,265.0,4025.50397237798,11,3,11,0,0.0,0.0,21.4,4618.196978688871,4374.183496689202
2023-11-30 12:00:00,19.2,77,75.9,4158.478880001283,12,3,11,0,0.0,0.0,20.9,4395.994261871596,4337.263085126217
2023-11-30 13:00:00,18.6,84,0.0,4243.406085619617,13,3,11,0,0.0,0.0,19.2,4366.878506668207,4308.132019504157
2023-11-30 14:00:00,17.5,91,0.0,4082.968643167962,14,3,11,0,0.0,0.0,18.6,4106.671240126186,4132.1140889049875
2023-11-30 15:00:00,16.4,95,0.0,3959.267626343103,15,3,11,0,0.0,0.0,17.5,4326.031312195668,4066.070030059495
2023-11-30 16:00:00,16.3,95,0.0,4111.494011074363,16,3,11,0,0.0,0.0,16.4,3771.953674014588,3797.3049734206343
2023-11-30 17:00:00,15.9,95,0.0,3662.8974097134665,17,3,11,0,0.0,0.0,16.3,3680.1963903981514,3741.2933149160426
2023-11-30 18:00:00,15.0,97,0.0,3483.550855162871,18,3,11,0,0.0,0.0,15.9,3388.481102650854,3612.37292444898
2023-11-30 19:00:00,14.9,97,0.0,3212.9267539379985,19,3,11,0,0.0,0.09999999999999964,15.0,3273.915287554866,3243.5601276596244
2023-11-30 20:00:00,14.8,97,0.0,3219.9777022693306,20,3,11,0,0.0,0.1999999999999993,14.9,3194.553542915525,3151.3146939586904
2023-11-30 21:00:00,14.4,97,0.0,3140.9850345855084,21,3,11,0,0.0,0.5999999999999996,14.8,2933.173071041987,3015.5209354098483
2023-11-30 22:00:00,14.5,97,0.0,2798.485853230088,22,3,11,0,0.0,0.5,14.4,2828.4454056190752,2795.1821549668357
2023-11-30 23:00:00,14.0,97,0.0,2639.868418078715,23,3,11,0,0.0,1.0,14.5,3084.434238145398,2755.4804698859616
2023-12-01 00:00:00,13.8,97,0.0,2796.33630515777,0,4,12,0,0.0,1.1999999999999993,14.0,2951.0028176413803,2801.7803346412056
2023-12-01 01:00:00,15.8,96,0.0,2899.071456969228,1,4,12,0,0.0,0.0,13.8,3084.546490333464,2758.09688050071
2023-12-01 02:00:00,15.9,94,14.0,2806.531498093137,2,4,12,0,0.0,0.0,15.8,2655.4735123319265,2795.8453242625637
2023-12-01 03:00:00,17.3,89,171.6,3122.4591946177766,3,4,12,0,0.0,0.0,15.9,2830.7954628882558,2895.4949144756542
2023-12-01 04:00:00,18.7,82,268.9,3018.4801737208754,4,4,12,0,0.0,0.0,17.3,3211.5738732952736,3214.029857697287
2023-12-01 05:00:00,20.6,74,391.5,3186.3681226397466,5,4,12,0,0.0,0.0,18.7,3212.186653482631,3293.192520374498
2023-12-01 06:00:00,22.2,68,506.6,3673.823495745007,6,4,12,0,0.1999999999999993,0.0,20.6,3187.651751613796,3427.8649109747907
2023-12-01 07:00:00,23.3,63,576.4,4056.495799435293,7,4,12,0,1.3000000000000007,0.0,22.2,4081.015057432449,3667.342029777041
2023-12-01 08:00:00,24.0,58,596.9,4457.302887265794,8,4,12,0,2.0,0.0,23.3,4136.769687696611,4444.340537314023
2023-12-01 09:00:00,24.2,55,507.4,5114.336136604054,9,4,12,0,2.1999999999999993,0.0,24.0,4012.0032721585,4461.118749900359
2023-12-01 10:00:00,23.9,54,407.3,4725.230015311699,10,4,12,0,1.8999999999999986,0.0,24.2,4473.941951140723,4753.192671696685
2023-12-01 11:00:00,23.1,58,277.2,4415.097414202056,11,4,12,0,1.1000000000000014,0.0,23.9,4025.50397237798,4267.902375732425
2023-12-01 12:00:00,20.2,71,76.1,4177.988619935202,12,4,12,0,0.0,0.0,23.1,4158.478880001283,4324.647606093926
2023-12-01 13:00:00,19.3,82,0.0,4296.870877568973,13,4,12,0,0.0,0.0,20.2,4243.406085619617,4303.98966821764
2023-12-01 14:00:00,18.8,82,0.0,3903.988884786146,14,4,12,0,0.0,0.0,19.3,4082.968643167962,4147.527358051237
2023-12-01 15:00:00,18.1,85,0.0,4050.415339919688,15,4,12,0,0.0,0.0,18.8,3959.267626343103,3948.067580444169
2023-12-01 16:00:00,17.7,86,0.0,3804.835008393369,16,4,12,0,0.0,0.0,18.1,4111.494011074363,3956.594857765142
2023-12-01 17:00:00,16.9,88,0.0,3602.538354069732,17,4,12,0,0.0,0.0,17.7,3662.8974097134665,3655.311923735253
2023-12-01 18:00:00,16.2,90,0.0,3285.5153546596225,18,4,12,0,0.0,0.0,16.9,3483.550855162871,3549.5464496397685
2023-12-01 19:00:00,15.6,92,0.0,3421.9039981638834,19,4,12,0,0.0,0.0,16.2,3212.9267539379985,3213.628576563162
2023-12-01 20:00:00,14.8,94,0.0,2888.414884663772,20,4,12,0,0.0,0.1999999999999993,15.6,3219.9777022693306,3141.1798900164767
2023-12-01 21:00:00,14.3,95,0.0,2918.0189167423114,21,4,12,0,0.0,0.6999999999999993,14.8,3140.9850345855084,2930.9260841101877
2023-12-01 22:00:00,13.9,96,0.0,3230.807489419643,22,4,12,0,0.0,1.0999999999999996,14.3,2798.485853230088,2828.509940388115
2023-12-01 23:00:00,13.6,96,0.0,2900.1233700622224,23,4,12,0,0.0,1.4000000000000004,13.9,2639.868418078715,2840.9950696492765
2023-12-02 00:00:00,13.2,96,0.0,2779.8880065562275,0,5,12,1,0.0,1.8000000000000007,13.6,2796.33630515777,2779.173118466412
2023-12-02 01:00:00,14.2,97,0.0,2951.618422224744,1,5,12,1,0.0,0.8000000000000007,13.2,2899.071456969228,2754.7341156650887
2023-12-02 02:00:00,14.6,97,14.2,3007.6160385174267,2,5,12,1,0.0,0.40000000000000036,14.2,2806.531498093137,2750.68832993005
2023-12-02 03:00:00,16.4,91,204.7,2811.834173568629,3,5,12,1,0.0,0.0,14.6,3122.4591946177766,2847.933840919953
2023-12-02 04:00:00,18.9,81,419.8,3256.811173519083,4,5,12,1,0.0,0.0,16.4,3018.4801737208754,3122.3496313197475
2023-12-02 05:00:00,21.4,70,545.7,2997.2615814826486,5,5,12,1,0.0,0.0,18.9,3186.3681226397466,3280.6203374080146
2023-12-02 06:00:00,23.0,61,614.4,3794.189296857277,6,5,12,1,1.0,0.0,21.4,3673.823495745007,3540.4741261205286
2023-12-02 07:00:00,23.8,55,641.5,4149.181007575913,7,5,12,1,1.8000000000000007,0.0,23.0,4056.495799435293,3939.4846062865277
2023-12-02 08:00:00,24.2,51,553.1,4541.137798484495,8,5,12,1,2.1999999999999993,0.0,23.8,4457.302887265794,4621.99468544345
2023-12-02 09:00:00,24.2,50,495.8,4688.883161501035,9,5,12,1,2.1999999999999993,0.0,24.2,5114.336136604054,4847.485303794305
2023-12-02 10:00:00,24.0,50,439.1,4572.934048316953,10,5,12,1,2.0,0.0,24.2,4725.230015311699,4732.092904719035
2023-12-02 11:00:00,23.0,56,297.1,4527.661672446661,11,5,12,1,1.0,0.0,24.0,4415.097414202056,4495.769367533816
2023-12-02 12:00:00,20.0,68,85.8,4099.559116837609,12,5,12,1,0.0,0.0,23.0,4177.988619935202,4336.4639097023055
2023-12-02 13:00:00,19.0,74,0.0,4079.327950938504,13,5,12,1,0.0,0.0,20.0,4296.870877568973,4321.518086343755
2023-12-02 14:00:00,18.1,78,0.0,4295.238816956592,14,5,12,1,0.0,0.0,19.0,3903.988884786146,4001.0422011433748
2023-12-02 15:00:00,16.9,83,0.0,4166.651688233762,15,5,12,1,0.0,0.0,18.1,4050.415339919688,4014.5495564275443
2023-12-02 16:00:00,16.2,85,0.0,4107.987827838169,16,5,12,1,0.0,0.0,16.9,3804.835008393369,3784.9756673218303
2023-12-02 17:00:00,15.4,88,0.0,3625.059999683578,17,5,12,1,0.0,0.0,16.2,3602.538354069732,3689.2394080139943
2023-12-02 18:00:00,14.8,89,0.0,3377.5281889260946,18,5,12,1,0.0,0.1999999999999993,15.4,3285.5153546596225,3504.601794848297
2023-12-02 19:00:00,14.0,91,0.0,3400.2821380382397,19,5,12,1,0.0,1.0,14.8,3421.9039981638834,3304.7711198119146
2023-12-02 20:00:00,13.4,92,0.0,3145.116038334957,20,5,12,1,0.0,1.5999999999999996,14.0,2888.414884663772,2982.6491925774817
2023-12-02 21:00:00,13.1,92,0.0,3058.3447281004424,21,5,12,1,0.0,1.9000000000000004,13.4,2918.0189167423114,3048.0408191509505
2023-12-02 22:00:00,12.5,93,0.0,2948.8746749178767,22,5,12,1,0.0,2.5,13.1,3230.807489419643,3021.394942575195
2023-12-02 23:00:00,12.2,94,0.0,2824.1521742945943,23,5,12,1,0.0,2.8000000000000007,12.5,2900.1233700622224,3141.6146048038554
2023-12-03 00:00:00,12.5,93,0.0,3188.0152333364817,0,6,12,1,0.0,2.5,12.2,2779.8880065562275,2988.1510257744835
2023-12-03 01:00:00,13.1,95,0.0,2664.400880420611,1,6,12,1,0.0,1.9000000000000004,12.5,2951.618422224744,2939.534704266527
2023-12-03 02:00:00,12.8,97,14.5,2845.5526284621665,2,6,12,1,0.0,2.1999999999999993,13.1,3007.6160385174267,2874.7121972900222
2023-12-03 03:00:00,15.5,89,249.1,3064.765959655193,3,6,12,1,0.0,0.0,12.8,2811.834173568629,2955.4284531144517
2023-12-03 04:00:00,18.3,79,444.6,3158.6743670530573,4,6,12,1,0.0,0.0,15.5,3256.811173519083,3182.1473540190323
2023-12-03 05:00:00,20.9,68,562.3,3303.527641058697,5,6,12,1,0.0,0.0,18.3,2997.2615814826486,3039.4722713646047
2023-12-03 06:00:00,22.6,58,626.9,3759.127766514172,6,6,12,1,0.6000000000000014,0.0,20.9,3794.189296857277,3350.494885824405
2023-12-03 07:00:00,23.8,49,649.9,4164.83853254405,7,6,12,1,1.8000000000000007,0.0,22.6,4149.181007575913,4053.686231407788
2023-12-03 08:00:00,24.4,45,639.4,4938.0783850778,8,6,12,1,2.3999999999999986,0.0,23.8,4541.137798484495,4699.4868632516
2023-12-03 09:00:00,24.5,42,594.8,5043.190730534525,9,6,12,1,2.5,0.0,24.4,4688.883161501035,5072.867154976017
2023-12-03 10:00:00,24.2,43,499.4,4860.112135189325,10,6,12,1,2.1999999999999993,0.0,24.5,4572.934048316953,4905.949198880508
2023-12-03 11:00:00,22.9,52,328.5,4545.357331634784,11,6,12,1,0.8999999999999986,0.0,24.2,4527.661672446661,4398.277705674948
2023-12-03 12:00:00,19.9,63,85.9,4499.5677506056745,12,6,12,1,0.0,0.0,22.9,4099.559116837609,4278.148966360343
2023-12-03 13:00:00,20.2,68,0.0,4392.4779268387,13,6,12,1,0.0,0.0,19.9,4079.327950938504,4225.746310633857
2023-12-03 14:00:00,20.5,63,0.0,4064.9048504654174,14,6,12,1,0.0,0.0,20.2,4295.238816956592,4233.6172071959045
2023-12-03 15:00:00,19.0,72,0.0,4061.55508678825,15,6,12,1,0.0,0.0,20.5,4166.651688233762,4021.328542423355
2023-12-03 16:00:00,18.1,80,0.0,4043.273771219456,16,6,12,1,0.0,0.0,19.0,4107.987827838169,3976.326764173841
2023-12-03 17:00:00,17.7,84,0.0,3907.361888562339,17,6,12,1,0.0,0.0,18.1,3625.059999683578,3802.0812628759027
2023-12-03 18:00:00,17.1,85,0.0,3432.1415184153666,18,6,12,1,0.0,0.0,17.7,3377.5281889260946,3452.112965685943
2023-12-03 19:00:00,16.6,85,0.0,3376.4042602558543,19,6,12,1,0.0,0.0,17.1,3400.2821380382397,3280.3609035139434
2023-12-03 20:00:00,15.9,85,0.0,3348.7243209283406,20,6,12,1,0.0,0.0,16.6,3145.116038334957,3106.0435238708615
2023-12-03 21:00:00,15.5,84,0.0,3063.2526170859983,21,6,12,1,0.0,0.0,15.9,3058.3447281004424,2917.613436964659
2023-12-03 22:00:00,14.4,88,0.0,2754.037866633449,22,6,12,1,0.0,0.5999999999999996,15.5,2948.8746749178767,2750.9822371176224
2023-12-03 23:00:00,13.7,89,0.0,2741.863519395463,23,6,12,1,0.0,1.3000000000000007,14.4,2824.1521742945943,2842.0238831533775
2023-12-04 00:00:00,14.2,85,0.0,2834.436397485138,0,0,12,0,0.0,0.8000000000000007,13.7,3188.0152333364817,2696.2827580052112
2023-12-04 01:00:00,14.7,94,0.0,2906.682921159303,1,0,12,0,0.0,0.3000000000000007,14.2,2664.400880420611,2784.083434293925
2023-12-04 02:00:00,14.8,94,14.8,3022.9793865504016,2,0,12,0,0.0,0.1999999999999993,14.7,2845.5526284621665,2782.302189281828
2023-12-04 03:00:00,16.4,87,226.1,2942.8977984391254,3,0,12,0,0.0,0.0,14.8,3064.765959655193,2969.6419120015466
2023-12-04 04:00:00,18.2,75,392.8,3182.397927092267,4,0,12,0,0.0,0.0,16.4,3158.6743670530573,3146.6364957632877
2023-12-04 05:00:00,19.8,65,415.3,3275.296916883013,5,0,12,0,0.0,0.0,18.2,3303.527641058697,3272.488059593069
2023-12-04 06:00:00,21.4,53,439.8,3712.301070002847,6,0,12,0,0.0,0.0,19.8,3759.127766514172,3279.1989296217425
2023-12-04 07:00:00,22.3,47,475.4,3643.91515832694,7,0,12,0,0.3000000000000007,0.0,21.4,4164.83853254405,3617.01263242775
2023-12-04 08:00:00,22.8,46,485.6,4040.49698091028,8,0,12,0,0.8000000000000007,0.0,22.3,4938.0783850778,3859.502093718736
2023-12-04 09:00:00,22.9,45,468.3,4230.694218763091,9,0,12,0,0.8999999999999986,0.0,22.8,5043.190730534525,4196.022193159062
2023-12-04 10:00:00,22.6,46,397.8,4336.444708959072,10,0,12,0,0.6000000000000014,0.0,22.9,4860.112135189325,4350.206117563159
2023-12-04 11:00:00,21.8,50,247.7,4040.988052411423,11,0,12,0,0.0,0.0,22.6,4545.357331634784,4344.263047744451
2023-12-04 12:00:00,19.5,59,76.5,4422.336716536481,12,0,12,0,0.0,0.0,21.8,4499.5677506056745,4357.732005156335
2023-12-04 13:00:00,19.4,64,0.0,4382.64917814954,13,0,12,0,0.0,0.0,19.5,4392.4779268387,4297.3719397565255
2023-12-04 14:00:00,20.0,58,0.0,4275.9589351993845,14,0,12,0,0.0,0.0,19.4,4064.9048504654174,4124.148698424044
2023-12-04 15:00:00,16.6,74,0.0,4069.468094602353,15,0,12,0,0.0,0.0,20.0,4061.55508678825,4018.911986784744
2023-12-04 16:00:00,15.0,86,0.0,3661.9068162978433,16,0,12,0,0.0,0.0,16.6,4043.273771219456,3856.100705387912
2023-12-04 17:00:00,14.3,90,0.0,3516.026680044915,17,0,12,0,0.0,0.6999999999999993,15.0,3907.361888562339,3637.448835895646
2023-12-04 18:00:00,13.7,91,0.0,3462.1114842247503,18,0,12,0,0.0,1.3000000000000007,14.3,3432.1415184153666,3573.0357689751095
2023-12-04 19:00:00,13.0,92,0.0,3742.9286527238537,19,0,12,0,0.0,2.0,13.7,3376.4042602558543,3445.7930542247595
2023-12-04 20:00:00,12.8,90,0.0,3300.5974665641984,20,0,12,0,0.0,2.1999999999999993,13.0,3348.7243209283406,3302.7219665905363
2023-12-04 21:00:00,12.5,90,0.0,2975.2662890793817,21,0,12,0,0.0,2.5,12.8,3063.2526170859983,3080.0895363119657
2023-12-04 22:00:00,12.3,91,0.0,3296.3304226997425,22,0,12,0,0.0,2.6999999999999993,12.5,2754.037866633449,3159.795068681828
2023-12-04 23:00:00,11.5,92,0.0,2838.332360538081,23,0,12,0,0.0,3.5,12.3,2741.863519395463,3146.921675112458
2023-12-05 00:00:00,11.9,90,0.0,2998.5105545757588,0,1,12,0,0.0,3.0999999999999996,11.5,2834.436397485138,3061.1343872935254
2023-12-05 01:00:00,11.9,95,0.0,2980.2461675398918,1,1,12,0,0.0,3.0999999999999996,11.9,2906.682921159303,3027.6218913512007
2023-12-05 02:00:00,12.7,93,15.1,3051.535567757968,2,1,12,0,0.0,2.3000000000000007,11.9,3022.9793865504016,3012.7654627309576
2023-12-05 03:00:00,14.8,85,255.9,2872.018508376881,3,1,12,0,0.0,0.1999999999999993,12.7,2942.8977984391254,3006.6878083797505
2023-12-05 04:00:00,17.2,77,456.4,3201.162896334988,4,1,12,0,0.0,0.0,14.8,3182.397927092267,3136.444108716195
2023-12-05 05:00:00,19.5,68,577.8,3227.756351500973,5,1,12,0,0.0,0.0,17.2,3275.296916883013,3306.18755832555
2023-12-05 06:00:00,21.4,57,645.1,3680.0801168973576,6,1,12,0,0.0,0.0,19.5,3712.301070002847,3371.3937133718237
2023-12-05 07:00:00,22.5,48,674.5,3589.6008194927035,7,1,12,0,0.5,0.0,21.4,3643.91515832694,3837.637010047333
2023-12-05 08:00:00,23.1,44,668.7,4079.0697995956266,8,1,12,0,1.1000000000000014,0.0,22.5,4040.49698091028,3689.3104702266237
2023-12-05 09:00:00,23.2,42,623.1,4488.207343603611,9,1,12,0,1.1999999999999993,0.0,23.1,4230.694218763091,4425.542708986322
2023-12-05 10:00:00,22.9,43,529.6,4382.195747945514,10,1,12,0,0.8999999999999986,0.0,23.2,4336.444708959072,4373.397752406949
2023-12-05 11:00:00,21.6,49,360.2,4381.250302721587,11,1,12,0,0.0,0.0,22.9,4040.988052411423,4171.496631700991
2023-12-05 12:00:00,18.4,61,105.2,4329.690585894769,12,1,12,0,0.0,0.0,21.6,4422.336716536481,4347.363558144214
2023-12-05 13:00:00,17.8,66,0.0,4057.386180047368,13,1,12,0,0.0,0.0,18.4,4382.64917814954,4305.615277763226
2023-12-05 14:00:00,16.8,69,0.0,4253.075760240475,14,1,12,0,0.0,0.0,17.8,4275.9589351993845,4162.06429191413
2023-12-05 15:00:00,15.9,73,0.0,4489.469882449103,15,1,12,0,0.0,0.0,16.8,4069.468094602353,3999.4420203402537
2023-12-05 16:00:00,15.1,76,0.0,4209.126460700777,16,1,12,0,0.0,0.0,15.9,3661.9068162978433,3799.0205845345363
2023-12-05 17:00:00,14.7,77,0.0,3822.441526618456,17,1,12,0,0.0,0.3000000000000007,15.1,3516.026680044915,3702.174959872255
2023-12-05 18:00:00,14.3,79,0.0,3461.7604873208343,18,1,12,0,0.0,0.6999999999999993,14.7,3462.1114842247503,3612.9583407399555
2023-12-05 19:00:00,13.8,81,0.0,3647.272842466053,19,1,12,0,0.0,1.1999999999999993,14.3,3742.9286527238537,3414.549952336281
2023-12-05 20:00:00,13.3,83,0.0,3167.5522785718317,20,1,12,0,0.0,1.6999999999999993,13.8,3300.5974665641984,3299.3421718589143
2023-12-05 21:00:00,12.8,85,0.0,3375.690890151097,21,1,12,0,0.0,2.1999999999999993,13.3,2975.2662890793817,3084.654563750405
2023-12-05 22:00:00,12.4,87,0.0,3214.6606321655863,22,1,12,0,0.0,2.5999999999999996,12.8,3296.3304226997425,3050.4741940559743
2023-12-05 23:00:00,12.1,88,0.0,3008.330969437072,23,1,12,0,0.0,2.9000000000000004,12.4,2838.332360538081,3172.696635597745
2023-12-06 00:00:00,11.9,90,0.0,2913.779888880916,0,2,12,0,0.0,3.0999999999999996,12.1,2998.5105545757588,3001.741038354725
2023-12-06 01:00:00,11.7,94,0.0,2932.298044021405,1,2,12,0,0.0,3.3000000000000007,11.9,2980.2461675398918,3050.5517351566855
2023-12-06 02:00:00,11.7,95,15.4,3192.156712731623,2,2,12,0,0.0,3.3000000000000007,11.7,3051.535567757968,3067.4057874366686
2023-12-06 03:00:00,14.0,88,264.8,3074.7361566274185,3,2,12,0,0.0,1.0,11.7,2872.018508376881,2890.7065558302916
2023-12-06 04:00:00,16.5,80,470.7,3073.506829425843,4,2,12,0,0.0,0.0,14.0,3201.162896334988,3173.124182239852
2023-12-06 05:00:00,18.8,72,596.6,3378.9271958993745,5,2,12,0,0.0,0.0,16.5,3227.756351500973,3286.200603574876
2023-12-06 06:00:00,20.9,64,662.7,3485.699836347192,6,2,12,0,0.0,0.0,18.8,3680.0801168973576,3422.8931330035366
2023-12-06 07:00:00,22.4,56,690.7,3508.0444436550624,7,2,12,0,0.3999999999999986,0.0,20.9,3589.6008194927035,3770.9189626915286
2023-12-06 08:00:00,23.3,47,683.3,4241.272998510543,8,2,12,0,1.3000000000000007,0.0,22.4,4079.0697995956266,3803.076076406644
2023-12-06 09:00:00,23.6,45,639.0,4583.541458304049,9,2,12,0,1.6000000000000014,0.0,23.3,4488.207343603611,4569.336746102339
2023-12-06 10:00:00,23.3,45,542.2,4576.034425344473,10,2,12,0,1.3000000000000007,0.0,23.6,4382.195747945514,4558.8022800818835
2023-12-06 11:00:00,21.8,57,368.1,4327.20034006594,11,2,12,0,0.0,0.0,23.3,4381.250302721587,4328.834355142048
2023-12-06 12:00:00,17.9,69,105.2,4254.583814055551,12,2,12,0,0.0,0.0,21.8,4329.690585894769,4350.33255748461
2023-12-06 13:00:00,17.4,74,0.0,4134.790400170874,13,2,12,0,0.0,0.0,17.9,4057.386180047368,4200.222272236184
2023-12-06 14:00:00,16.6,77,0.0,4251.681547005579,14,2,12,0,0.0,0.0,17.4,4253.075760240475,4152.70623927061
2023-12-06 15:00:00,15.4,82,0.0,3892.992697798691,15,2,12,0,0.0,0.0,16.6,4489.469882449103,4068.3429375287906
2023-12-06 16:00:00,14.6,86,0.0,3861.7482301775312,16,2,12,0,0.0,0.40000000000000036,15.4,4209.126460700777,3853.937310734652
2023-12-06 17:00:00,14.2,87,0.0,3882.227289326202,17,2,12,0,0.0,0.8000000000000007,14.6,3822.441526618456,3585.6936988260068
2023-12-06 18:00:00,13.9,88,0.0,3443.9005484451022,18,2,12,0,0.0,1.0999999999999996,14.2,3461.7604873208343,3646.302175270645
2023-12-06 19:00:00,13.1,90,0.0,3488.951828677453,19,2,12,0,0.0,1.9000000000000004,13.9,3647.272842466053,3528.4178089778607
2023-12-06 20:00:00,12.5,91,0.0,3381.1890181488734,20,2,12,0,0.0,2.5,13.1,3167.5522785718317,3246.387543675876
2023-12-06 21:00:00,12.2,92,0.0,3136.513055580603,21,2,12,0,0.0,2.8000000000000007,12.5,3375.690890151097,3154.531989483377
2023-12-06 22:00:00,11.9,93,0.0,2884.198989604497,22,2,12,0,0.0,3.0999999999999996,12.2,3214.6606321655863,3168.679262419765
2023-12-06 23:00:00,11.6,94,0.0,3196.082146217302,23,2,12,0,0.0,3.4000000000000004,11.9,3008.330969437072,3147.282413052281
2023-12-07 00:00:00,11.6,94,0.0,3184.219834489741,0,3,12,0,0.0,3.4000000000000004,11.6,2913.779888880916,3093.7902209711174
2023-12-07 01:00:00,11.6,97,0.0,3059.5561862508853,1,3,12,0,0.0,3.4000000000000004,11.6,2932.298044021405,3101.3036490189593
2023-12-07 02:00:00,12.0,97,15.7,3223.014860450191,2,3,12,0,0.0,3.0,11.6,3192.156712731623,3079.123567514991
2023-12-07 03:00:00,14.2,91,208.2,2955.0849193859262,3,3,12,0,0.0,0.8000000000000007,12.0,3074.7361566274185,3008.967457621496
2023-12-07 04:00:00,17.1,82,420.6,3120.9051994276106,4,3,12,0,0.0,0.0,14.2,3073.506829425843,3127.580550955529
2023-12-07 05:00:00,19.7,72,571.0,3528.494486809104,5,3,12,0,0.0,0.0,17.1,3378.9271958993745,3277.3263933122275
2023-12-07 06:00:00,21.7,63,639.3,3305.2382807390245,6,3,12,0,0.0,0.0,19.7,3485.699836347192,3478.877176867177
2023-12-07 07:00:00,23.2,55,666.9,3702.233647787852,7,3,12,0,1.1999999999999993,0.0,21.7,3508.0444436550624,3867.440962352314
2023-12-07 08:00:00,23.9,49,656.7,4444.235952667384,8,3,12,0,1.8999999999999986,0.0,23.2,4241.272998510543,4377.943692453579
2023-12-07 09:00:00,24.1,46,614.0,4935.853482021335,9,3,12,0,2.1000000000000014,0.0,23.9,4583.541458304049,4860.9665894655345
2023-12-07 10:00:00,23.7,46,521.2,4475.779071448758,10,3,12,0,1.6999999999999993,0.0,24.1,4576.034425344473,4650.820857012581
2023-12-07 11:00:00,22.3,53,356.5,4188.433290927927,11,3,12,0,0.3000000000000007,0.0,23.7,4327.20034006594,4340.196766654797
2023-12-07 12:00:00,19.1,65,105.1,4113.105777763911,12,3,12,0,0.0,0.0,22.3,4254.583814055551,4353.253879944927
2023-12-07 13:00:00,18.7,67,0.0,4351.778362898352,13,3,12,0,0.0,0.0,19.1,4134.790400170874,4282.844116164345
2023-12-07 14:00:00,17.6,70,0.0,4441.713486591981,14,3,12,0,0.0,0.0,18.7,4251.681547005579,4156.6474823336375
2023-12-07 15:00:00,16.3,75,0.0,4213.619230841221,15,3,12,0,0.0,0.0,17.6,3892.992697798691,3917.7156660806627
2023-12-07 16:00:00,15.1,81,0.0,4153.607497324996,16,3,12,0,0.0,0.0,16.3,3861.7482301775312,3793.881704222627
2023-12-07 17:00:00,14.1,86,0.0,3942.579812783023,17,3,12,0,0.0,0.9000000000000004,15.1,3882.227289326202,3600.335827361634
2023-12-07 18:00:00,13.5,88,0.0,3837.215067345142,18,3,12,0,0.0,1.5,14.1,3443.9005484451022,3549.778471920015
2023-12-07 19:00:00,13.2,88,0.0,3608.4506229378526,19,3,12,0,0.0,1.8000000000000007,13.5,3488.951828677453,3514.3612484388177
2023-12-07 20:00:00,12.8,89,0.0,3471.905476427335,20,3,12,0,0.0,2.1999999999999993,13.2,3381.1890181488734,3266.079825034067
2023-12-07 21:00:00,12.3,91,0.0,3276.5888085581214,21,3,12,0,0.0,2.6999999999999993,12.8,3136.513055580603,3168.6774061282686
2023-12-07 22:00:00,11.9,91,0.0,3090.974112310663,22,3,12,0,0.0,3.0999999999999996,12.3,2884.198989604497,3128.9380974143965
2023-12-07 23:00:00,11.7,92,0.0,3010.102013714022,23,3,12,0,0.0,3.3000000000000007,11.9,3196.082146217302,3226.1787751439674
2023-12-08 00:00:00,11.4,92,0.0,3226.0965771441724,0,4,12,0,0.0,3.5999999999999996,11.7,3184.219834489741,3032.5106090064273
2023-12-08 01:00:00,11.7,94,0.0,2918.350833509398,1,4,12,0,0.0,3.3000000000000007,11.4,3059.5561862508853,3070.7781799397885
2023-12-08 02:00:00,11.9,94,16.0,3125.9982405994533,2,4,12,0,0.0,3.0999999999999996,11.7,3223.014860450191,3073.403688162733
2023-12-08 03:00:00,14.0,85,261.0,2622.396090801452,3,4,12,0,0.0,1.0,11.9,2955.0849193859262,3001.653617010779
2023-12-08 04:00:00,16.8,76,465.8,3297.539409864211,4,4,12,0,0.0,0.0,14.0,3120.9051994276106,3080.9445933760417
2023-12-08 05:00:00,19.3,69,589.8,3597.842596271874,5,4,12,0,0.0,0.0,16.8,3528.494486809104,3259.2921762383976
2023-12-08 06:00:00,21.4,61,658.5,3140.455259679371,6,4,12,0,0.0,0.0,19.3,3305.2382807390245,3426.7356852643898
2023-12-08 07:00:00,22.7,53,684.6,3652.423591926853,7,4,12,0,0.6999999999999993,0.0,21.4,3702.233647787852,3697.6404395947484
2023-12-08 08:00:00,23.5,47,679.4,4265.67955387021,8,4,12,0,1.5,0.0,22.7,4444.235952667384,4080.0255017893646
2023-12-08 09:00:00,23.8,43,637.1,4441.266196594154,9,4,12,0,1.8000000000000007,0.0,23.5,4935.853482021335,4631.78455210755
2023-12-08 10:00:00,23.5,43,543.0,4334.214943222388,10,4,12,0,1.5,0.0,23.8,4475.779071448758,4593.779963635509
2023-12-08 11:00:00,22.2,49,371.8,4387.920231304297,11,4,12,0,0.1999999999999993,0.0,23.5,4188.433290927927,4375.9803929414
2023-12-08 12:00:00,18.9,61,114.5,4076.6253323140218,12,4,12,0,0.0,0.0,22.2,4113.105777763911,4322.72494867139
2023-12-08 13:00:00,18.3,65,0.0,4338.141382938751,13,4,12,0,0.0,0.0,18.9,4351.778362898352,4288.598456744678
2023-12-08 14:00:00,16.7,72,0.0,4366.455986520886,14,4,12,0,0.0,0.0,18.3,4441.713486591981,4175.39787407633
2023-12-08 15:00:00,15.3,78,0.0,3999.6204630414168,15,4,12,0,0.0,0.0,16.7,4213.619230841221,4013.0319851491263
2023-12-08 16:00:00,14.8,80,0.0,3919.9378979142807,16,4,12,0,0.0,0.1999999999999993,15.3,4153.607497324996,3867.098437263508
2023-12-08 17:00:00,14.1,82,0.0,3749.121504643281,17,4,12,0,0.0,0.9000000000000004,14.8,3942.579812783023,3621.961387903005
2023-12-08 18:00:00,13.2,86,0.0,3660.5005828799062,18,4,12,0,0.0,1.8000000000000007,14.1,3837.215067345142,3514.721898501149
2023-12-08 19:00:00,12.6,87,0.0,3458.097815943763,19,4,12,0,0.0,2.4000000000000004,13.2,3608.4506229378526,3556.098045992609
2023-12-08 20:00:00,11.5,90,0.0,3457.203146976441,20,4,12,0,0.0,3.5,12.6,3471.905476427335,3243.0384512824803
2023-12-08 21:00:00,11.3,89,0.0,3210.892164323793,21,4,12,0,0.0,3.6999999999999993,11.5,3276.5888085581214,3350.8592936506197
2023-12-08 22:00:00,11.1,90,0.0,3316.3694932223752,22,4,12,0,0.0,3.9000000000000004,11.3,3090.974112310663,3246.232567124828
2023-12-08 23:00:00,10.9,90,0.0,2965.789530192875,23,4,12,0,0.0,4.1,11.1,3010.102013714022,3097.737868731058
2023-12-09 00:00:00,10.7,90,0.0,3092.367736041936,0,5,12,1,0.0,4.300000000000001,10.9,3226.0965771441724,3141.445443892972
2023-12-09 01:00:00,10.8,91,0.0,3414.6155870817997,1,5,12,1,0.0,4.199999999999999,10.7,2918.350833509398,3110.524451246429
2023-12-09 02:00:00,10.8,91,16.4,3588.8413643163776,2,5,12,1,0.0,4.199999999999999,10.8,3125.9982405994533,3173.655114213358
2023-12-09 03:00:00,13.3,81,270.3,3205.046811263656,3,5,12,1,0.0,1.6999999999999993,10.8,2622.396090801452,2919.823546489798
2023-12-09 04:00:00,16.2,72,483.2,2999.570327311578,4,5,12,1,0.0,0.0,13.3,3297.539409864211,3191.1841732203306
2023-12-09 05:00:00,19.0,61,606.7,3297.713617393487,5,5,12,1,0.0,0.0,16.2,3597.842596271874,3260.2066563332996
2023-12-09 06:00:00,21.0,53,672.7,3413.9522237044107,6,5,12,1,0.0,0.0,19.0,3140.455259679371,3285.229613372746
2023-12-09 07:00:00,22.4,47,699.1,3770.155957506309,7,5,12,1,0.3999999999999986,0.0,21.0,3652.423591926853,3767.150135826018
2023-12-09 08:00:00,23.2,43,692.1,3796.5346018608248,8,5,12,1,1.1999999999999993,0.0,22.4,4265.67955387021,3948.2766165862345
2023-12-09 09:00:00,23.4,40,647.1,4343.34312410362,9,5,12,1,1.3999999999999986,0.0,23.2,4441.266196594154,4490.034755019225
2023-12-09 10:00:00,23.1,40,552.8,4195.68183438099,10,5,12,1,1.1000000000000014,0.0,23.4,4334.214943222388,4458.873491160731
2023-12-09 11:00:00,21.6,46,379.2,4322.16273074869,11,5,12,1,0.0,0.0,23.1,4387.920231304297,4383.308402974935
2023-12-09 12:00:00,18.1,59,114.3,4333.76617774104,12,5,12,1,0.0,0.0,21.6,4076.6253323140218,4261.0882148732635
2023-12-09 13:00:00,17.5,62,0.0,4366.709919928214,13,5,12,1,0.0,0.0,18.1,4338.141382938751,4296.929695117557
2023-12-09 14:00:00,16.5,65,0.0,4096.023677862924,14,5,12,1,0.0,0.0,17.5,4366.455986520886,4183.8318851380645
2023-12-09 15:00:00,15.4,70,0.0,3973.917203942943,15,5,12,1,0.0,0.0,16.5,3999.6204630414168,3909.643556661524
2023-12-09 16:00:00,14.5,73,0.0,3927.4846848295792,16,5,12,1,0.0,0.5,15.4,3919.9378979142807,3801.2680491845795
2023-12-09 17:00:00,13.8,76,0.0,3719.117084792076,17,5,12,1,0.0,1.1999999999999993,14.5,3749.121504643281,3629.1757978666237
2023-12-09 18:00:00,13.0,80,0.0,3540.637391910596,18,5,12,1,0.0,2.0,13.8,3660.5005828799062,3687.20920891473
2023-12-09 19:00:00,12.6,82,0.0,3353.894308204372,19,5,12,1,0.0,2.4000000000000004,13.0,3458.097815943763,3545.2311615191547
2023-12-09 20:00:00,12.2,84,0.0,3497.3824007437865,20,5,12,1,0.0,2.8000000000000007,12.6,3457.203146976441,3229.5843316980317
2023-12-09 21:00:00,11.9,84,0.0,3263.883289867349,21,5,12,1,0.0,3.0999999999999996,12.2,3210.892164323793,3236.981404587079
2023-12-09 22:00:00,11.6,83,0.0,3228.2986511728304,22,5,12,1,0.0,3.4000000000000004,11.9,3316.3694932223752,3184.8444016320627
2023-12-09 23:00:00,11.4,82,0.0,3076.7480097688795,23,5,12,1,0.0,3.5999999999999996,11.6,2965.789530192875,3162.1667702243444
2023-12-10 00:00:00,11.2,82,0.0,2757.4498704963803,0,6,12,1,0.0,3.8000000000000007,11.4,3092.367736041936,3061.579921100552
2023-12-10 01:00:00,10.8,86,0.0,2873.510823736008,1,6,12,1,0.0,4.199999999999999,11.2,3414.6155870817997,3207.976674925627
2023-12-10 02:00:00,10.8,86,16.7,3095.531307037712,2,6,12,1,0.0,4.199999999999999,10.8,3588.8413643163776,3091.3378947700594
2023-12-10 03:00:00,12.8,78,274.0,3090.6856812723004,3,6,12,1,0.0,2.1999999999999993,10.8,3205.046811263656,3030.373202225347
2023-12-10 04:00:00,15.6,68,486.4,2974.164446274437,4,6,12,1,0.0,0.0,12.8,2999.570327311578,3176.0801015433417
2023-12-10 05:00:00,18.2,60,611.3,3381.2127248073166,5,6,12,1,0.0,0.0,15.6,3297.713617393487,3280.7080444428843
2023-12-10 06:00:00,20.3,53,676.5,3396.9216102384835,6,6,12,1,0.0,0.0,18.2,3413.9522237044107,3447.9693313145062
2023-12-10 07:00:00,21.6,45,703.9,3665.58352635489,7,6,12,1,0.0,0.0,20.3,3770.155957506309,3405.191724696159
2023-12-10 08:00:00,22.3,41,693.2,4023.900464497844,8,6,12,1,0.3000000000000007,0.0,21.6,3796.5346018608248,3567.1778480935213
2023-12-10 09:00:00,22.5,39,625.4,4307.870697166435,9,6,12,1,0.5,0.0,22.3,4343.34312410362,4204.725279027818
2023-12-10 10:00:00,22.1,40,543.3,4477.482062876326,10,6,12,1,0.10000000000000142,0.0,22.5,4195.68183438099,4392.285788290302
2023-12-10 11:00:00,20.8,46,386.5,4601.858118479232,11,6,12,1,0.0,0.0,22.1,4322.16273074869,4363.9897734068445
2023-12-10 12:00:00,17.8,58,114.0,4303.837927761626,12,6,12,1,0.0,0.0,20.8,4333.76617774104,4336.470211527006
2023-12-10 13:00:00,16.8,64,0.0,4348.555009690244,13,6,12,1,0.0,0.0,17.8,4366.709919928214,4292.772873090872
2023-12-10 14:00:00,15.7,69,0.0,4504.480495562066,14,6,12,1,0.0,0.0,16.8,4096.023677862924,4114.585287460042
2023-12-10 15:00:00,14.9,72,0.0,4413.275996634178,15,6,12,1,0.0,0.09999999999999964,15.7,3973.917203942943,3926.1264999280543
2023-12-10 16:00:00,14.0,76,0.0,3895.3902054300793,16,6,12,1,0.0,1.0,14.9,3927.4846848295792,3798.973034413453
2023-12-10 17:00:00,13.2,79,0.0,3813.440612512944,17,6,12,1,0.0,1.8000000000000007,14.0,3719.117084792076,3667.351062344824
2023-12-10 18:00:00,12.4,82,0.0,3604.8194568821914,18,6,12,1,0.0,2.5999999999999996,13.2,3540.637391910596,3704.9701231142926
2023-12-10 19:00:00,11.4,86,0.0,3570.280003198432,19,6,12,1,0.0,3.5999999999999996,12.4,3353.894308204372,3393.3310485337033
2023-12-10 20:00:00,10.4,89,0.0,3501.039818300245,20,6,12,1,0.0,4.6,11.4,3497.3824007437865,3399.450235714203
2023-12-10 21:00:00,10.1,89,0.0,3249.0545206501074,21,6,12,1,0.0,4.9,10.4,3263.883289867349,3514.850302073254
2023-12-10 22:00:00,9.8,89,0.0,3241.3792984458914,22,6,12,1,0.0,5.199999999999999,10.1,3228.2986511728304,3538.5356747175356
2023-12-10 23:00:00,10.0,89,0.0,3132.119766100578,23,6,12,1,0.0,5.0,9.8,3076.7480097688795,3341.6722939467472
2023-12-11 00:00:00,9.9,90,0.0,3184.619528797519,0,0,12,0,0.0,5.1,10.0,2757.4498704963803,3308.9649984806906
2023-12-11 01:00:00,9.1,95,0.0,3478.969961862701,1,0,12,0,0.0,5.9,9.9,2873.510823736008,3412.98046498447
2023-12-11 02:00:00,9.1,95,17.0,3557.915691677535,2,0,12,0,0.0,5.9,9.1,3095.531307037712,3491.4809075635403
2023-12-11 03:00:00,11.9,86,266.2,2818.2848351303514,3,0,12,0,0.0,3.0999999999999996,9.1,3090.6856812723004,3205.5924788645816
2023-12-11 04:00:00,15.6,74,475.1,2986.405658255532,4,0,12,0,0.0,0.0,11.9,2974.164446274437,3162.6106420030783
2023-12-11 05:00:00,18.4,63,601.5,3383.7604462230006,5,0,12,0,0.0,0.0,15.6,3381.2127248073166,3238.928763998177
2023-12-11 06:00:00,20.3,53,666.3,3294.4154905084124,6,0,12,0,0.0,0.0,18.4,3396.9216102384835,3485.107364514691
2023-12-11 07:00:00,21.4,47,689.2,3683.169593396037,7,0,12,0,0.0,0.0,20.3,3665.58352635489,3639.9594294001035
2023-12-11 08:00:00,22.1,43,679.2,3691.517187292944,8,0,12,0,0.10000000000000142,0.0,21.4,4023.900464497844,3635.891489207961
2023-12-11 09:00:00,22.3,40,635.2,4062.724778335836,9,0,12,0,0.3000000000000007,0.0,22.1,4307.870697166435,4176.657442731358
2023-12-11 10:00:00,21.9,40,540.9,4184.463397526935,10,0,12,0,0.0,0.0,22.3,4477.482062876326,4313.377815034932
2023-12-11 11:00:00,20.4,56,374.2,4007.439303813024,11,0,12,0,0.0,0.0,21.9,4601.858118479232,4327.3286855301985
2023-12-11 12:00:00,20.0,47,113.7,4201.506100584136,12,0,12,0,0.0,0.0,20.4,4303.837927761626,4267.927362660285
2023-12-11 13:00:00,19.5,48,0.0,4276.175919518022,13,0,12,0,0.0,0.0,20.0,4348.555009690244,4251.652334328134
2023-12-11 14:00:00,18.4,53,0.0,4078.129481722253,14,0,12,0,0.0,0.0,19.5,4504.480495562066,4166.039598701753
2023-12-11 15:00:00,16.7,61,0.0,4058.468796907331,15,0,12,0,0.0,0.0,18.4,4413.275996634178,4050.7917157219554
2023-12-11 16:00:00,13.6,74,0.0,4079.133276847433,16,0,12,0,0.0,1.4000000000000004,16.7,3895.3902054300793,3799.340856111553
2023-12-11 17:00:00,12.3,78,0.0,3944.453470485122,17,0,12,0,0.0,2.6999999999999993,13.6,3813.440612512944,3648.045713430809
2023-12-11 18:00:00,11.6,80,0.0,3779.365371742856,18,0,12,0,0.0,3.4000000000000004,12.3,3604.8194568821914,3758.9241149344207
2023-12-11 19:00:00,10.8,83,0.0,3679.196239550544,19,0,12,0,0.0,4.199999999999999,11.6,3570.280003198432,3682.465917341145
2023-12-11 20:00:00,10.4,85,0.0,3518.085383175454,20,0,12,0,0.0,4.6,10.8,3501.039818300245,3487.2813042010225
2023-12-11 21:00:00,10.3,86,0.0,3398.746773054369,21,0,12,0,0.0,4.699999999999999,10.4,3249.0545206501074,3489.5323041040747
2023-12-11 22:00:00,10.0,87,0.0,3698.035744633225,22,0,12,0,0.0,5.0,10.3,3241.3792984458914,3563.606003469364
2023-12-11 23:00:00,9.9,87,0.0,3658.3603177900286,23,0,12,0,0.0,5.1,10.0,3132.119766100578,3421.050715544725
2023-12-12 00:00:00,9.6,89,0.0,3239.4217269776245,0,1,12,0,0.0,5.4,9.9,3184.619528797519,3345.052942331119
2023-12-12 01:00:00,9.3,91,0.0,3421.047042020616,1,1,12,0,0.0,5.699999999999999,9.6,3478.969961862701,3363.5369446204527
2023-12-12 02:00:00,9.4,92,17.4,3454.878662245022,2,1,12,0,0.0,5.6,9.3,3557.915691677535,3487.4312253331323
2023-12-12 03:00:00,12.7,81,252.3,3145.0383307094767,3,1,12,0,0.0,2.3000000000000007,9.4,2818.2848351303514,3046.142531519309
2023-12-12 04:00:00,15.8,71,457.9,3102.876354226131,4,1,12,0,0.0,0.0,12.7,2986.405658255532,3158.666313837025
2023-12-12 05:00:00,18.5,62,583.3,3191.5347166846623,5,1,12,0,0.0,0.0,15.8,3383.7604462230006,3234.40398897231
2023-12-12 06:00:00,20.5,56,649.1,3810.054778043878,6,1,12,0,0.0,0.0,18.5,3294.4154905084124,3425.622742882254
2023-12-12 07:00:00,21.7,52,674.3,3686.3761658496496,7,1,12,0,0.0,0.0,20.5,3683.169593396037,3647.4443552111916
2023-12-12 08:00:00,22.3,49,666.8,3955.170332568982,8,1,12,0,0.3000000000000007,0.0,21.7,3691.517187292944,3809.7510645609664
2023-12-12 09:00:00,22.8,44,613.1,3993.860047400549,9,1,12,0,0.8000000000000007,0.0,22.3,4062.724778335836,3988.8486685995767
2023-12-12 10:00:00,22.8,42,528.8,4287.725901451094,10,1,12,0,0.8000000000000007,0.0,22.8,4184.463397526935,4399.215821664301
2023-12-12 11:00:00,21.4,68,350.4,4396.811437907674,11,1,12,0,0.0,0.0,22.8,4007.439303813024,4064.2780017039063
2023-12-12 12:00:00,20.7,51,103.9,4105.634317039732,12,1,12,0,0.0,0.0,21.4,4201.506100584136,4275.303360133445
2023-12-12 13:00:00,19.4,52,0.0,4347.898929156471,13,1,12,0,0.0,0.0,20.7,4276.175919518022,4235.235548668115
2023-12-12 14:00:00,18.5,55,0.0,4539.435286507799,14,1,12,0,0.0,0.0,19.4,4078.129481722253,4112.078354537406
2023-12-12 15:00:00,17.7,59,0.0,4098.22489306916,15,1,12,0,0.0,0.0,18.5,4058.468796907331,4007.1159949882385
2023-12-12 16:00:00,13.5,79,0.0,4094.102297847685,16,1,12,0,0.0,1.5,17.7,4079.133276847433,3892.7274487308223
2023-12-12 17:00:00,12.7,84,0.0,4338.773469216676,17,1,12,0,0.0,2.3000000000000007,13.5,3944.453470485122,3651.06706382778
2023-12-12 18:00:00,13.9,76,0.0,3722.088597246837,18,1,12,0,0.0,1.0999999999999996,12.7,3779.365371742856,3534.806927897968
2023-12-12 19:00:00,13.3,77,0.0,3454.937114219809,19,1,12,0,0.0,1.6999999999999993,13.9,3679.196239550544,3512.9935488242268
2023-12-12 20:00:00,13.0,77,0.0,3406.192080455977,20,1,12,0,0.0,2.0,13.3,3518.085383175454,3243.3996113550675
2023-12-12 21:00:00,12.1,81,0.0,3455.0647920323445,21,1,12,0,0.0,2.9000000000000004,13.0,3398.746773054369,3146.468204458799
2023-12-12 22:00:00,11.5,83,0.0,3359.6858519725665,22,1,12,0,0.0,3.5,12.1,3698.035744633225,3075.665652447866
2023-12-12 23:00:00,11.4,82,0.0,3135.108090294343,23,1,12,0,0.0,3.5999999999999996,11.5,3658.3603177900286,3121.5786667505927
2023-12-13 00:00:00,12.5,77,0.0,2988.130808614077,0,2,12,0,0.0,2.5,11.4,3239.4217269776245,2985.606555342396
2023-12-13 01:00:00,12.3,84,0.0,2921.715886628528,1,2,12,0,0.0,2.6999999999999993,12.5,3421.047042020616,3026.4106143954
2023-12-13 02:00:00,10.4,90,17.8,3467.023986258021,2,2,12,0,0.0,4.6,12.3,3454.878662245022,3182.5118133530864
2023-12-13 03:00:00,13.1,83,255.7,2968.9872917374846,3,2,12,0,0.0,1.9000000000000004,10.4,3145.0383307094767,3077.4777295775475
2023-12-13 04:00:00,16.3,73,460.7,3024.8958619947466,4,2,12,0,0.0,0.0,13.1,3102.876354226131,3101.6204002169275
2023-12-13 05:00:00,18.9,64,587.6,3381.304066857714,5,2,12,0,0.0,0.0,16.3,3191.5347166846623,3307.178013009006
2023-12-13 06:00:00,20.8,55,654.3,3651.280641204663,6,2,12,0,0.0,0.0,18.9,3810.054778043878,3302.325288911346
2023-12-13 07:00:00,21.9,49,682.1,3934.090054300464,7,2,12,0,0.0,0.0,20.8,3686.3761658496496,3628.5099630170293
2023-12-13 08:00:00,22.6,44,674.2,4105.044156823743,8,2,12,0,0.6000000000000014,0.0,21.9,3955.170332568982,3635.9923758933855
2023-12-13 09:00:00,22.8,41,628.3,4084.452832710837,9,2,12,0,0.8000000000000007,0.0,22.6,3993.860047400549,3882.737580997884
2023-12-13 10:00:00,22.5,41,535.6,4267.568304987835,10,2,12,0,0.5,0.0,22.8,4287.725901451094,4355.001084600628
2023-12-13 11:00:00,21.3,46,368.8,4122.762276221892,11,2,12,0,0.0,0.0,22.5,4396.811437907674,4299.988832181558
2023-12-13 12:00:00,17.4,61,112.9,4246.32018426477,12,2,12,0,0.0,0.0,21.3,4105.634317039732,4292.514334870768
2023-12-13 13:00:00,17.3,55,0.0,4265.659354087626,13,2,12,0,0.0,0.0,17.4,4347.898929156471,4250.184122866484
2023-12-13 14:00:00,16.2,58,0.0,4300.982899581991,14,2,12,0,0.0,0.0,17.3,4539.435286507799,4149.033856142438
2023-12-13 15:00:00,14.9,64,0.0,3847.961550627088,15,2,12,0,0.0,0.09999999999999964,16.2,4098.22489306916,3976.3748421432074
2023-12-13 16:00:00,14.0,67,0.0,3966.088795592302,16,2,12,0,0.0,1.0,14.9,4094.102297847685,3904.2816914640557
2023-12-13 17:00:00,13.1,71,0.0,3835.53963392405,17,2,12,0,0.0,1.9000000000000004,14.0,4338.773469216676,3895.1142995198443
2023-12-13 18:00:00,12.4,75,0.0,3867.250616966689,18,2,12,0,0.0,2.5999999999999996,13.1,3722.088597246837,3606.179158712167
2023-12-13 19:00:00,11.6,80,0.0,3770.6214275461375,19,2,12,0,0.0,3.4000000000000004,12.4,3454.937114219809,3542.3784162551096
2023-12-13 20:00:00,10.6,85,0.0,3514.9377073234014,20,2,12,0,0.0,4.4,11.6,3406.192080455977,3372.3443592092053
2023-12-13 21:00:00,10.4,86,0.0,3612.8835218956674,21,2,12,0,0.0,4.6,10.6,3455.0647920323445,3378.0387291654133
2023-12-13 22:00:00,10.1,87,0.0,3337.059149972149,22,2,12,0,0.0,4.9,10.4,3359.6858519725665,3476.5720702297153
2023-12-13 23:00:00,9.9,88,0.0,3180.698974293244,23,2,12,0,0.0,5.1,10.1,3135.108090294343,3421.1329271162763
2023-12-14 00:00:00,9.7,89,0.0,3244.9735592940074,0,3,12,0,0.0,5.300000000000001,9.9,2988.130808614077,3367.633654212244
2023-12-14 01:00:00,9.9,90,0.0,3599.400907923097,1,3,12,0,0.0,5.1,9.7,2921.715886628528,3280.7253145318696
2023-12-14 02:00:00,9.9,90,18.1,3582.4092410263083,2,3,12,0,0.0,5.1,9.9,3467.023986258021,3295.116230786547
2023-12-14 03:00:00,12.1,82,265.2,3116.66054955926,3,3,12,0,0.0,2.9000000000000004,9.9,2968.9872917374846,3058.328378050841
2023-12-14 04:00:00,14.9,72,478.2,2839.8717597057293,4,3,12,0,0.0,0.09999999999999964,12.1,3024.8958619947466,3135.0391671100065
2023-12-14 05:00:00,17.6,62,606.5,3347.782314453831,5,3,12,0,0.0,0.0,14.9,3381.304066857714,3257.0426913837637
2023-12-14 06:00:00,19.7,53,673.4,3445.624005577134,6,3,12,0,0.0,0.0,17.6,3651.280641204663,3539.986173031379
2023-12-14 07:00:00,21.1,45,699.4,3833.746142621089,7,3,12,0,0.0,0.0,19.7,3934.090054300464,3401.0903877739247
2023-12-14 08:00:00,21.9,41,694.8,3797.814467095578,8,3,12,0,0.0,0.0,21.1,4105.044156823743,3732.0606716477223
2023-12-14 09:00:00,22.1,40,643.3,3761.861025324217,9,3,12,0,0.10000000000000142,0.0,21.9,4084.452832710837,4149.464270496779
2023-12-14 10:00:00,21.8,41,547.1,4116.932456303411,10,3,12,0,0.0,0.0,22.1,4267.568304987835,4336.514022437348
2023-12-14 11:00:00,20.5,48,367.8,4188.063281952131,11,3,12,0,0.0,0.0,21.8,4122.762276221892,4303.645957344901
2023-12-14 12:00:00,17.4,60,112.5,4136.575500658423,12,3,12,0,0.0,0.0,20.5,4246.32018426477,4299.811505744019
2023-12-14 13:00:00,16.0,67,0.0,4338.414122885269,13,3,12,0,0.0,0.0,17.4,4265.659354087626,4302.913608453265
2023-12-14 14:00:00,14.5,74,0.0,4146.561019262275,14,3,12,0,0.0,0.5,16.0,4300.982899581991,4158.260039559106
2023-12-14 15:00:00,13.6,77,0.0,4053.8863441879407,15,3,12,0,0.0,1.4000000000000004,14.5,3847.961550627088,3854.1375835050667
2023-12-14 16:00:00,12.9,80,0.0,4020.3695819814825,16,3,12,0,0.0,2.0999999999999996,13.6,3966.088795592302,3802.203184159366
2023-12-14 17:00:00,12.4,81,0.0,3949.968075023581,17,3,12,0,0.0,2.5999999999999996,12.9,3835.53963392405,3609.804641858976
2023-12-14 18:00:00,12.0,83,0.0,3912.226761121613,18,3,12,0,0.0,3.0,12.4,3867.250616966689,3585.0990606962387
2023-12-14 19:00:00,10.8,88,0.0,3879.583959946453,19,3,12,0,0.0,4.199999999999999,12.0,3770.6214275461375,3600.5960901695084
2023-12-14 20:00:00,9.6,91,0.0,3935.230154948179,20,3,12,0,0.0,5.4,10.8,3514.9377073234014,3495.221977750797
2023-12-14 21:00:00,9.3,91,0.0,3646.96685112106,21,3,12,0,0.0,5.699999999999999,9.6,3612.8835218956674,3490.678469177483
2023-12-14 22:00:00,9.1,92,0.0,3490.3877427218563,22,3,12,0,0.0,5.9,9.3,3337.059149972149,3613.255952878257
2023-12-14 23:00:00,8.9,92,0.0,3322.640792862781,23,3,12,0,0.0,6.1,9.1,3180.698974293244,3570.4760876828723
2023-12-15 00:00:00,8.6,93,0.0,3478.241841532591,0,4,12,0,0.0,6.4,8.9,3244.9735592940074,3580.821720981906
2023-12-15 01:00:00,7.5,93,0.0,3941.913670262728,1,4,12,0,0.0,7.5,8.6,3599.400907923097,3672.8598720655923
2023-12-15 02:00:00,7.7,94,18.5,4032.185041575793,2,4,12,0,0.0,7.3,7.5,3582.4092410263083,3864.7385994484225
2023-12-15 03:00:00,10.5,85,268.7,3400.4618977369887,3,4,12,0,0.0,4.5,7.7,3116.66054955926,3403.8802926139115
2023-12-15 04:00:00,14.2,71,475.1,3217.3926734485294,4,4,12,0,0.0,0.8000000000000007,10.5,2839.8717597057293,2949.6608319172637
2023-12-15 05:00:00,17.3,60,615.0,3269.356168454376,5,4,12,0,0.0,0.0,14.2,3347.782314453831,3275.382520870042
2023-12-15 06:00:00,19.5,49,682.0,3405.7222709508624,6,4,12,0,0.0,0.0,17.3,3445.624005577134,3412.4976626288662
2023-12-15 07:00:00,21.0,42,698.9,3839.783477902753,7,4,12,0,0.0,0.0,19.5,3833.746142621089,3401.8086417176823
2023-12-15 08:00:00,21.8,39,690.3,3944.020745498465,8,4,12,0,0.0,0.0,21.0,3797.814467095578,3544.7577449354485
2023-12-15 09:00:00,22.1,39,592.8,4419.859156237919,9,4,12,0,0.10000000000000142,0.0,21.8,3761.861025324217,3729.3940066521054
2023-12-15 10:00:00,21.8,40,489.3,4299.24854946017,10,4,12,0,0.0,0.0,22.1,4116.932456303411,4328.148955072869
2023-12-15 11:00:00,20.3,49,282.6,4474.3574294997725,11,4,12,0,0.0,0.0,21.8,4188.063281952131,4320.218277613673
2023-12-15 12:00:00,17.2,59,93.3,4296.201418484085,12,4,12,0,0.0,0.0,20.3,4136.575500658423,4269.813618454154
2023-12-15 13:00:00,17.7,58,0.0,4263.119369917069,13,4,12,0,0.0,0.0,17.2,4338.414122885269,4265.311066529338
2023-12-15 14:00:00,14.9,70,0.0,4292.230443341486,14,4,12,0,0.0,0.09999999999999964,17.7,4146.561019262275,4078.454667967395
2023-12-15 15:00:00,13.4,76,0.0,4300.36405120331,15,4,12,0,0.0,1.5999999999999996,14.9,4053.8863441879407,4052.064099860004
2023-12-15 16:00:00,12.5,80,0.0,3978.220569131238,16,4,12,0,0.0,2.5,13.4,4020.3695819814825,3876.0263037947875
2023-12-15 17:00:00,12.8,75,0.0,3871.626472878103,17,4,12,0,0.0,2.1999999999999993,12.5,3949.968075023581,3653.6917810461523
2023-12-15 18:00:00,12.1,75,0.0,3783.169461997394,18,4,12,0,0.0,2.9000000000000004,12.8,3912.226761121613,3582.906769292571
2023-12-15 19:00:00,10.9,79,0.0,3722.159464654078,19,4,12,0,0.0,4.1,12.1,3879.583959946453,3558.3889513120507
2023-12-15 20:00:00,10.4,80,0.0,3598.214901630465,20,4,12,0,0.0,4.6,10.9,3935.230154948179,3478.157908027196
2023-12-15 21:00:00,9.9,82,0.0,3458.5437410819254,21,4,12,0,0.0,5.1,10.4,3646.96685112106,3385.999457254218
2023-12-15 22:00:00,9.9,82,0.0,3391.144727230936,22,4,12,0,0.0,5.1,9.9,3490.3877427218563,3405.9167905652494
2023-12-15 23:00:00,9.2,85,0.0,3362.7373804445424,23,4,12,0,0.0,5.800000000000001,9.9,3322.640792862781,3629.0239219046216
2023-12-16 00:00:00,8.2,89,0.0,3367.775142411177,0,5,12,1,0.0,6.800000000000001,9.2,3478.241841532591,3593.203662547191
2023-12-16 01:00:00,7.7,92,0.0,3623.489330846117,1,5,12,1,0.0,7.3,8.2,3941.913670262728,3270.9793339828025
2023-12-16 02:00:00,7.9,93,0.0,3656.269149566485,2,5,12,1,0.0,7.1,7.7,4032.185041575793,3319.7854528920475
2023-12-16 03:00:00,10.9,83,247.5,3276.997468233206,3,5,12,1,0.0,4.1,7.9,3400.4618977369887,3445.1096522870853
2023-12-16 04:00:00,14.8,71,439.2,2947.537232717035,4,5,12,1,0.0,0.1999999999999993,10.9,3217.3926734485294,3215.720695540928
2023-12-16 05:00:00,18.1,58,577.2,3123.755842947065,5,5,12,1,0.0,0.0,14.8,3269.356168454376,3293.549059555436
2023-12-16 06:00:00,20.4,46,625.7,3560.138624408447,6,5,12,1,0.0,0.0,18.1,3405.7222709508624,3444.016972162378
2023-12-16 07:00:00,21.5,42,584.0,3582.6189945684214,7,5,12,1,0.0,0.0,20.4,3839.783477902753,3386.4603511681607
2023-12-16 08:00:00,22.2,41,652.5,3770.191302405214,8,5,12,1,0.1999999999999993,0.0,21.5,3944.020745498465,3600.0925940053066
2023-12-16 09:00:00,22.3,39,630.1,4046.4232641948993,9,5,12,1,0.3000000000000007,0.0,22.2,4419.859156237919,4192.1960109837555
2023-12-16 10:00:00,22.0,38,548.3,4145.16778530357,10,5,12,1,0.0,0.0,22.3,4299.24854946017,4368.039272918462
2023-12-16 11:00:00,20.7,43,384.4,4134.6660593664965,11,5,12,1,0.0,0.0,22.0,4474.3574294997725,4366.043169352164
2023-12-16 12:00:00,16.3,60,120.7,3995.368072369224,12,5,12,1,0.0,0.0,20.7,4296.201418484085,4382.871230473156
2023-12-16 13:00:00,17.4,53,0.0,4410.008356121205,13,5,12,1,0.0,0.0,16.3,4263.119369917069,4252.7166679965685
2023-12-16 14:00:00,15.1,63,0.0,4396.503369736379,14,5,12,1,0.0,0.0,17.4,4292.230443341486,4168.678701662184
2023-12-16 15:00:00,15.1,63,0.0,4260.099983591457,15,5,12,1,0.0,0.0,15.1,4300.36405120331,3992.1905464414826
2023-12-16 16:00:00,14.1,66,0.0,3993.244359228109,16,5,12,1,0.0,0.9000000000000004,15.1,3978.220569131238,3804.257575723266
2023-12-16 17:00:00,12.0,75,0.0,3930.195069527565,17,5,12,1,0.0,3.0,14.1,3871.626472878103,3656.369878871447
2023-12-16 18:00:00,11.0,78,0.0,4058.907721292156,18,5,12,1,0.0,4.0,12.0,3783.169461997394,3696.0127519837115
2023-12-16 19:00:00,10.3,80,0.0,3712.126003717531,19,5,12,1,0.0,4.699999999999999,11.0,3722.159464654078,3645.364884404825
2023-12-16 20:00:00,10.3,79,0.0,3784.301662893719,20,5,12,1,0.0,4.699999999999999,10.3,3598.214901630465,3488.447092754512
2023-12-16 21:00:00,12.1,70,0.0,3196.8987173147666,21,5,12,1,0.0,2.9000000000000004,10.3,3458.5437410819254,3267.224334425072
2023-12-16 22:00:00,12.2,70,0.0,3168.3959642693403,22,5,12,1,0.0,2.8000000000000007,12.1,3391.144727230936,3021.2342671123047
2023-12-16 23:00:00,12.0,71,0.0,2783.7164297726813,23,5,12,1,0.0,3.0,12.2,3362.7373804445424,3077.537532257779
2023-12-17 00:00:00,11.8,72,0.0,3107.019472384882,0,6,12,1,0.0,3.1999999999999993,12.0,3367.775142411177,3025.741075169033
2023-12-17 01:00:00,9.5,86,0.0,3544.9018394031086,1,6,12,1,0.0,5.5,11.8,3623.489330846117,3173.279628865823
2023-12-17 02:00:00,9.5,87,0.0,3536.3270810131626,2,6,12,1,0.0,5.5,9.5,3656.269149566485,3295.497685319807
2023-12-17 03:00:00,12.1,77,244.4,3340.994053713773,3,6,12,1,0.0,2.9000000000000004,9.5,3276.997468233206,3318.486116083854
2023-12-17 04:00:00,16.1,64,453.6,3161.819319270187,4,6,12,1,0.0,0.0,12.1,2947.537232717035,3153.745959828577
2023-12-17 05:00:00,19.0,55,587.5,3357.532249634985,5,6,12,1,0.0,0.0,16.1,3123.755842947065,3296.5241232621497
2023-12-17 06:00:00,20.9,46,655.0,3475.242049349237,6,6,12,1,0.0,0.0,19.0,3560.138624408447,3462.8659760643995
2023-12-17 07:00:00,22.0,42,684.3,3871.321121722146,7,6,12,1,0.0,0.0,20.9,3582.6189945684214,3782.2327047822946
2023-12-17 08:00:00,22.5,40,677.7,3739.020869032493,8,6,12,1,0.5,0.0,22.0,3770.191302405214,3662.46863882531
2023-12-17 09:00:00,22.6,39,633.6,4117.102803217093,9,6,12,1,0.6000000000000014,0.0,22.5,4046.4232641948993,4009.507125571058
2023-12-17 10:00:00,22.3,39,540.3,4336.276999469981,10,6,12,1,0.3000000000000007,0.0,22.6,4145.16778530357,4363.6154772300415
2023-12-17 11:00:00,21.1,44,371.6,4389.4319642655855,11,6,12,1,0.0,0.0,22.3,4134.6660593664965,4344.7971389402455
2023-12-17 12:00:00,17.3,60,120.0,4469.65162029178,12,6,12,1,0.0,0.0,21.1,3995.368072369224,4088.307761329322
2023-12-17 13:00:00,16.8,59,0.0,4396.07253610661,13,6,12,1,0.0,0.0,17.3,4410.008356121205,4296.074706626638
2023-12-17 14:00:00,15.7,63,0.0,4103.636541045665,14,6,12,1,0.0,0.0,16.8,4396.503369736379,4180.320995054398
2023-12-17 15:00:00,14.5,67,0.0,3999.368960088583,15,6,12,1,0.0,0.5,15.7,4260.099983591457,3992.9492172710634
2023-12-17 16:00:00,13.9,69,0.0,3962.6135555987007,16,6,12,1,0.0,1.0999999999999996,14.5,3993.244359228109,3807.542366877686
2023-12-17 17:00:00,13.0,73,0.0,4085.287397396286,17,6,12,1,0.0,2.0,13.9,3930.195069527565,3649.0543920763507
2023-12-17 18:00:00,11.7,80,0.0,3779.837585883941,18,6,12,1,0.0,3.3000000000000007,13.0,4058.907721292156,3660.2597103240714
2023-12-17 19:00:00,11.1,84,0.0,3874.9298406623648,19,6,12,1,0.0,3.9000000000000004,11.7,3712.126003717531,3608.502053389426
2023-12-17 20:00:00,11.0,84,0.0,3471.1735441794062,20,6,12,1,0.0,4.0,11.1,3784.301662893719,3445.94220693287
2023-12-17 21:00:00,10.5,86,0.0,3872.209118340083,21,6,12,1,0.0,4.5,11.0,3196.8987173147666,3307.6306720122466
2023-12-17 22:00:00,9.9,89,0.0,3487.114751817181,22,6,12,1,0.0,5.1,10.5,3168.3959642693403,3422.206382764356
2023-12-17 23:00:00,9.5,90,0.0,3340.090535797096,23,6,12,1,0.0,5.5,9.9,2783.7164297726813,3451.975039984301
2023-12-18 00:00:00,9.3,91,0.0,3295.189990859667,0,0,12,0,0.0,5.699999999999999,9.5,3107.019472384882,3505.761760850637
2023-12-18 01:00:00,9.1,93,0.0,3470.65529179151,1,0,12,0,0.0,5.9,9.3,3544.9018394031086,3495.1730104901617
2023-12-18 02:00:00,9.1,93,0.0,3541.9010336866118,2,0,12,0,0.0,5.9,9.1,3536.3270810131626,3554.893642532281
2023-12-18 03:00:00,11.1,84,253.7,3217.778762407635,3,0,12,0,0.0,3.9000000000000004,9.1,3340.994053713773,3374.710838211731
2023-12-18 04:00:00,13.7,74,465.0,3169.5454748549514,4,0,12,0,0.0,1.3000000000000007,11.1,3161.819319270187,3160.8154661561352
2023-12-18 05:00:00,16.4,64,599.8,2947.3385197948737,5,0,12,0,0.0,0.0,13.7,3357.532249634985,3288.695699391861
2023-12-18 06:00:00,18.7,55,672.1,3592.6895155744887,6,0,12,0,0.0,0.0,16.4,3475.242049349237,3492.535726582635
2023-12-18 07:00:00,20.3,47,701.4,3911.585094161907,7,0,12,0,0.0,0.0,18.7,3871.321121722146,3418.343225941521
2023-12-18 08:00:00,21.2,40,694.6,3978.860826330256,8,0,12,0,0.0,0.0,20.3,3739.020869032493,3540.181920566522
2023-12-18 09:00:00,21.5,36,652.0,3940.955719450637,9,0,12,0,0.0,0.0,21.2,4117.102803217093,4098.818726714751
2023-12-18 10:00:00,21.2,34,563.2,4086.7855296314897,10,0,12,0,0.0,0.0,21.5,4336.276999469981,4257.89202264974
2023-12-18 11:00:00,20.2,38,396.6,4326.666196962536,11,0,12,0,0.0,0.0,21.2,4389.4319642655855,4268.665786607082
2023-12-18 12:00:00,17.5,48,137.7,4054.097021265929,12,0,12,0,0.0,0.0,20.2,4469.65162029178,4285.00636761618
2023-12-18 13:00:00,15.9,56,0.0,4193.595893344285,13,0,12,0,0.0,0.0,17.5,4396.07253610661,4259.95829359872
2023-12-18 14:00:00,14.9,60,0.0,4435.589292626447,14,0,12,0,0.0,0.09999999999999964,15.9,4103.636541045665,4094.6593732355777
2023-12-18 15:00:00,14.1,61,0.0,4300.484643115425,15,0,12,0,0.0,0.9000000000000004,14.9,3999.368960088583,3920.3581405927457
2023-12-18 16:00:00,13.4,63,0.0,3930.93190258224,16,0,12,0,0.0,1.5999999999999996,14.1,3962.6135555987007,3832.9975369357503
2023-12-18 17:00:00,12.6,65,0.0,3989.3801125592927,17,0,12,0,0.0,2.4000000000000004,13.4,4085.287397396286,3852.546467268411
2023-12-18 18:00:00,12.0,68,0.0,3795.6673702092,18,0,12,0,0.0,3.0,12.6,3779.837585883941,3563.13159930648
2023-12-18 19:00:00,11.6,69,0.0,3744.1409515281134,19,0,12,0,0.0,3.4000000000000004,12.0,3874.9298406623648,3522.198498514322
2023-12-18 20:00:00,11.2,71,0.0,3490.887568235872,20,0,12,0,0.0,3.8000000000000007,11.6,3471.1735441794062,3282.8305055923684
2023-12-18 21:00:00,10.8,72,0.0,3415.109304269808,21,0,12,0,0.0,4.199999999999999,11.2,3872.209118340083,3329.040659873237
2023-12-18 22:00:00,10.4,73,0.0,3487.842618980272,22,0,12,0,0.0,4.6,10.8,3487.114751817181,3303.3018824794826
2023-12-18 23:00:00,9.9,75,0.0,3277.1979766639806,23,0,12,0,0.0,5.1,10.4,3340.090535797096,3507.3417053351477
2023-12-19 00:00:00,9.5,77,0.0,3343.716556583608,0,1,12,0,0.0,5.5,9.9,3295.189990859667,3315.9687287760794
2023-12-19 01:00:00,8.7,87,0.0,3402.0639686338354,1,1,12,0,0.0,6.300000000000001,9.5,3470.65529179151,3428.0772043861584
2023-12-19 02:00:00,8.6,87,0.0,3654.231971385952,2,1,12,0,0.0,6.4,8.7,3541.9010336866118,3522.471207821976
2023-12-19 03:00:00,10.4,79,263.2,3556.551283756062,3,1,12,0,0.0,4.6,8.6,3217.778762407635,3433.170846538734
2023-12-19 04:00:00,13.2,69,479.3,3074.219605561911,4,1,12,0,0.0,1.8000000000000007,10.4,3169.5454748549514,3329.5967087268273
2023-12-19 05:00:00,15.9,60,618.5,3251.0952078793243,5,1,12,0,0.0,0.0,13.2,2947.3385197948737,3088.8749897940083
2023-12-19 06:00:00,18.3,54,689.1,3536.449834522101,6,1,12,0,0.0,0.0,15.9,3592.6895155744887,3440.441288978841
2023-12-19 07:00:00,20.0,48,716.7,3832.7137837441383,7,1,12,0,0.0,0.0,18.3,3911.585094161907,3430.9556164015435
2023-12-19 08:00:00,21.0,43,711.3,3827.04852204912,8,1,12,0,0.0,0.0,20.0,3978.860826330256,3606.8773733540597
2023-12-19 09:00:00,21.5,40,668.3,4169.773141073297,9,1,12,0,0.0,0.0,21.0,3940.955719450637,3796.723677980053
2023-12-19 10:00:00,21.2,41,574.0,3886.226979393388,10,1,12,0,0.0,0.0,21.5,4086.7855296314897,4226.315989978234
2023-12-19 11:00:00,20.0,46,402.4,4194.811314378254,11,1,12,0,0.0,0.0,21.2,4326.666196962536,4254.665468153037
2023-12-19 12:00:00,17.1,57,136.9,4367.872858276503,12,1,12,0,0.0,0.0,20.0,4054.097021265929,4200.981695434451
2023-12-19 13:00:00,15.8,61,0.0,4051.847187097652,13,1,12,0,0.0,0.0,17.1,4193.595893344285,4282.737845656746
2023-12-19 14:00:00,14.7,64,0.0,4405.872771361268,14,1,12,0,0.0,0.3000000000000007,15.8,4435.589292626447,4117.680263053517
2023-12-19 15:00:00,14.0,66,0.0,3997.1743295686265,15,1,12,0,0.0,1.0,14.7,4300.484643115425,4048.144870331164
2023-12-19 16:00:00,13.4,67,0.0,3915.20455998213,16,1,12,0,0.0,1.5999999999999996,14.0,3930.93190258224,3820.734813660015
2023-12-19 17:00:00,12.7,69,0.0,3862.542815153435,17,1,12,0,0.0,2.3000000000000007,13.4,3989.3801125592927,3683.5286000106157
2023-12-19 18:00:00,12.0,71,0.0,3809.1474314488473,18,1,12,0,0.0,3.0,12.7,3795.6673702092,3551.011425492926
2023-12-19 19:00:00,11.4,74,0.0,3853.553617772745,19,1,12,0,0.0,3.5999999999999996,12.0,3744.1409515281134,3518.844994135055
2023-12-19 20:00:00,10.8,76,0.0,3414.868551488945,20,1,12,0,0.0,4.199999999999999,11.4,3490.887568235872,3342.280314204138
2023-12-19 21:00:00,10.2,78,0.0,3404.507660884892,21,1,12,0,0.0,4.800000000000001,10.8,3415.109304269808,3344.7101190356816
2023-12-19 22:00:00,10.0,79,0.0,3378.46575308471,22,1,12,0,0.0,5.0,10.2,3487.842618980272,3387.4232936310523
2023-12-19 23:00:00,9.7,80,0.0,3435.946071569559,23,1,12,0,0.0,5.300000000000001,10.0,3277.1979766639806,3528.484648197925
2023-12-20 00:00:00,9.1,84,0.0,3522.793955876247,0,2,12,0,0.0,5.9,9.7,3343.716556583608,3514.841809127561
2023-12-20 01:00:00,7.9,90,0.0,3477.978781262788,1,2,12,0,0.0,7.1,9.1,3402.0639686338354,3628.2691348886233
2023-12-20 02:00:00,7.9,89,0.0,3766.194236946369,2,2,12,0,0.0,7.1,7.9,3654.231971385952,3799.379397879355
2023-12-20 03:00:00,10.0,80,207.8,3635.4432297552007,3,2,12,0,0.0,5.0,7.9,3556.551283756062,3582.9559523229213
2023-12-20 04:00:00,12.8,70,457.4,2886.6992159597726,4,2,12,0,0.0,2.1999999999999993,10.0,3074.219605561911,3208.7719169007755
2023-12-20 05:00:00,15.5,61,577.7,3382.952891003628,5,2,12,0,0.0,0.0,12.8,3251.0952078793243,3298.0998498435742
2023-12-20 06:00:00,17.7,54,642.5,3475.824292141476,6,2,12,0,0.0,0.0,15.5,3536.449834522101,3495.3971604963654
2023-12-20 07:00:00,19.2,49,609.1,3577.8919086991204,7,2,12,0,0.0,0.0,17.7,3832.7137837441383,3409.8392288982873
2023-12-20 08:00:00,20.1,46,574.6,3856.025868100345,8,2,12,0,0.0,0.0,19.2,3827.04852204912,3602.5435233763187
2023-12-20 09:00:00,20.4,45,367.4,4060.9178575904575,9,2,12,0,0.0,0.0,20.1,4169.773141073297,4135.914155604485
2023-12-20 10:00:00,20.2,46,355.0,4108.797382847657,10,2,12,0,0.0,0.0,20.4,3886.226979393388,4000.514484458023
2023-12-20 11:00:00,19.2,50,232.1,4157.916025722162,11,2,12,0,0.0,0.0,20.2,4194.811314378254,4242.401777443737
2023-12-20 12:00:00,16.1,63,54.4,4369.32608659937,12,2,12,0,0.0,0.0,19.2,4367.872858276503,4304.805548218562
2023-12-20 13:00:00,15.5,67,0.0,4389.07002477006,13,2,12,0,0.0,0.0,16.1,4051.847187097652,4183.386753380935
2023-12-20 14:00:00,14.2,74,0.0,4125.293137828902,14,2,12,0,0.0,0.8000000000000007,15.5,4405.872771361268,4137.316064429604
2023-12-20 15:00:00,13.3,78,0.0,4195.180069172493,15,2,12,0,0.0,1.6999999999999993,14.2,3997.1743295686265,3923.3864922871
2023-12-20 16:00:00,12.9,80,0.0,3943.688057996837,16,2,12,0,0.0,2.0999999999999996,13.3,3915.20455998213,3805.9881082374754
2023-12-20 17:00:00,11.9,85,0.0,4118.449147930392,17,2,12,0,0.0,3.0999999999999996,12.9,3862.542815153435,3676.8471080202266
2023-12-20 18:00:00,11.6,85,0.0,3750.520778776273,18,2,12,0,0.0,3.4000000000000004,11.9,3809.1474314488473,3626.4911856200993
2023-12-20 19:00:00,11.2,86,0.0,3611.590538252306,19,2,12,0,0.0,3.8000000000000007,11.6,3853.553617772745,3551.0263015586706
2023-12-20 20:00:00,10.7,87,0.0,3618.812527687289,20,2,12,0,0.0,4.300000000000001,11.2,3414.868551488945,3341.541240188517
2023-12-20 21:00:00,9.7,91,0.0,3840.433278422105,21,2,12,0,0.0,5.300000000000001,10.7,3404.507660884892,3453.7788323714512
2023-12-20 22:00:00,9.3,91,0.0,3156.255587552055,22,2,12,0,0.0,5.699999999999999,9.7,3378.46575308471,3610.1995120682086
2023-12-20 23:00:00,9.1,92,0.0,3322.223936402471,23,2,12,0,0.0,5.9,9.3,3435.946071569559,3566.683370093366
2023-12-21 00:00:00,9.0,92,0.0,3603.2913175180975,0,3,12,0,0.0,6.0,9.1,3522.793955876247,3494.155175635132
2023-12-21 01:00:00,8.1,95,0.0,3453.4736945723,1,3,12,0,0.0,6.9,9.0,3477.978781262788,3674.9303774809896
2023-12-21 02:00:00,8.5,94,0.0,3759.806202614901,2,3,12,0,0.0,6.5,8.1,3766.194236946369,3226.472475321412
2023-12-21 03:00:00,10.6,86,137.9,3228.3363596342933,3,3,12,0,0.0,4.4,8.5,3635.4432297552007,3366.1165420750517
2023-12-21 04:00:00,13.2,76,252.5,3329.6547791804555,4,3,12,0,0.0,1.8000000000000007,10.6,2886.6992159597726,2965.7353605723315
2023-12-21 05:00:00,15.9,67,398.1,3443.048781207637,5,3,12,0,0.0,0.0,13.2,3382.952891003628,3312.3554759495432
2023-12-21 06:00:00,18.6,57,634.5,3439.9766244060124,6,3,12,0,0.0,0.0,15.9,3475.824292141476,3465.4212914859636
2023-12-21 07:00:00,20.3,50,686.4,3656.10413523256,7,3,12,0,0.0,0.0,18.6,3577.8919086991204,3720.2365355179227
2023-12-21 08:00:00,21.2,47,676.1,4111.4229220678135,8,3,12,0,0.0,0.0,20.3,3856.025868100345,3549.0336620794715
2023-12-21 09:00:00,21.6,45,642.8,4069.232447219812,9,3,12,0,0.0,0.0,21.2,4060.9178575904575,3919.3401827737125
2023-12-21 10:00:00,21.3,44,555.0,4278.396322948145,10,3,12,0,0.0,0.0,21.6,4108.797382847657,4265.341810498871
2023-12-21 11:00:00,20.2,49,383.8,4302.485839310999,11,3,12,0,0.0,0.0,21.3,4157.916025722162,4286.538543885909
2023-12-21 12:00:00,17.0,60,99.1,4582.467326002997,12,3,12,0,0.0,0.0,20.2,4369.32608659937,4317.308397210125
2023-12-21 13:00:00,16.3,65,0.0,4497.300775486959,13,3,12,0,0.0,0.0,17.0,4389.07002477006,4298.656971680486
2023-12-21 14:00:00,15.1,70,0.0,4239.508826826246,14,3,12,0,0.0,0.0,16.3,4125.293137828902,4091.00983649107
2023-12-21 15:00:00,13.9,76,0.0,4174.263143492808,15,3,12,0,0.0,1.0999999999999996,15.1,4195.180069172493,4050.9249824147414
2023-12-21 16:00:00,12.4,83,0.0,4035.448116134345,16,3,12,0,0.0,2.5999999999999996,13.9,3943.688057996837,3820.3246500759415
2023-12-21 17:00:00,11.4,88,0.0,4052.500284957292,17,3,12,0,0.0,3.5999999999999996,12.4,4118.449147930392,4054.7220217374015
2023-12-21 18:00:00,10.8,89,0.0,4038.403030461877,18,3,12,0,0.0,4.199999999999999,11.4,3750.520778776273,3711.0926240024955
2023-12-21 19:00:00,10.2,91,0.0,3764.021515226445,19,3,12,0,0.0,4.800000000000001,10.8,3611.590538252306,3805.5746019062726
2023-12-21 20:00:00,9.6,92,0.0,3740.9044977665294,20,3,12,0,0.0,5.4,10.2,3618.812527687289,3550.7538962870462
2023-12-21 21:00:00,8.9,93,0.0,3603.6624131849608,21,3,12,0,0.0,6.1,9.6,3840.433278422105,3422.2427270445796
2023-12-21 22:00:00,8.6,94,0.0,3516.7291527071225,22,3,12,0,0.0,6.4,8.9,3156.255587552055,3547.9375973106125
2023-12-21 23:00:00,8.0,95,0.0,3685.284027804758,23,3,12,0,0.0,7.0,8.6,3322.223936402471,3618.52135749928
2023-12-22 00:00:00,8.1,95,0.0,3494.767698245515,0,4,12,0,0.0,6.9,8.0,3603.2913175180975,3714.3041745487517
2023-12-22 01:00:00,7.5,96,0.0,3847.655173940176,1,4,12,0,0.0,7.5,8.1,3453.4736945723,3747.0661078393236
2023-12-22 02:00:00,7.1,97,0.0,4011.912338014943,2,4,12,0,0.0,7.9,7.5,3759.806202614901,3437.328241526417
2023-12-22 03:00:00,9.8,90,245.5,3321.994818912241,3,4,12,0,0.0,5.199999999999999,7.1,3228.3363596342933,3486.566476426748
2023-12-22 04:00:00,13.0,79,458.2,3372.587113647909,4,4,12,0,0.0,2.0,9.8,3329.6547791804555,3356.141366299812
2023-12-22 05:00:00,16.0,69,567.5,3270.166632664984,5,4,12,0,0.0,0.0,13.0,3443.048781207637,3208.191189073353
2023-12-22 06:00:00,18.3,59,638.7,3447.2000694667163,6,4,12,0,0.0,0.0,16.0,3439.9766244060124,3417.085721757767
2023-12-22 07:00:00,19.9,50,681.7,3664.068834128752,7,4,12,0,0.0,0.0,18.3,3656.10413523256,3650.30149750781
2023-12-22 08:00:00,20.9,45,700.8,4009.8380909999582,8,4,12,0,0.0,0.0,19.9,4111.4229220678135,3707.2226900111455
2023-12-22 09:00:00,21.4,44,638.3,4259.384436883968,9,4,12,0,0.0,0.0,20.9,4069.232447219812,3923.876585047357
2023-12-22 10:00:00,21.5,44,570.1,4294.948144680355,10,4,12,0,0.0,0.0,21.4,4278.396322948145,4317.71466442043
2023-12-22 11:00:00,20.4,52,367.0,4392.603100024074,11,4,12,0,0.0,0.0,21.5,4302.485839310999,4293.979987662817
2023-12-22 12:00:00,16.7,66,116.4,4150.477468662792,12,4,12,0,0.0,0.0,20.4,4582.467326002997,4334.760476016322
2023-12-22 13:00:00,16.6,69,0.0,4317.230800716076,13,4,12,0,0.0,0.0,16.7,4497.300775486959,4328.330527548787
2023-12-22 14:00:00,15.2,75,0.0,4329.056410009978,14,4,12,0,0.0,0.0,16.6,4239.508826826246,4153.955044569771
2023-12-22 15:00:00,13.8,83,0.0,4158.555631922198,15,4,12,0,0.0,1.1999999999999993,15.2,4174.263143492808,4109.2988575750005
2023-12-22 16:00:00,14.3,80,0.0,3864.658065933024,16,4,12,0,0.0,0.6999999999999993,13.8,4035.448116134345,3851.7324137466994
2023-12-22 17:00:00,15.1,76,0.0,3623.009817562276,17,4,12,0,0.0,0.0,14.3,4052.500284957292,3714.1660994795193
2023-12-22 18:00:00,12.3,87,0.0,3979.548047147706,18,4,12,0,0.0,2.6999999999999993,15.1,4038.403030461877,3615.4439531607413
2023-12-22 19:00:00,11.4,90,0.0,3762.5089110458,19,4,12,0,0.0,3.5999999999999996,12.3,3764.021515226445,3553.1037271518594
2023-12-22 20:00:00,11.1,91,0.0,3466.2952654940577,20,4,12,0,0.0,3.9000000000000004,11.4,3740.9044977665294,3471.5390641238873
2023-12-22 21:00:00,11.1,92,0.0,3144.248044934796,21,4,12,0,0.0,3.9000000000000004,11.1,3603.6624131849608,3265.8051857938817
2023-12-22 22:00:00,11.3,91,0.0,3117.571152593446,22,4,12,0,0.0,3.6999999999999993,11.1,3516.7291527071225,3119.9108469919092
2023-12-22 23:00:00,12.6,85,0.0,2767.426396428365,23,4,12,0,0.0,2.4000000000000004,11.3,3685.284027804758,3084.794342985501
2023-12-23 00:00:00,11.9,91,0.0,3087.825228344749,0,5,12,1,0.0,3.0999999999999996,12.6,3494.767698245515,3061.179944048105
2023-12-23 01:00:00,12.3,88,0.0,2656.261591688696,1,5,12,1,0.0,2.6999999999999993,11.9,3847.655173940176,3066.5774839760397
2023-12-23 02:00:00,11.5,88,0.0,3193.867716121659,2,5,12,1,0.0,3.5,12.3,4011.912338014943,3164.1953958268623
2023-12-23 03:00:00,13.2,84,227.8,3015.297234226873,3,5,12,1,0.0,1.8000000000000007,11.5,3321.994818912241,2919.8773727985945
2023-12-23 04:00:00,15.9,75,435.4,3168.089426106899,4,5,12,1,0.0,0.0,13.2,3372.587113647909,3248.1643977053395
2023-12-23 05:00:00,18.3,67,570.7,3267.576056070984,5,5,12,1,0.0,0.0,15.9,3270.166632664984,3326.090238509787
2023-12-23 06:00:00,19.9,59,648.1,3632.792324492425,6,5,12,1,0.0,0.0,18.3,3447.2000694667163,3439.2671317380336
2023-12-23 07:00:00,21.0,53,673.6,3872.7593618187248,7,5,12,1,0.0,0.0,19.9,3664.068834128752,3650.8644896680953
2023-12-23 08:00:00,21.7,48,667.1,3877.4661154453006,8,5,12,1,0.0,0.0,21.0,4009.8380909999582,3621.5264040661564
2023-12-23 09:00:00,22.1,46,628.1,3922.612189492512,9,5,12,1,0.10000000000000142,0.0,21.7,4259.384436883968,4201.818184646521
2023-12-23 10:00:00,21.9,45,542.7,4262.00280076502,10,5,12,1,0.0,0.0,22.1,4294.948144680355,4397.140855562282
2023-12-23 11:00:00,21.0,50,383.6,4227.608328933978,11,5,12,1,0.0,0.0,21.9,4392.603100024074,4388.01725999213
2023-12-23 12:00:00,16.8,68,133.3,4483.953087933677,12,5,12,1,0.0,0.0,21.0,4150.477468662792,4291.479630542328
2023-12-23 13:00:00,17.3,68,0.0,4381.749846378409,13,5,12,1,0.0,0.0,16.8,4317.230800716076,4330.568242359686
2023-12-23 14:00:00,19.1,60,0.0,4333.7445377076,14,5,12,1,0.0,0.0,17.3,4329.056410009978,4185.019866015154
2023-12-23 15:00:00,18.2,64,0.0,4051.2434512641626,15,5,12,1,0.0,0.0,19.1,4158.555631922198,4011.077990436511
2023-12-23 16:00:00,16.0,74,0.0,4089.471325939573,16,5,12,1,0.0,0.0,18.2,3864.658065933024,3806.3674016650752
2023-12-23 17:00:00,15.5,77,0.0,3553.853892025243,17,5,12,1,0.0,0.0,16.0,3623.009817562276,3728.454565646833
2023-12-23 18:00:00,15.3,77,0.0,3515.4768577988416,18,5,12,1,0.0,0.0,15.5,3979.548047147706,3474.1522823793407
2023-12-23 19:00:00,15.1,78,0.0,3369.6850242605365,19,5,12,1,0.0,0.0,15.3,3762.5089110458,3396.709566401682
2023-12-23 20:00:00,11.0,94,0.0,3607.965644431994,20,5,12,1,0.0,4.0,15.1,3466.2952654940577,3255.599185589988
2023-12-23 21:00:00,10.6,95,0.0,3574.6392277217165,21,5,12,1,0.0,4.4,11.0,3144.248044934796,3299.6718322550664
2023-12-23 22:00:00,12.6,89,0.0,2981.643335927985,22,5,12,1,0.0,2.4000000000000004,10.6,3117.571152593446,3146.873328286363
2023-12-23 23:00:00,12.7,88,0.0,2752.9625487764406,23,5,12,1,0.0,2.3000000000000007,12.6,2767.426396428365,3155.7641708938254
2023-12-24 00:00:00,12.5,88,0.0,2964.0219395907698,0,6,12,1,0.0,2.5,12.7,3087.825228344749,2975.5980951547167
2023-12-24 01:00:00,11.1,92,0.0,3063.7894526750806,1,6,12,1,0.0,3.9000000000000004,12.5,2656.261591688696,3030.2034338436524
2023-12-24 02:00:00,9.7,95,0.0,3495.980082434473,2,6,12,1,0.0,5.300000000000001,11.1,3193.867716121659,3218.8931136076194
2023-12-24 03:00:00,12.0,92,216.4,3329.6879989262425,3,6,12,1,0.0,3.0,9.7,3015.297234226873,3069.018588723324
2023-12-24 04:00:00,15.2,81,415.4,3189.254386682401,4,6,12,1,0.0,0.0,12.0,3168.089426106899,3191.428406266704
2023-12-24 05:00:00,18.5,68,584.6,3464.634982542306,5,6,12,1,0.0,0.0,15.2,3267.576056070984,3337.158300595055
2023-12-24 06:00:00,20.6,58,650.4,3536.5954367289914,6,6,12,1,0.0,0.0,18.5,3632.792324492425,3451.4766834430384
2023-12-24 07:00:00,21.9,52,653.9,3875.566624413769,7,6,12,1,0.0,0.0,20.6,3872.7593618187248,3414.961348919846
2023-12-24 08:00:00,22.6,48,678.2,3868.177265214005,8,6,12,1,0.6000000000000014,0.0,21.9,3877.4661154453006,3610.9369545736577
2023-12-24 09:00:00,22.9,46,636.3,4076.225697887512,9,6,12,1,0.8999999999999986,0.0,22.6,3922.612189492512,3877.9358830678125
2023-12-24 10:00:00,22.7,46,548.2,4382.592458282578,10,6,12,1,0.6999999999999993,0.0,22.9,4262.00280076502,4448.345739494818
2023-12-24 11:00:00,21.7,51,385.1,4278.238146112654,11,6,12,1,0.0,0.0,22.7,4227.608328933978,4363.862647939269
2023-12-24 12:00:00,17.5,69,141.2,4346.814025717183,12,6,12,1,0.0,0.0,21.7,4483.953087933677,4294.426799714147
2023-12-24 13:00:00,17.3,74,0.0,4155.319938884212,13,6,12,1,0.0,0.0,17.5,4381.749846378409,4305.023983257783
2023-12-24 14:00:00,16.5,78,0.0,4353.130291067246,14,6,12,1,0.0,0.0,17.3,4333.7445377076,4207.9197726296625
2023-12-24 15:00:00,15.6,82,0.0,4130.979955025762,15,6,12,1,0.0,0.0,16.5,4051.2434512641626,4014.82193230963
2023-12-24 16:00:00,14.7,86,0.0,4006.670502100676,16,6,12,1,0.0,0.3000000000000007,15.6,4089.471325939573,3905.668383928261
2023-12-24 17:00:00,13.3,90,0.0,4071.460558919629,17,6,12,1,0.0,1.6999999999999993,14.7,3553.853892025243,3723.2126005320724
2023-12-24 18:00:00,12.2,92,0.0,3727.880374463378,18,6,12,1,0.0,2.8000000000000007,13.3,3515.4768577988416,3693.6300202276425
2023-12-24 19:00:00,12.2,91,0.0,3534.4233843496045,19,6,12,1,0.0,2.8000000000000007,12.2,3369.6850242605365,3387.9885019046515
2023-12-24 20:00:00,11.9,92,0.0,3314.73021341499,20,6,12,1,0.0,3.0999999999999996,12.2,3607.965644431994,3282.92667270301
2023-12-24 21:00:00,11.5,93,0.0,3134.3900234544944,21,6,12,1,0.0,3.5,11.9,3574.6392277217165,3167.9565644285212
2023-12-24 22:00:00,11.2,94,0.0,3276.4950483678776,22,6,12,1,0.0,3.8000000000000007,11.5,2981.643335927985,3149.1428747065484
2023-12-24 23:00:00,11.0,94,0.0,3180.9066076771537,23,6,12,1,0.0,4.0,11.2,2752.9625487764406,3099.1738969885446
2023-12-25 00:00:00,10.9,94,0.0,3159.360520137774,0,0,12,0,0.0,4.1,11.0,2964.0219395907698,3054.8346254465
2023-12-25 01:00:00,10.7,95,0.0,3154.9545903012,1,0,12,0,0.0,4.300000000000001,10.9,3063.7894526750806,3124.836054847426
2023-12-25 02:00:00,10.7,95,0.0,3401.7314738875166,2,0,12,0,0.0,4.300000000000001,10.7,3495.980082434473,3245.22581543605
2023-12-25 03:00:00,12.4,90,238.7,3371.654154021359,3,0,12,0,0.0,2.5999999999999996,10.7,3329.6879989262425,3141.7738394134863
2023-12-25 04:00:00,15.0,81,456.8,3096.3620202896054,4,0,12,0,0.0,0.0,12.4,3189.254386682401,3178.056630186137
2023-12-25 05:00:00,17.7,71,594.0,3096.0025532213813,5,0,12,0,0.0,0.0,15.0,3464.634982542306,3185.919243661271
2023-12-25 06:00:00,19.9,61,664.9,3373.4811047089493,6,0,12,0,0.0,0.0,17.7,3536.5954367289914,3466.1061064181254
2023-12-25 07:00:00,21.5,54,693.1,3588.841131686162,7,0,12,0,0.0,0.0,19.9,3875.566624413769,3364.3245530390814
2023-12-25 08:00:00,22.4,50,689.2,4010.643660910635,8,0,12,0,0.3999999999999986,0.0,21.5,3868.177265214005,3566.4402901815024
2023-12-25 09:00:00,22.9,48,648.1,4286.771091091905,9,0,12,0,0.8999999999999986,0.0,22.4,4076.225697887512,4046.377611393896
2023-12-25 10:00:00,22.8,47,560.5,4770.844398398289,10,0,12,0,0.8000000000000007,0.0,22.9,4382.592458282578,4382.415011947828
2023-12-25 11:00:00,21.9,51,397.5,4040.168396225091,11,0,12,0,0.0,0.0,22.8,4278.238146112654,4318.377103353656
2023-12-25 12:00:00,17.6,70,148.9,4349.392370813495,12,0,12,0,0.0,0.0,21.9,4346.814025717183,4372.6714146240965
2023-12-25 13:00:00,16.9,75,0.0,4174.705185273293,13,0,12,0,0.0,0.0,17.6,4155.319938884212,4289.3231158886365
2023-12-25 14:00:00,15.8,79,0.0,4390.151301273134,14,0,12,0,0.0,0.0,16.9,4353.130291067246,4178.114817716785
2023-12-25 15:00:00,14.9,84,0.0,4326.321507238054,15,0,12,0,0.0,0.09999999999999964,15.8,4130.979955025762,4060.619639543727
2023-12-25 16:00:00,14.0,87,0.0,4128.816742004374,16,0,12,0,0.0,1.0,14.9,4006.670502100676,3829.8561067643755
2023-12-25 17:00:00,13.2,89,0.0,3965.768430252132,17,0,12,0,0.0,1.8000000000000007,14.0,4071.460558919629,3745.967281948865
2023-12-25 18:00:00,12.5,90,0.0,3491.5848653304506,18,0,12,0,0.0,2.5,13.2,3727.880374463378,3580.01840937635
2023-12-25 19:00:00,11.8,92,0.0,3773.397264829145,19,0,12,0,0.0,3.1999999999999993,12.5,3534.4233843496045,3590.365843158984
2023-12-25 20:00:00,11.3,93,0.0,3585.16846515033,20,0,12,0,0.0,3.6999999999999993,11.8,3314.73021341499,3390.0180330929334
2023-12-25 21:00:00,10.8,94,0.0,3458.78436443359,21,0,12,0,0.0,4.199999999999999,11.3,3134.3900234544944,3304.601116631369
2023-12-25 22:00:00,10.1,94,0.0,3617.799236253518,22,0,12,0,0.0,4.9,10.8,3276.4950483678776,3307.813229364544
2023-12-25 23:00:00,9.5,95,0.0,3510.7524514846355,23,0,12,0,0.0,5.5,10.1,3180.9066076771537,3545.6781531601546
2023-12-26 00:00:00,9.6,95,0.0,3232.718898993396,0,1,12,0,0.0,5.4,9.5,3159.360520137774,3384.8529665816077
2023-12-26 01:00:00,10.0,94,0.0,3138.370637342036,1,1,12,0,0.0,5.0,9.6,3154.9545903012,3346.406539048511
2023-12-26 02:00:00,9.7,95,0.0,3316.588276523292,2,1,12,0,0.0,5.300000000000001,10.0,3401.7314738875166,3380.209235862631
2023-12-26 03:00:00,11.8,89,144.4,3527.466709902758,3,1,12,0,0.0,3.1999999999999993,9.7,3371.654154021359,3332.4384577267238
2023-12-26 04:00:00,15.0,78,377.7,3307.617002974955,4,1,12,0,0.0,0.0,11.8,3096.3620202896054,3111.51590050478
2023-12-26 05:00:00,17.7,67,468.1,3173.9993658942158,5,1,12,0,0.0,0.0,15.0,3096.0025532213813,3256.0523795616527
2023-12-26 06:00:00,19.9,58,592.4,3757.0780745821503,6,1,12,0,0.0,0.0,17.7,3373.4811047089493,3449.8884079749273
2023-12-26 07:00:00,21.4,52,607.6,3833.4923548634433,7,1,12,0,0.0,0.0,19.9,3588.841131686162,3805.2963755399164
2023-12-26 08:00:00,22.3,47,529.2,3965.425748703125,8,1,12,0,0.3000000000000007,0.0,21.4,4010.643660910635,3640.833654971737
2023-12-26 09:00:00,22.7,44,499.0,4129.2928587167535,9,1,12,0,0.6999999999999993,0.0,22.3,4286.771091091905,4198.315109078121
2023-12-26 10:00:00,22.5,45,400.4,4305.982720731425,10,1,12,0,0.5,0.0,22.7,4770.844398398289,4359.098368230493
2023-12-26 11:00:00,21.5,52,326.2,4164.242417281583,11,1,12,0,0.0,0.0,22.5,4040.168396225091,4098.437973423534
2023-12-26 12:00:00,18.4,64,121.6,4364.08082704071,12,1,12,0,0.0,0.0,21.5,4349.392370813495,4356.358870389002
2023-12-26 13:00:00,16.6,73,0.0,4314.868368794141,13,1,12,0,0.0,0.0,18.4,4174.705185273293,4319.28997920699
2023-12-26 14:00:00,17.0,71,0.0,4155.945067889786,14,1,12,0,0.0,0.0,16.6,4390.151301273134,4146.5534675910885
2023-12-26 15:00:00,16.4,73,0.0,3767.26320387472,15,1,12,0,0.0,0.0,17.0,4326.321507238054,4042.673793251605
2023-12-26 16:00:00,15.4,77,0.0,3970.42783974258,16,1,12,0,0.0,0.0,16.4,4128.816742004374,3884.506033545456
2023-12-26 17:00:00,14.3,80,0.0,3914.601274046214,17,1,12,0,0.0,0.6999999999999993,15.4,3965.768430252132,3628.735727264235
2023-12-26 18:00:00,13.2,83,0.0,3844.664195134925,18,1,12,0,0.0,1.8000000000000007,14.3,3491.5848653304506,3683.917641684698
2023-12-26 19:00:00,11.2,90,0.0,3665.862211304097,19,1,12,0,0.0,3.8000000000000007,13.2,3773.397264829145,3559.550632946721
2023-12-26 20:00:00,10.9,90,0.0,3522.8751487072627,20,1,12,0,0.0,4.1,11.2,3585.16846515033,3364.427813434868
2023-12-26 21:00:00,12.4,84,0.0,3090.8681624973865,21,1,12,0,0.0,2.5999999999999996,10.9,3458.78436443359,3193.695996265398
2023-12-26 22:00:00,10.4,90,0.0,3580.704398595815,22,1,12,0,0.0,4.6,12.4,3617.799236253518,3167.036376871015
2023-12-26 23:00:00,9.6,93,0.0,3438.731696863515,23,1,12,0,0.0,5.4,10.4,3510.7524514846355,3404.5858014268124
2023-12-27 00:00:00,9.2,93,0.0,3898.044150139903,0,2,12,0,0.0,5.800000000000001,9.6,3232.718898993396,3553.5307858377496
2023-12-27 01:00:00,8.5,95,0.0,3599.9424140249307,1,2,12,0,0.0,6.5,9.2,3138.370637342036,3517.373899776169
2023-12-27 02:00:00,8.7,96,0.0,3330.391846478998,2,2,12,0,0.0,6.300000000000001,8.5,3316.588276523292,3581.4919726656367
2023-12-27 03:00:00,10.9,92,221.9,3454.723302894381,3,2,12,0,0.0,4.1,8.7,3527.466709902758,3380.751703245939
2023-12-27 04:00:00,14.2,80,447.0,3389.224347538861,4,2,12,0,0.0,0.8000000000000007,10.9,3307.617002974955,3257.4214965677506
2023-12-27 05:00:00,17.0,69,586.8,3541.8646155456013,5,2,12,0,0.0,0.0,14.2,3173.9993658942158,3301.4584451485266
2023-12-27 06:00:00,19.0,61,659.9,3423.260799364932,6,2,12,0,0.0,0.0,17.0,3757.0780745821503,3335.63524897232
2023-12-27 07:00:00,20.4,56,690.8,3533.590088002735,7,2,12,0,0.0,0.0,19.0,3833.4923548634433,3420.869890789487
2023-12-27 08:00:00,21.2,53,687.5,3871.914104634445,8,2,12,0,0.0,0.0,20.4,3965.425748703125,3610.305994251167
2023-12-27 09:00:00,21.7,51,645.4,4098.4310886279245,9,2,12,0,0.0,0.0,21.2,4129.2928587167535,4143.011233329169
2023-12-27 10:00:00,21.6,52,547.4,4045.005013081054,10,2,12,0,0.0,0.0,21.7,4305.982720731425,4264.283099319025
2023-12-27 11:00:00,20.8,55,392.5,4094.682571294492,11,2,12,0,0.0,0.0,21.6,4164.242417281583,4301.532776352283
2023-12-27 12:00:00,16.6,74,146.4,4352.955203706309,12,2,12,0,0.0,0.0,20.8,4364.08082704071,4345.3734436575205
2023-12-27 13:00:00,14.6,86,0.0,4342.21347527389,13,2,12,0,0.0,0.40000000000000036,16.6,4314.868368794141,4335.221970300899
2023-12-27 14:00:00,13.9,88,0.0,4254.841681237789,14,2,12,0,0.0,1.0999999999999996,14.6,4155.945067889786,4147.552693864715
2023-12-27 15:00:00,13.6,89,0.0,3941.656729528765,15,2,12,0,0.0,1.4000000000000004,13.9,3767.26320387472,3856.2148233058356
2023-12-27 16:00:00,12.9,91,0.0,4284.430282651359,16,2,12,0,0.0,2.0999999999999996,13.6,3970.42783974258,3837.7427913049264
2023-12-27 17:00:00,12.5,92,0.0,4045.464096867785,17,2,12,0,0.0,2.5,12.9,3914.601274046214,3654.9725455151347
2023-12-27 18:00:00,12.2,92,0.0,3648.0877683521626,18,2,12,0,0.0,2.8000000000000007,12.5,3844.664195134925,3593.4796217285552
2023-12-27 19:00:00,11.9,93,0.0,3741.594248847052,19,2,12,0,0.0,3.0999999999999996,12.2,3665.862211304097,3591.816324667987
2023-12-27 20:00:00,11.6,94,0.0,3372.4578092886945,20,2,12,0,0.0,3.4000000000000004,11.9,3522.8751487072627,3295.3093682637727
2023-12-27 21:00:00,11.3,95,0.0,3322.663212406499,21,2,12,0,0.0,3.6999999999999993,11.6,3090.8681624973865,3255.7338065011786
2023-12-27 22:00:00,10.8,96,0.0,3498.56142822942,22,2,12,0,0.0,4.199999999999999,11.3,3580.704398595815,3219.947939723622
2023-12-27 23:00:00,10.3,97,0.0,3472.153645239451,23,2,12,0,0.0,4.699999999999999,10.8,3438.731696863515,3331.57659640457
2023-12-28 00:00:00,9.8,98,0.0,3195.4164297816133,0,3,12,0,0.0,5.199999999999999,10.3,3898.044150139903,3147.976031355231
2023-12-28 01:00:00,9.9,99,0.0,3423.4459867192763,1,3,12,0,0.0,5.1,9.8,3599.9424140249307,3279.1965835181873
2023-12-28 02:00:00,9.7,99,0.0,3322.2460381892424,2,3,12,0,0.0,5.300000000000001,9.9,3330.391846478998,3387.5105742767496
2023-12-28 03:00:00,10.7,98,90.8,3248.241800041084,3,3,12,0,0.0,4.300000000000001,9.7,3454.723302894381,3312.7806891250216
2023-12-28 04:00:00,11.8,96,84.0,3358.43096485088,4,3,12,0,0.0,3.1999999999999993,10.7,3389.224347538861,3390.407828366984
2023-12-28 05:00:00,14.5,85,290.4,3296.601152641712,5,3,12,0,0.0,0.5,11.8,3541.8646155456013,3312.3424191431945
2023-12-28 06:00:00,17.1,74,624.4,3454.628721126303,6,3,12,0,0.0,0.0,14.5,3423.260799364932,3465.859915211614
2023-12-28 07:00:00,19.1,64,698.4,3701.81640783939,7,3,12,0,0.0,0.0,17.1,3533.590088002735,3678.562898188441
2023-12-28 08:00:00,20.3,57,699.7,3705.900234493709,8,3,12,0,0.0,0.0,19.1,3871.914104634445,3648.6144314085254
2023-12-28 09:00:00,20.9,55,660.4,4213.7324438268015,9,3,12,0,0.0,0.0,20.3,4098.4310886279245,4082.635288643073
2023-12-28 10:00:00,20.8,55,573.0,4421.00861584973,10,3,12,0,0.0,0.0,20.9,4045.005013081054,4157.191338290901
2023-12-28 11:00:00,20.0,61,411.2,4326.779811155415,11,3,12,0,0.0,0.0,20.8,4094.682571294492,4302.655223983332
2023-12-28 12:00:00,16.2,81,162.2,4355.602204523626,12,3,12,0,0.0,0.0,20.0,4352.955203706309,4326.436189760863
2023-12-28 13:00:00,13.4,89,0.0,4215.822250095298,13,3,12,0,0.0,1.5999999999999996,16.2,4342.21347527389,4405.335708687015
2023-12-28 14:00:00,12.4,92,0.0,4308.467995760595,14,3,12,0,0.0,2.5999999999999996,13.4,4254.841681237789,4364.7951033718355
2023-12-28 15:00:00,12.9,89,0.0,4282.891420944588,15,3,12,0,0.0,2.0999999999999996,12.4,3941.656729528765,3955.330185493747
2023-12-28 16:00:00,14.3,85,0.0,4093.376704780223,16,3,12,0,0.0,0.6999999999999993,12.9,4284.430282651359,3916.963743603521
2023-12-28 17:00:00,13.5,88,0.0,3939.516770596246,17,3,12,0,0.0,1.5,14.3,4045.464096867785,3698.9206779815263
2023-12-28 18:00:00,12.5,92,0.0,3746.3191639885176,18,3,12,0,0.0,2.5,13.5,3648.0877683521626,3668.115992305602
2023-12-28 19:00:00,11.9,95,0.0,3504.095099793431,19,3,12,0,0.0,3.0999999999999996,12.5,3741.594248847052,3525.818803988352
2023-12-28 20:00:00,11.5,99,0.0,3245.6110455211697,20,3,12,0,0.0,3.5,11.9,3372.4578092886945,3370.885672797333
2023-12-28 21:00:00,10.7,100,0.0,3655.394762430351,21,3,12,0,0.0,4.300000000000001,11.5,3322.663212406499,3359.3280368610976
2023-12-28 22:00:00,9.0,100,0.0,3465.5145849325577,22,3,12,0,0.0,6.0,10.7,3498.56142822942,3497.2387277719727
2023-12-28 23:00:00,8.3,100,0.0,3448.109674736713,23,3,12,0,0.0,6.699999999999999,9.0,3472.153645239451,3600.9568271390085
2023-12-29 00:00:00,8.3,99,0.0,3407.925176667244,0,4,12,0,0.0,6.699999999999999,8.3,3195.4164297816133,3512.9079448396806
2023-12-29 01:00:00,9.0,97,0.0,3603.6200332764815,1,4,12,0,0.0,6.0,8.3,3423.4459867192763,3474.366989827805
2023-12-29 02:00:00,9.3,99,0.0,3512.723115666063,2,4,12,0,0.0,5.699999999999999,9.0,3322.2460381892424,3602.5639020010635
2023-12-29 03:00:00,10.3,98,35.2,3528.3020952491142,3,4,12,0,0.0,4.699999999999999,9.3,3248.241800041084,3452.802222004038
2023-12-29 04:00:00,11.5,95,84.2,3590.4520135853754,4,4,12,0,0.0,3.5,10.3,3358.43096485088,3405.633313124854
2023-12-29 05:00:00,13.4,95,118.4,3363.850370672268,5,4,12,0,0.0,1.5999999999999996,11.5,3296.601152641712,3415.8409276351153
2023-12-29 06:00:00,16.2,82,195.1,3595.65816129141,6,4,12,0,0.0,0.0,13.4,3454.628721126303,3501.723080378421
2023-12-29 07:00:00,18.2,73,473.9,3874.886461375083,7,4,12,0,0.0,0.0,16.2,3701.81640783939,3588.726727695161
2023-12-29 08:00:00,19.4,66,611.0,3983.598175414207,8,4,12,0,0.0,0.0,18.2,3705.900234493709,3737.4894575632406
2023-12-29 09:00:00,20.1,62,583.5,4373.847826578077,9,4,12,0,0.0,0.0,19.4,4213.7324438268015,4116.8298549333385
2023-12-29 10:00:00,20.2,61,554.6,3990.611610285405,10,4,12,0,0.0,0.0,20.1,4421.00861584973,4256.951165373515
2023-12-29 11:00:00,19.7,63,390.6,4202.392442271378,11,4,12,0,0.0,0.0,20.2,4326.779811155415,4298.550768557168
2023-12-29 12:00:00,17.3,75,143.7,4304.748486820063,12,4,12,0,0.0,0.0,19.7,4355.602204523626,4308.99221793243
2023-12-29 13:00:00,15.5,79,0.0,4463.111466236222,13,4,12,0,0.0,0.0,17.3,4215.822250095298,4273.779211925668
2023-12-29 14:00:00,15.4,79,0.0,4234.713122898911,14,4,12,0,0.0,0.0,15.5,4308.467995760595,4159.977622178129
2023-12-29 15:00:00,13.9,85,0.0,4203.167818525095,15,4,12,0,0.0,1.0999999999999996,15.4,4282.891420944588,4071.136805492775
2023-12-29 16:00:00,11.7,94,0.0,4138.455395900811,16,4,12,0,0.0,3.3000000000000007,13.9,4093.376704780223,4114.168031948173
2023-12-29 17:00:00,10.7,98,0.0,4218.646197776614,17,4,12,0,0.0,4.300000000000001,11.7,3939.516770596246,3905.7563005369616
2023-12-29 18:00:00,9.3,100,0.0,3876.776927858015,18,4,12,0,0.0,5.699999999999999,10.7,3746.3191639885176,3786.123231543521
2023-12-29 19:00:00,9.0,100,0.0,3994.804870736956,19,4,12,0,0.0,6.0,9.3,3504.095099793431,3818.6425688693835
2023-12-29 20:00:00,9.0,100,0.0,3653.135758447097,20,4,12,0,0.0,6.0,9.0,3245.6110455211697,3621.001782601658
2023-12-29 21:00:00,9.0,100,0.0,3540.9469430365784,21,4,12,0,0.0,6.0,9.0,3655.394762430351,3561.0153939525753
2023-12-29 22:00:00,9.2,100,0.0,3296.02186293836,22,4,12,0,0.0,5.800000000000001,9.0,3465.5145849325577,3555.7323195223544
2023-12-29 23:00:00,9.2,100,0.0,3494.9495219049486,23,4,12,0,0.0,5.800000000000001,9.2,3448.109674736713,3569.662578750824
2023-12-30 00:00:00,9.5,100,0.0,3226.268802448129,0,5,12,1,0.0,5.5,9.2,3407.925176667244,3407.0438569637126
2023-12-30 01:00:00,9.5,99,0.0,3489.120411287482,1,5,12,1,0.0,5.5,9.5,3603.6200332764815,3349.7246906230666
2023-12-30 02:00:00,9.7,99,0.0,3329.5895500573165,2,5,12,1,0.0,5.300000000000001,9.5,3512.723115666063,3410.6852615577413
2023-12-30 03:00:00,10.4,98,21.3,3372.1970617594234,3,5,12,1,0.0,4.6,9.7,3528.3020952491142,3328.5958109699263
2023-12-30 04:00:00,11.4,97,46.9,3490.689158139324,4,5,12,1,0.0,3.5999999999999996,10.4,3590.4520135853754,3349.3926944137575
2023-12-30 05:00:00,13.1,92,79.7,3586.5983110179004,5,5,12,1,0.0,1.9000000000000004,11.4,3363.850370672268,3550.050968328189
2023-12-30 06:00:00,16.1,80,184.4,3706.7848681043774,6,5,12,1,0.0,0.0,13.1,3595.65816129141,3516.88855810652
2023-12-30 07:00:00,17.7,72,388.5,3814.9402530273433,7,5,12,1,0.0,0.0,16.1,3874.886461375083,3402.4618800540684
2023-12-30 08:00:00,18.5,69,362.6,4097.656871210185,8,5,12,1,0.0,0.0,17.7,3983.598175414207,3651.341139095068
2023-12-30 09:00:00,19.0,67,316.5,3950.7140429915,9,5,12,1,0.0,0.0,18.5,4373.847826578077,4172.5724407404305
2023-12-30 10:00:00,18.7,68,217.7,4002.0513385489535,10,5,12,1,0.0,0.0,19.0,3990.611610285405,4046.3955112367385
2023-12-30 11:00:00,18.1,70,91.6,4058.9282426315312,11,5,12,1,0.0,0.0,18.7,4202.392442271378,4298.807985610463
2023-12-30 12:00:00,15.9,82,16.8,4277.701363530075,12,5,12,1,0.0,0.0,18.1,4304.748486820063,4349.1458317026645
2023-12-30 13:00:00,13.1,92,0.0,4580.964573665737,13,5,12,1,0.0,1.9000000000000004,15.9,4463.111466236222,4394.837989600435
2023-12-30 14:00:00,12.2,95,0.0,4510.626313206558,14,5,12,1,0.0,2.8000000000000007,13.1,4234.713122898911,4396.006495270421
2023-12-30 15:00:00,11.7,95,0.0,4566.911682611607,15,5,12,1,0.0,3.3000000000000007,12.2,4203.167818525095,4266.739194429861
2023-12-30 16:00:00,11.1,96,0.0,4310.236568483751,16,5,12,1,0.0,3.9000000000000004,11.7,4138.455395900811,4209.336625679256
2023-12-30 17:00:00,10.1,98,0.0,4341.086289917069,17,5,12,1,0.0,4.9,11.1,4218.646197776614,4229.518298462848
2023-12-30 18:00:00,10.1,98,0.0,4058.194570181284,18,5,12,1,0.0,4.9,10.1,3876.776927858015,3764.216215735622
2023-12-30 19:00:00,9.4,100,0.0,3881.106208489923,19,5,12,1,0.0,5.6,10.1,3994.804870736956,3636.8700879639614
2023-12-30 20:00:00,9.0,100,0.0,3600.7161226733792,20,5,12,1,0.0,6.0,9.4,3653.135758447097,3648.3967711792666
2023-12-30 21:00:00,9.0,100,0.0,3793.643964181262,21,5,12,1,0.0,6.0,9.0,3540.9469430365784,3610.526301905342
2023-12-30 22:00:00,9.9,99,0.0,3368.540760980364,22,5,12,1,0.0,5.1,9.0,3296.02186293836,3586.235584110311
2023-12-30 23:00:00,9.7,100,0.0,3357.475526453563,23,5,12,1,0.0,5.300000000000001,9.9,3494.9495219049486,3430.722224349368
2023-12-31 00:00:00,9.5,100,0.0,3514.222554855651,0,6,12,1,0.0,5.5,9.7,3226.268802448129,3361.989999108322
2023-12-31 01:00:00,11.7,92,0.0,3213.9046810087234,1,6,12,1,0.0,3.3000000000000007,9.5,3489.120411287482,3228.005747020161
2023-12-31 02:00:00,12.0,91,0.0,2873.1481150033733,2,6,12,1,0.0,3.0,11.7,3329.5895500573165,3077.6948219896876
2023-12-31 03:00:00,12.9,88,28.5,3254.2768917097405,3,6,12,1,0.0,2.0999999999999996,12.0,3372.1970617594234,2949.085932038973
2023-12-31 04:00:00,14.0,77,128.3,2940.0231641940354,4,6,12,1,0.0,1.0,12.9,3490.689158139324,3226.88189088354
2023-12-31 05:00:00,15.1,72,353.4,3467.061427277264,5,6,12,1,0.0,0.0,14.0,3586.5983110179004,3274.0239027506614
2023-12-31 06:00:00,16.3,68,432.4,3568.391791247463,6,6,12,1,0.0,0.0,15.1,3706.7848681043774,3448.085942998744
2023-12-31 07:00:00,17.5,63,627.7,3875.500840289486,7,6,12,1,0.0,0.0,16.3,3814.9402530273433,3397.5728870080075
2023-12-31 08:00:00,18.3,60,672.8,3918.101404467648,8,6,12,1,0.0,0.0,17.5,4097.656871210185,3706.529379751573
2023-12-31 09:00:00,18.7,59,634.8,3851.041539967733,9,6,12,1,0.0,0.0,18.3,3950.7140429915,3876.539335383735
2023-12-31 10:00:00,18.7,58,552.1,4309.974687986413,10,6,12,1,0.0,0.0,18.7,4002.0513385489535,4071.9625295947085
2023-12-31 11:00:00,18.2,60,402.2,4264.78515054545,11,6,12,1,0.0,0.0,18.7,4058.9282426315312,4208.596218449752
2023-12-31 12:00:00,14.8,80,165.9,4079.5583932323775,12,6,12,1,0.0,0.1999999999999993,18.2,4277.701363530075,4320.980994888277
2023-12-31 13:00:00,13.7,76,0.0,4282.502996314529,13,6,12,1,0.0,1.3000000000000007,14.8,4580.964573665737,4368.560377224
2023-12-31 14:00:00,11.1,88,0.0,4261.361361991712,14,6,12,1,0.0,3.9000000000000004,13.7,4510.626313206558,4504.415635968016
2023-12-31 15:00:00,10.2,91,0.0,4438.606105775506,15,6,12,1,0.0,4.800000000000001,11.1,4566.911682611607,4758.668356263294
2023-12-31 16:00:00,9.3,94,0.0,4951.049062283371,16,6,12,1,0.0,5.699999999999999,10.2,4310.236568483751,4525.2134024136085
2023-12-31 17:00:00,8.4,96,0.0,4339.445843967988,17,6,12,1,0.0,6.6,9.3,4341.086289917069,4519.615447874697
2023-12-31 18:00:00,7.6,98,0.0,4662.989567634619,18,6,12,1,0.0,7.4,8.4,4058.194570181284,4045.6288587957706
2023-12-31 19:00:00,7.0,99,0.0,4648.470154603587,19,6,12,1,0.0,8.0,7.6,3881.106208489923,3834.393095177544
2023-12-31 20:00:00,6.8,100,0.0,4213.31033433399,20,6,12,1,0.0,8.2,7.0,3600.7161226733792,4142.387261179064
2023-12-31 21:00:00,6.8,100,0.0,4247.899488090542,21,6,12,1,0.0,8.2,6.8,3793.643964181262,3762.552287333957
2023-12-31 22:00:00,5.9,100,0.0,4042.960396636392,22,6,12,1,0.0,9.1,6.8,3368.540760980364,4048.8267846136646
2023-12-31 23:00:00,6.4,99,0.0,4031.537905565934,23,6,12,1,0.0,8.6,5.9,3357.475526453563,4059.8538858330485
